빌드 시작: 2026-04-30 오후 4:19:02
빌드 시작 환경:
DOTNET_CLI_TELEMETRY_SESSIONID = 822af62e-9fd6-4b33-8f38-b249d3d8e132
DOTNET_HOST_PATH = C:\Program Files\dotnet\dotnet.exe
MSBUILDUSESERVER = 0

로깅의 세부 정보 표시가 Diagnostic(으)로 설정되었습니다.16:19:02.470     0>프로세스 = "C:\Program Files\dotnet\dotnet.exe"
                   MSBuild 실행 파일 경로 = "C:\Program Files\dotnet\sdk\7.0.402\MSBuild.dll"
                   명령줄 인수 = "C:\Program Files\dotnet\sdk\7.0.402\MSBuild.dll -maxcpucount -verbosity:m -nologo -target:Restore -verbosity:diagnostic tools\FurnitureAuthoringTool\src\FurnitureAuthoring.Tool\FurnitureAuthoring.Tool.csproj /flp:logfile=e:\Unity\LH Editor_Refactoring\tools\FurnitureAuthoringTool\restore.log;verbosity=diagnostic -distributedlogger:Microsoft.DotNet.Tools.MSBuild.MSBuildLogger,C:\Program Files\dotnet\sdk\7.0.402\dotnet.dll*Microsoft.DotNet.Tools.MSBuild.MSBuildForwardingLogger,C:\Program Files\dotnet\sdk\7.0.402\dotnet.dll"
                   현재 디렉터리 = "E:\Unity\LH Editor_Refactoring"
                   MSBuild 버전 = "17.7.3+8ec440e68"
                   Evaluation 동안 로드된 어셈블리: Microsoft.Build.NuGetSdkResolver, Version=6.7.0.127, Culture=neutral, PublicKeyToken=31bf3856ad364e35(위치: C:\Program Files\dotnet\sdk\7.0.402\Microsoft.Build.NuGetSdkResolver.dll%1, MVID: c63c29cc-15bf-4df2-a7f3-b366061edb62%2, AppDomain: [Default]%2).
                   Evaluation 동안 로드된 어셈블리: System.IO.FileSystem, Version=7.0.0.0, Culture=neutral, PublicKeyToken=b03f5f7f11d50a3a(위치: C:\Program Files\dotnet\shared\Microsoft.NETCore.App\7.0.12\System.IO.FileSystem.dll%1, MVID: c4fe409f-f0c7-4419-8b90-289671003bc7%2, AppDomain: [Default]%2).
                   Evaluation 동안 로드된 어셈블리: Microsoft.NET.Sdk.WorkloadMSBuildSdkResolver, Version=7.0.402.0, Culture=neutral, PublicKeyToken=31bf3856ad364e35(위치: C:\Program Files\dotnet\sdk\7.0.402\Microsoft.NET.Sdk.WorkloadMSBuildSdkResolver.dll%1, MVID: 8b571781-4bec-46fd-bbf0-a272a156b221%2, AppDomain: [Default]%2).
                   SDK 'Microsoft.NET.Sdk'을(를) 확인하는 중...
                   Evaluation 동안 로드된 어셈블리: Microsoft.DotNet.Cli.Utils, Version=7.0.402.0, Culture=neutral, PublicKeyToken=adb9793829ddae60(위치: C:\Program Files\dotnet\sdk\7.0.402\Microsoft.DotNet.Cli.Utils.dll%1, MVID: 9bac4c20-8f39-4efa-a454-7d67e9d14be0%2, AppDomain: [Default]%2).
                   Evaluation 동안 로드된 어셈블리: Microsoft.NET.Sdk.WorkloadManifestReader, Version=7.0.402.0, Culture=neutral, PublicKeyToken=adb9793829ddae60(위치: C:\Program Files\dotnet\sdk\7.0.402\Microsoft.NET.Sdk.WorkloadManifestReader.dll%1, MVID: 67851e42-cb64-4d16-83dc-875e626a63ed%2, AppDomain: [Default]%2).
                   Evaluation 동안 로드된 어셈블리: Microsoft.Deployment.DotNet.Releases, Version=1.0.0.0, Culture=neutral, PublicKeyToken=31bf3856ad364e35(위치: C:\Program Files\dotnet\sdk\7.0.402\Microsoft.Deployment.DotNet.Releases.dll%1, MVID: 750c7bd1-cef6-418d-97db-eefca19619f7%2, AppDomain: [Default]%2).
                   Evaluation 동안 로드된 어셈블리: System.Text.Json, Version=7.0.0.0, Culture=neutral, PublicKeyToken=cc7b13ffcd2ddd51(위치: C:\Program Files\dotnet\shared\Microsoft.NETCore.App\7.0.12\System.Text.Json.dll%1, MVID: 92484205-37af-4b8e-9ca5-b897369fc8dd%2, AppDomain: [Default]%2).
                   Evaluation 동안 로드된 어셈블리: System.Numerics.Vectors, Version=7.0.0.0, Culture=neutral, PublicKeyToken=b03f5f7f11d50a3a(위치: C:\Program Files\dotnet\shared\Microsoft.NETCore.App\7.0.12\System.Numerics.Vectors.dll%1, MVID: 4b0060b4-8dcf-46be-91f0-de01e73c9e24%2, AppDomain: [Default]%2).
                   Evaluation 동안 로드된 어셈블리: Microsoft.Build.NuGetSdkResolver.resources, Version=6.0.0.278, Culture=ko, PublicKeyToken=31bf3856ad364e35, processorArchitecture=MSIL(위치: C:\Program Files\dotnet\sdk\7.0.402\ko\Microsoft.Build.NuGetSdkResolver.resources.dll%1, MVID: 7221c317-7939-418c-a8a4-87dd433f7afa%2, AppDomain: [Default]%2).
                   환경에서 값이 'MSBuildExtensionsPath'인 속성 'C:\Program Files\dotnet\sdk\7.0.402\'이(가) 확장되었습니다.
                   속성 재할당: $(MSBuildProjectExtensionsPath)=C:\Program Files\dotnet\sdk\7.0.402\Current\Microsoft.Common.props(60,5)의 "E:\Unity\LH Editor_Refactoring\tools\FurnitureAuthoringTool\src\FurnitureAuthoring.Tool\obj\"(이전 값: "obj\")
                   Evaluation 동안 로드된 어셈블리: System.Threading.Tasks.Parallel, Version=7.0.0.0, Culture=neutral, PublicKeyToken=b03f5f7f11d50a3a(위치: C:\Program Files\dotnet\shared\Microsoft.NETCore.App\7.0.12\System.Threading.Tasks.Parallel.dll%1, MVID: 3e558e86-300b-4067-9ac7-42d4046961ad%2, AppDomain: [Default]%2).
                   속성 재할당: $(AssemblySearchPaths)=C:\Program Files\dotnet\sdk\7.0.402\Sdks\Microsoft.NET.Sdk\targets\Microsoft.NET.Sdk.props(82,5)의 "{CandidateAssemblyFiles};{HintPathFromItem}"(이전 값: "{CandidateAssemblyFiles}")
                   속성 재할당: $(AssemblySearchPaths)=C:\Program Files\dotnet\sdk\7.0.402\Sdks\Microsoft.NET.Sdk\targets\Microsoft.NET.Sdk.props(83,5)의 "{CandidateAssemblyFiles};{HintPathFromItem};{TargetFrameworkDirectory}"(이전 값: "{CandidateAssemblyFiles};{HintPathFromItem}")
                   속성 재할당: $(AssemblySearchPaths)=C:\Program Files\dotnet\sdk\7.0.402\Sdks\Microsoft.NET.Sdk\targets\Microsoft.NET.Sdk.props(84,5)의 "{CandidateAssemblyFiles};{HintPathFromItem};{TargetFrameworkDirectory};{RawFileName}"(이전 값: "{CandidateAssemblyFiles};{HintPathFromItem};{TargetFrameworkDirectory}")
                   속성 재할당: $(PublishAotSupported)=C:\Program Files\dotnet\sdk\7.0.402\Sdks\Microsoft.NET.Sdk\targets\Microsoft.NET.Sdk.props(120,5)의 "true"(이전 값: "false")
                   SDK 'Microsoft.NET.SDK.WorkloadAutoImportPropsLocator'을(를) 확인하는 중...
                   SDK 'Microsoft.DotNet.ILCompiler'을(를) 확인하는 중...
                   SDK 'Microsoft.NET.ILLink.Tasks'을(를) 확인하는 중...
                   속성 재할당: $(TargetsForTfmSpecificContentInPackage)=C:\Program Files\dotnet\sdk\7.0.402\Sdks\Microsoft.NET.Sdk\targets\Microsoft.NET.PackProjectTool.props(15,5)의 ";PackTool;_PackProjectToolValidation"(이전 값: ";PackTool")
                   속성 재할당: $(OutputType)=E:\Unity\LH Editor_Refactoring\tools\FurnitureAuthoringTool\src\FurnitureAuthoring.Tool\FurnitureAuthoring.Tool.csproj(10,5)의 "WinExe"(이전 값: "Library")
                   속성 재할당: $(PublishProfileImported)=C:\Program Files\dotnet\sdk\7.0.402\Sdks\Microsoft.NET.Sdk\targets\Microsoft.NET.Sdk.ImportPublishProfile.targets(28,5)의 "false"(이전 값: "true")
                   Evaluation 동안 로드된 어셈블리: NuGet.Frameworks, Version=6.7.0.127, Culture=neutral, PublicKeyToken=31bf3856ad364e35(위치: C:\Program Files\dotnet\sdk\7.0.402\NuGet.Frameworks.dll%1, MVID: ded5044c-3469-437e-995e-f9973b4dbd3f%2, AppDomain: [Default]%2).
                   속성 재할당: $(TargetPlatformVersion)=C:\Program Files\dotnet\sdk\7.0.402\Sdks\Microsoft.NET.Sdk\targets\Microsoft.NET.TargetFrameworkInference.targets(64,5)의 "0.0"(이전 값: "0.0.0.0")
                   속성 재할당: $(TargetPlatformVersion)=C:\Program Files\dotnet\sdk\7.0.402\Sdks\Microsoft.NET.Sdk\targets\Microsoft.NET.TargetFrameworkInference.targets(65,5)의 ""(이전 값: "0.0")
                   속성 재할당: $(TargetPlatformIdentifier)=C:\Program Files\dotnet\sdk\7.0.402\Sdks\Microsoft.NET.Sdk\targets\Microsoft.NET.TargetFrameworkInference.targets(67,5)의 "Windows"(이전 값: "windows")
                   속성 재할당: $(DefaultItemExcludes)=C:\Program Files\dotnet\sdk\7.0.402\Sdks\Microsoft.NET.Sdk\targets\Microsoft.NET.TargetFrameworkInference.targets(247,5)의 ";bin\Debug\/**;obj\Debug\/**"(이전 값: ";bin\Debug\/**")
                   속성 재할당: $(IntermediateOutputPath)=C:\Program Files\dotnet\sdk\7.0.402\Sdks\Microsoft.NET.Sdk\targets\Microsoft.NET.TargetFrameworkInference.targets(266,5)의 "obj\Debug\net7.0-windows\"(이전 값: "obj\Debug\")
                   속성 재할당: $(OutputPath)=C:\Program Files\dotnet\sdk\7.0.402\Sdks\Microsoft.NET.Sdk\targets\Microsoft.NET.TargetFrameworkInference.targets(267,5)의 "bin\Debug\net7.0-windows\"(이전 값: "bin\Debug\")
                   SDK 'Microsoft.NET.SDK.WorkloadManifestTargetsLocator'을(를) 확인하는 중...
                   속성 재할당: $(_FrameworkIdentifierForImplicitDefine)=C:\Program Files\dotnet\sdk\7.0.402\Sdks\Microsoft.NET.Sdk\targets\Microsoft.NET.Sdk.BeforeCommon.targets(180,5)의 "NET"(이전 값: "NETCOREAPP")
                   속성 재할당: $(_FrameworkVersionForImplicitDefine)=C:\Program Files\dotnet\sdk\7.0.402\Sdks\Microsoft.NET.Sdk\targets\Microsoft.NET.Sdk.BeforeCommon.targets(185,5)의 "7_0"(이전 값: "7.0")
                   속성 재할당: $(CommandLineArgsForDesignTimeEvaluation)=C:\Program Files\dotnet\sdk\7.0.402\Roslyn\Microsoft.CSharp.Core.targets(192,5)의 "-langversion:11.0 -define:TRACE"(이전 값: "-langversion:11.0")
                   Evaluation 동안 로드된 어셈블리: Microsoft.Build.Utilities.Core, Version=15.1.0.0, Culture=neutral, PublicKeyToken=b03f5f7f11d50a3a(위치: C:\Program Files\dotnet\sdk\7.0.402\Microsoft.Build.Utilities.Core.dll%1, MVID: d0474d8e-c397-4567-95e4-83848e80fdd0%2, AppDomain: [Default]%2).
                   속성 재할당: $(_DebugSymbolsProduced)=C:\Program Files\dotnet\sdk\7.0.402\Microsoft.Common.CurrentVersion.targets(175,5)의 "true"(이전 값: "false")
                   속성 재할당: $(_DocumentationFileProduced)=C:\Program Files\dotnet\sdk\7.0.402\Microsoft.Common.CurrentVersion.targets(185,5)의 "false"(이전 값: "true")
                   속성 재할당: $(ProcessorArchitecture)=C:\Program Files\dotnet\sdk\7.0.402\Microsoft.Common.CurrentVersion.targets(529,5)의 "msil"(이전 값: "")
                   속성 재할당: $(DelaySign)=C:\Program Files\dotnet\sdk\7.0.402\Microsoft.Common.CurrentVersion.targets(568,5)의 ""(이전 값: "false")
                   환경에서 값이 'LOCALAPPDATA'인 속성 'C:\Users\LIMSOWAN\AppData\Local'이(가) 확장되었습니다.
                   속성 재할당: $(_SGenGenerateSerializationAssembliesConfig)=C:\Program Files\dotnet\sdk\7.0.402\Microsoft.Common.CurrentVersion.targets(3806,5)의 "Auto"(이전 값: "")
                   속성 재할당: $(_SGenGenerateSerializationAssembliesConfig)=C:\Program Files\dotnet\sdk\7.0.402\Microsoft.Common.CurrentVersion.targets(3807,5)의 "Off"(이전 값: "Auto")
                   속성 재할당: $(_TargetsThatPrepareProjectReferences)=C:\Program Files\dotnet\sdk\7.0.402\Microsoft.Common.CurrentVersion.targets(4944,5)의 "
                         AssignProjectConfiguration;
                         _SplitProjectReferencesByFileExistence
                       "(이전 값: "_SplitProjectReferencesByFileExistence")
                   환경에서 값이 'MSBuildExtensionsPath32'인 속성 'C:\Program Files\dotnet\sdk\7.0.402'이(가) 확장되었습니다.
                   속성 재할당: $(ProjectAssetsFile)=C:\Program Files\dotnet\sdk\7.0.402\Sdks\Microsoft.NET.Sdk\targets\Microsoft.PackageDependencyResolution.targets(24,5)의 "E:\Unity\LH Editor_Refactoring\tools\FurnitureAuthoringTool\src\FurnitureAuthoring.Tool\obj\project.assets.json"(이전 값: "E:\Unity\LH Editor_Refactoring\tools\FurnitureAuthoringTool\src\FurnitureAuthoring.Tool\obj\/project.assets.json")
                   속성 재할당: $(ProjectAssetsCacheFile)=C:\Program Files\dotnet\sdk\7.0.402\Sdks\Microsoft.NET.Sdk\targets\Microsoft.PackageDependencyResolution.targets(29,5)의 "E:\Unity\LH Editor_Refactoring\tools\FurnitureAuthoringTool\src\FurnitureAuthoring.Tool\obj\Debug\net7.0-windows\FurnitureAuthoring.Tool.assets.cache"(이전 값: "obj\Debug\net7.0-windows\FurnitureAuthoring.Tool.assets.cache")
                   속성 재할당: $(ResolveAssemblyReferencesDependsOn)=C:\Program Files\dotnet\sdk\7.0.402\Sdks\Microsoft.NET.Sdk\targets\Microsoft.PackageDependencyResolution.targets(80,5)의 "
                         
                         ResolveProjectReferences;
                         FindInvalidProjectReferences;
                         GetFrameworkPaths;
                         GetReferenceAssemblyPaths;
                         PrepareForBuild;
                         ResolveSDKReferences;
                         ExpandSDKReferences;
                       ;
                         ResolvePackageDependenciesForBuild;
                         _HandlePackageFileConflicts;
                       "(이전 값: "
                         ResolveProjectReferences;
                         FindInvalidProjectReferences;
                         GetFrameworkPaths;
                         GetReferenceAssemblyPaths;
                         PrepareForBuild;
                         ResolveSDKReferences;
                         ExpandSDKReferences;
                       ")
                   속성 재할당: $(PrepareResourcesDependsOn)=C:\Program Files\dotnet\sdk\7.0.402\Sdks\Microsoft.NET.Sdk\targets\Microsoft.PackageDependencyResolution.targets(86,5)의 "
                         ResolvePackageDependenciesForBuild;
                         _HandlePackageFileConflicts;
                         
                         ;
                         PrepareResourceNames;
                         ResGen;
                         CompileLicxFiles
                       
                       "(이전 값: "
                         ;
                         PrepareResourceNames;
                         ResGen;
                         CompileLicxFiles
                       ")
                   속성 재할당: $(DefaultItemExcludes)=C:\Program Files\dotnet\sdk\7.0.402\Sdks\Microsoft.NET.Sdk\targets\Microsoft.NET.Sdk.DefaultItems.targets(27,5)의 ";bin\Debug\/**;obj\Debug\/**;bin\/**"(이전 값: ";bin\Debug\/**;obj\Debug\/**")
                   속성 재할당: $(DefaultItemExcludes)=C:\Program Files\dotnet\sdk\7.0.402\Sdks\Microsoft.NET.Sdk\targets\Microsoft.NET.Sdk.DefaultItems.targets(29,5)의 ";bin\Debug\/**;obj\Debug\/**;bin\/**;obj\/**"(이전 값: ";bin\Debug\/**;obj\Debug\/**;bin\/**")
                   속성 재할당: $(DefaultItemExcludes)=C:\Program Files\dotnet\sdk\7.0.402\Sdks\Microsoft.NET.Sdk\targets\Microsoft.NET.Sdk.DefaultItems.targets(32,5)의 ";bin\Debug\/**;obj\Debug\/**;bin\/**;obj\/**;**/*.user"(이전 값: ";bin\Debug\/**;obj\Debug\/**;bin\/**;obj\/**")
                   속성 재할당: $(DefaultItemExcludes)=C:\Program Files\dotnet\sdk\7.0.402\Sdks\Microsoft.NET.Sdk\targets\Microsoft.NET.Sdk.DefaultItems.targets(33,5)의 ";bin\Debug\/**;obj\Debug\/**;bin\/**;obj\/**;**/*.user;**/*.*proj"(이전 값: ";bin\Debug\/**;obj\Debug\/**;bin\/**;obj\/**;**/*.user")
                   속성 재할당: $(DefaultItemExcludes)=C:\Program Files\dotnet\sdk\7.0.402\Sdks\Microsoft.NET.Sdk\targets\Microsoft.NET.Sdk.DefaultItems.targets(34,5)의 ";bin\Debug\/**;obj\Debug\/**;bin\/**;obj\/**;**/*.user;**/*.*proj;**/*.sln"(이전 값: ";bin\Debug\/**;obj\Debug\/**;bin\/**;obj\/**;**/*.user;**/*.*proj")
                   속성 재할당: $(DefaultItemExcludes)=C:\Program Files\dotnet\sdk\7.0.402\Sdks\Microsoft.NET.Sdk\targets\Microsoft.NET.Sdk.DefaultItems.targets(35,5)의 ";bin\Debug\/**;obj\Debug\/**;bin\/**;obj\/**;**/*.user;**/*.*proj;**/*.sln;**/*.vssscc"(이전 값: ";bin\Debug\/**;obj\Debug\/**;bin\/**;obj\/**;**/*.user;**/*.*proj;**/*.sln")
                   속성 재할당: $(ResolveAssemblyReferencesDependsOn)=C:\Program Files\dotnet\sdk\7.0.402\Sdks\Microsoft.NET.Sdk\targets\Microsoft.NET.Sdk.FrameworkReferenceResolution.targets(14,5)의 "
                         
                         
                         ResolveProjectReferences;
                         FindInvalidProjectReferences;
                         GetFrameworkPaths;
                         GetReferenceAssemblyPaths;
                         PrepareForBuild;
                         ResolveSDKReferences;
                         ExpandSDKReferences;
                       ;
                         ResolvePackageDependenciesForBuild;
                         _HandlePackageFileConflicts;
                       ;
                         ResolveTargetingPackAssets;
                       "(이전 값: "
                         
                         ResolveProjectReferences;
                         FindInvalidProjectReferences;
                         GetFrameworkPaths;
                         GetReferenceAssemblyPaths;
                         PrepareForBuild;
                         ResolveSDKReferences;
                         ExpandSDKReferences;
                       ;
                         ResolvePackageDependenciesForBuild;
                         _HandlePackageFileConflicts;
                       ")
                   속성 재할당: $(_GenerateRuntimeConfigurationPropertyInputsCache)=C:\Program Files\dotnet\sdk\7.0.402\Sdks\Microsoft.NET.Sdk\targets\Microsoft.NET.Sdk.targets(44,5)의 "E:\Unity\LH Editor_Refactoring\tools\FurnitureAuthoringTool\src\FurnitureAuthoring.Tool\obj\Debug\net7.0-windows\FurnitureAuthoring.Tool.genruntimeconfig.cache"(이전 값: "obj\Debug\net7.0-windows\FurnitureAuthoring.Tool.genruntimeconfig.cache")
                   속성 재할당: $(GenerateRuntimeConfigDevFile)=C:\Program Files\dotnet\sdk\7.0.402\Sdks\Microsoft.NET.Sdk\targets\Microsoft.NET.Sdk.targets(61,5)의 "false"(이전 값: "true")
                   환경에서 값이 'USERPROFILE'인 속성 'C:\Users\LIMSOWAN'이(가) 확장되었습니다.
                   속성 재할당: $(_DefaultUserProfileRuntimeStorePath)=C:\Program Files\dotnet\sdk\7.0.402\Sdks\Microsoft.NET.Sdk\targets\Microsoft.NET.Sdk.targets(77,5)의 "C:\Users\LIMSOWAN"(이전 값: "")
                   속성 재할당: $(_DefaultUserProfileRuntimeStorePath)=C:\Program Files\dotnet\sdk\7.0.402\Sdks\Microsoft.NET.Sdk\targets\Microsoft.NET.Sdk.targets(78,5)의 "C:\Users\LIMSOWAN\.dotnet\store"(이전 값: "C:\Users\LIMSOWAN")
                   속성 재할당: $(AvailablePlatforms)=C:\Program Files\dotnet\sdk\7.0.402\Sdks\Microsoft.NET.Sdk\targets\Microsoft.NET.Sdk.targets(112,5)의 "Any CPU,x86,x64,ARM32"(이전 값: "Any CPU,x86,x64")
                   속성 재할당: $(AvailablePlatforms)=C:\Program Files\dotnet\sdk\7.0.402\Sdks\Microsoft.NET.Sdk\targets\Microsoft.NET.Sdk.targets(116,5)의 "Any CPU,x86,x64,ARM32,ARM64"(이전 값: "Any CPU,x86,x64,ARM32")
                   속성 재할당: $(CoreBuildDependsOn)=C:\Program Files\dotnet\sdk\7.0.402\Sdks\Microsoft.NET.Sdk\targets\Microsoft.NET.Sdk.targets(134,5)의 "
                         _CheckForBuildWithNoBuild;
                         
                         BuildOnlySettings;
                         PrepareForBuild;
                         PreBuildEvent;
                         ResolveReferences;
                         PrepareResources;
                         ResolveKeySource;
                         Compile;
                         ExportWindowsMDFile;
                         UnmanagedUnregistration;
                         GenerateSerializationAssemblies;
                         CreateSatelliteAssemblies;
                         GenerateManifests;
                         GetTargetPath;
                         PrepareForRun;
                         UnmanagedRegistration;
                         IncrementalClean;
                         PostBuildEvent
                       ;
                         GenerateBuildDependencyFile;
                         GenerateBuildRuntimeConfigurationFiles
                       "(이전 값: "
                         BuildOnlySettings;
                         PrepareForBuild;
                         PreBuildEvent;
                         ResolveReferences;
                         PrepareResources;
                         ResolveKeySource;
                         Compile;
                         ExportWindowsMDFile;
                         UnmanagedUnregistration;
                         GenerateSerializationAssemblies;
                         CreateSatelliteAssemblies;
                         GenerateManifests;
                         GetTargetPath;
                         PrepareForRun;
                         UnmanagedRegistration;
                         IncrementalClean;
                         PostBuildEvent
                       ")
                   속성 재할당: $(CoreCleanDependsOn)=C:\Program Files\dotnet\sdk\7.0.402\Sdks\Microsoft.NET.Sdk\targets\Microsoft.NET.Sdk.targets(143,5)의 "
                         _SdkBeforeClean;
                         
                       "(이전 값: "")
                   속성 재할당: $(RebuildDependsOn)=C:\Program Files\dotnet\sdk\7.0.402\Sdks\Microsoft.NET.Sdk\targets\Microsoft.NET.Sdk.targets(150,5)의 "
                         _SdkBeforeRebuild;
                         
                         BeforeRebuild;
                         Clean;
                         Build;
                         AfterRebuild;
                       
                       "(이전 값: "
                         BeforeRebuild;
                         Clean;
                         Build;
                         AfterRebuild;
                       ")
                   속성 재할당: $(CompileDependsOn)=C:\Program Files\dotnet\sdk\7.0.402\Sdks\Microsoft.NET.Sdk\targets\Microsoft.NET.Sdk.targets(564,5)의 "
                         
                         ResolveReferences;
                         ResolveKeySource;
                         SetWin32ManifestProperties;
                         FindReferenceAssembliesForReferences;
                         _GenerateCompileInputs;
                         BeforeCompile;
                         _TimeStampBeforeCompile;
                         _GenerateCompileDependencyCache;
                         CoreCompile;
                         _TimeStampAfterCompile;
                         AfterCompile;
                       ;
                         _CreateAppHost;
                         _CreateComHost;
                         _GetIjwHostPaths;
                       "(이전 값: "
                         ResolveReferences;
                         ResolveKeySource;
                         SetWin32ManifestProperties;
                         FindReferenceAssembliesForReferences;
                         _GenerateCompileInputs;
                         BeforeCompile;
                         _TimeStampBeforeCompile;
                         _GenerateCompileDependencyCache;
                         CoreCompile;
                         _TimeStampAfterCompile;
                         AfterCompile;
                       ")
                   속성 재할당: $(CreateSatelliteAssembliesDependsOn)=C:\Program Files\dotnet\sdk\7.0.402\Sdks\Microsoft.NET.Sdk\targets\Microsoft.NET.Sdk.targets(950,5)의 "
                         
                         _GenerateSatelliteAssemblyInputs;
                         ComputeIntermediateSatelliteAssemblies;
                         GenerateSatelliteAssemblies
                       ;
                         CoreGenerateSatelliteAssemblies
                       "(이전 값: "
                         _GenerateSatelliteAssemblyInputs;
                         ComputeIntermediateSatelliteAssemblies;
                         GenerateSatelliteAssemblies
                       ")
                   속성 재할당: $(DesignerRuntimeImplementationProjectOutputGroupDependsOn)=C:\Program Files\dotnet\sdk\7.0.402\Sdks\Microsoft.NET.Sdk\targets\Microsoft.NET.DesignerSupport.targets(21,5)의 "
                         
                         ;
                         
                         ;
                         BuildOnlySettings;
                         PrepareForBuild;
                         AssignTargetPaths;
                         ResolveReferences
                       
                       ;
                         _GenerateDesignerDepsFile;
                         _GenerateDesignerRuntimeConfigFile;
                         GetCopyToOutputDirectoryItems;
                         _GatherDesignerShadowCopyFiles;
                       "(이전 값: "
                         ;
                         
                         ;
                         BuildOnlySettings;
                         PrepareForBuild;
                         AssignTargetPaths;
                         ResolveReferences
                       
                       ")
                   속성 재할당: $(_ShimInputCacheFile)=C:\Program Files\dotnet\sdk\7.0.402\Sdks\Microsoft.NET.Sdk\targets\Microsoft.NET.PackTool.targets(115,5)의 "E:\Unity\LH Editor_Refactoring\tools\FurnitureAuthoringTool\src\FurnitureAuthoring.Tool\obj\Debug\net7.0-windows\FurnitureAuthoring.Tool.shiminput.cache"(이전 값: "obj\Debug\net7.0-windows\FurnitureAuthoring.Tool.shiminput.cache")
                   속성 재할당: $(_ShimCreatedSentinelFile)=C:\Program Files\dotnet\sdk\7.0.402\Sdks\Microsoft.NET.Sdk\targets\Microsoft.NET.PackTool.targets(117,5)의 "E:\Unity\LH Editor_Refactoring\tools\FurnitureAuthoringTool\src\FurnitureAuthoring.Tool\obj\Debug\net7.0-windows\FurnitureAuthoring.Tool.shimcreated.sentinel"(이전 값: "obj\Debug\net7.0-windows\FurnitureAuthoring.Tool.shimcreated.sentinel")
                   속성 재할당: $(DefineConstants)=C:\Program Files\dotnet\sdk\7.0.402\Sdks\Microsoft.NET.Sdk\targets\Microsoft.NET.Sdk.CSharp.targets(31,5)의 "TRACE;DEBUG"(이전 값: "TRACE")
                   속성 재할당: $(DefineConstants)=C:\Program Files\dotnet\sdk\7.0.402\Sdks\Microsoft.NET.Sdk\targets\Microsoft.NET.Sdk.CSharp.targets(34,5)의 "TRACE;DEBUG;NET;NET7_0;NETCOREAPP"(이전 값: "TRACE;DEBUG")
                   속성 재할당: $(WarningsAsErrors)=C:\Program Files\dotnet\sdk\7.0.402\Sdks\Microsoft.NET.Sdk\targets\Microsoft.NET.Sdk.CSharp.targets(48,5)의 ";NU1605;SYSLIB0011"(이전 값: ";NU1605")
                   속성 재할당: $(TargetPlatformVersion)=C:\Program Files\dotnet\sdk\7.0.402\Sdks\Microsoft.NET.Sdk\targets\Microsoft.NET.Windows.targets(34,5)의 "7.0"(이전 값: "")
                   속성 재할당: $(SupportedOSPlatformVersion)=C:\Program Files\dotnet\sdk\7.0.402\Sdks\Microsoft.NET.Sdk\targets\Microsoft.NET.Windows.targets(44,5)의 "7.0"(이전 값: "")
                   속성 재할당: $(TargetPlatformMinVersion)=C:\Program Files\dotnet\sdk\7.0.402\Sdks\Microsoft.NET.Sdk\targets\Microsoft.NET.Windows.targets(45,5)의 "7.0"(이전 값: "")
                   속성 재할당: $(TargetPlatformDisplayName)=C:\Program Files\dotnet\sdk\7.0.402\Sdks\Microsoft.NET.Sdk\targets\Microsoft.NET.Sdk.targets(1232,5)의 "Windows 7.0"(이전 값: "Windows ")
                   속성 재할당: $(_TargetFrameworkVersionValue)=C:\Program Files\dotnet\sdk\7.0.402\Sdks\Microsoft.NET.Sdk.WindowsDesktop\targets\Microsoft.NET.Sdk.WindowsDesktop.targets(51,5)의 "7.0"(이전 값: "0.0")
                   속성 재할당: $(PrepareResourceNamesDependsOn)=C:\Program Files\dotnet\sdk\7.0.402\Sdks\Microsoft.NET.Sdk.WindowsDesktop\targets\Microsoft.WinFX.targets(61,7)의 "
                                       AssignWinFXEmbeddedResource;
                                       
                         AssignTargetPaths;
                         SplitResourcesByCulture;
                         CreateManifestResourceNames;
                         CreateCustomManifestResourceNames
                       
                         "(이전 값: "
                         AssignTargetPaths;
                         SplitResourcesByCulture;
                         CreateManifestResourceNames;
                         CreateCustomManifestResourceNames
                       ")
                   속성 재할당: $(PrepareResourcesDependsOn)=C:\Program Files\dotnet\sdk\7.0.402\Sdks\Microsoft.NET.Sdk.WindowsDesktop\targets\Microsoft.WinFX.targets(69,7)의 "
                                   MarkupCompilePass1;
                                   AfterMarkupCompilePass1;
                                   MarkupCompilePass2ForMainAssembly;
                                   FileClassification;
                                   MainResourcesGeneration;
                                   
                         ResolvePackageDependenciesForBuild;
                         _HandlePackageFileConflicts;
                         
                         ;
                         PrepareResourceNames;
                         ResGen;
                         CompileLicxFiles
                       
                       
                         "(이전 값: "
                         ResolvePackageDependenciesForBuild;
                         _HandlePackageFileConflicts;
                         
                         ;
                         PrepareResourceNames;
                         ResGen;
                         CompileLicxFiles
                       
                       ")
                   속성 재할당: $(CompileDependsOn)=C:\Program Files\dotnet\sdk\7.0.402\Sdks\Microsoft.NET.Sdk.WindowsDesktop\targets\Microsoft.WinFX.targets(136,5)의 "
                           
                         
                         ResolveReferences;
                         ResolveKeySource;
                         SetWin32ManifestProperties;
                         FindReferenceAssembliesForReferences;
                         _GenerateCompileInputs;
                         BeforeCompile;
                         _TimeStampBeforeCompile;
                         _GenerateCompileDependencyCache;
                         CoreCompile;
                         _TimeStampAfterCompile;
                         AfterCompile;
                       ;
                         _CreateAppHost;
                         _CreateComHost;
                         _GetIjwHostPaths;
                       ;
                           _AfterCompileWinFXInternal
                       "(이전 값: "
                         
                         ResolveReferences;
                         ResolveKeySource;
                         SetWin32ManifestProperties;
                         FindReferenceAssembliesForReferences;
                         _GenerateCompileInputs;
                         BeforeCompile;
                         _TimeStampBeforeCompile;
                         _GenerateCompileDependencyCache;
                         CoreCompile;
                         _TimeStampAfterCompile;
                         AfterCompile;
                       ;
                         _CreateAppHost;
                         _CreateComHost;
                         _GetIjwHostPaths;
                       ")
                   속성 재할당: $(PublishBuildDependsOn)=C:\Program Files\dotnet\sdk\7.0.402\Sdks\Microsoft.NET.Sdk.WindowsDesktop\targets\Microsoft.WinFX.targets(801,9)의 "
                               BuildOnlySettings;
                               PrepareForBuild;
                               ResolveReferences;
                               PrepareResources;
                               ResolveKeySource;
                               PrepareResourcesForSatelliteAssemblies;
                               GenerateSerializationAssemblies;
                               CreateSatelliteAssemblies;
                           "(이전 값: "
                         BuildOnlySettings;
                         PrepareForBuild;
                         ResolveReferences;
                         PrepareResources;
                         ResolveKeySource;
                         GenerateSerializationAssemblies;
                         CreateSatelliteAssemblies;
                       ")
                   속성 재할당: $(PackageDescription)=C:\Program Files\dotnet\sdk\7.0.402\Sdks\NuGet.Build.Tasks.Pack\build\NuGet.Build.Tasks.Pack.targets(34,5)의 "Package Description"(이전 값: "")
                   속성 재할당: $(GenerateNuspecDependsOn)=C:\Program Files\dotnet\sdk\7.0.402\Sdks\NuGet.Build.Tasks.Pack\build\NuGet.Build.Tasks.Pack.targets(59,5)의 "Build;_LoadPackInputItems; _GetTargetFrameworksOutput; _WalkEachTargetPerFramework; _GetPackageFiles; "(이전 값: "_LoadPackInputItems; _GetTargetFrameworksOutput; _WalkEachTargetPerFramework; _GetPackageFiles; ")
                   Evaluation 동안 로드된 어셈블리: System.Reflection.Emit.Lightweight, Version=7.0.0.0, Culture=neutral, PublicKeyToken=b03f5f7f11d50a3a(위치: C:\Program Files\dotnet\shared\Microsoft.NETCore.App\7.0.12\System.Reflection.Emit.Lightweight.dll%1, MVID: 22f2c2b9-5ca2-4449-9737-9cc90a54f07f%2, AppDomain: [Default]%2).
                   Evaluation 동안 로드된 어셈블리: System.Reflection.Emit.ILGeneration, Version=7.0.0.0, Culture=neutral, PublicKeyToken=b03f5f7f11d50a3a(위치: C:\Program Files\dotnet\shared\Microsoft.NETCore.App\7.0.12\System.Reflection.Emit.ILGeneration.dll%1, MVID: 8fade0b3-da03-4cb9-872a-fb65f23f7833%2, AppDomain: [Default]%2).
                   Evaluation 동안 로드된 어셈블리: System.Reflection.Primitives, Version=7.0.0.0, Culture=neutral, PublicKeyToken=b03f5f7f11d50a3a(위치: C:\Program Files\dotnet\shared\Microsoft.NETCore.App\7.0.12\System.Reflection.Primitives.dll%1, MVID: 2877a7ab-befc-40ed-b6c0-5f28c6d4fcda%2, AppDomain: [Default]%2).
                   "C:\Program Files\dotnet\sdk-manifests\7.0.100\microsoft.net.workload.mono.toolchain.net6\WorkloadManifest.targets" 프로젝트의 "_CheckBrowserWorkloadNeededButNotAvailable" 대상을 "C:\Program Files\dotnet\sdk-manifests\7.0.100\microsoft.net.workload.mono.toolchain.net7\WorkloadManifest.targets" 프로젝트의 "_CheckBrowserWorkloadNeededButNotAvailable" 대상으로 재정의하고 있습니다.
                   "C:\Program Files\dotnet\sdk-manifests\7.0.100\microsoft.net.workload.mono.toolchain.net6\WorkloadManifest.targets" 프로젝트의 "_ErrorDisabledWorkload" 대상을 "C:\Program Files\dotnet\sdk-manifests\7.0.100\microsoft.net.workload.mono.toolchain.net7\WorkloadManifest.targets" 프로젝트의 "_ErrorDisabledWorkload" 대상으로 재정의하고 있습니다.
                   "C:\Program Files\dotnet\sdk\7.0.402\Microsoft.Common.CurrentVersion.targets" 프로젝트의 "ResolveFrameworkReferences" 대상을 "C:\Program Files\dotnet\sdk\7.0.402\Sdks\Microsoft.NET.Sdk\targets\Microsoft.NET.Sdk.FrameworkReferenceResolution.targets" 프로젝트의 "ResolveFrameworkReferences" 대상으로 재정의하고 있습니다.
                   "C:\Program Files\dotnet\sdk\7.0.402\Microsoft.Common.CurrentVersion.targets" 프로젝트의 "Run" 대상을 "C:\Program Files\dotnet\sdk\7.0.402\Sdks\Microsoft.NET.Sdk\targets\Microsoft.NET.Sdk.targets" 프로젝트의 "Run" 대상으로 재정의하고 있습니다.
                   "C:\Program Files\dotnet\sdk\7.0.402\Microsoft.Common.CurrentVersion.targets" 프로젝트의 "GenerateSupportedTargetFrameworkAlias" 대상을 "C:\Program Files\dotnet\sdk\7.0.402\Sdks\Microsoft.NET.Sdk\targets\Microsoft.NET.Sdk.targets" 프로젝트의 "GenerateSupportedTargetFrameworkAlias" 대상으로 재정의하고 있습니다.
                   "C:\Program Files\dotnet\sdk\7.0.402\Microsoft.Common.CurrentVersion.targets" 프로젝트의 "GetReferenceAssemblyPaths" 대상을 "C:\Program Files\dotnet\sdk\7.0.402\Sdks\Microsoft.NET.Sdk\targets\Microsoft.NET.DisableStandardFrameworkResolution.targets" 프로젝트의 "GetReferenceAssemblyPaths" 대상으로 재정의하고 있습니다.
                   "C:\Program Files\dotnet\sdk\7.0.402\Microsoft.Common.CurrentVersion.targets" 프로젝트의 "GetFrameworkPaths" 대상을 "C:\Program Files\dotnet\sdk\7.0.402\Sdks\Microsoft.NET.Sdk\targets\Microsoft.NET.DisableStandardFrameworkResolution.targets" 프로젝트의 "GetFrameworkPaths" 대상으로 재정의하고 있습니다.
                   "C:\Program Files\dotnet\sdk\7.0.402\Microsoft.Common.CurrentVersion.targets" 프로젝트의 "DesignerRuntimeImplementationProjectOutputGroup" 대상을 "C:\Program Files\dotnet\sdk\7.0.402\Sdks\Microsoft.NET.Sdk\targets\Microsoft.NET.DesignerSupport.targets" 프로젝트의 "DesignerRuntimeImplementationProjectOutputGroup" 대상으로 재정의하고 있습니다.
                   "C:\Program Files\dotnet\sdk\7.0.402\Microsoft.Common.CurrentVersion.targets" 프로젝트의 "Publish" 대상을 "C:\Program Files\dotnet\sdk\7.0.402\Sdks\Microsoft.NET.Sdk\targets\Microsoft.NET.Publish.targets" 프로젝트의 "Publish" 대상으로 재정의하고 있습니다.
                   "C:\Program Files\dotnet\sdk\7.0.402\Sdks\Microsoft.NET.Sdk\targets\Microsoft.NET.CrossGen.targets" 프로젝트의 "ResolveReadyToRunCompilers" 대상을 "C:\Program Files\dotnet\sdk\7.0.402\Sdks\Microsoft.NET.Sdk\targets\Microsoft.NET.Publish.targets" 프로젝트의 "ResolveReadyToRunCompilers" 대상으로 재정의하고 있습니다.
                   "C:\Program Files\dotnet\sdk\7.0.402\Microsoft.Common.CurrentVersion.targets" 프로젝트의 "GetCopyToPublishDirectoryItems" 대상을 "C:\Program Files\dotnet\sdk\7.0.402\Sdks\Microsoft.NET.Sdk\targets\Microsoft.NET.Publish.targets" 프로젝트의 "GetCopyToPublishDirectoryItems" 대상으로 재정의하고 있습니다.
                   "C:\Program Files\dotnet\sdk\7.0.402\Microsoft.Common.CurrentVersion.targets" 프로젝트의 "SatelliteDllsProjectOutputGroup" 대상을 "C:\Program Files\dotnet\sdk\7.0.402\Sdks\Microsoft.NET.Sdk.WindowsDesktop\targets\Microsoft.WinFX.targets" 프로젝트의 "SatelliteDllsProjectOutputGroup" 대상으로 재정의하고 있습니다.
16:19:02.795     0>초기 속성:
                   __DisableWorkloadResolverSentinelPath = C:\Program Files\dotnet\sdk\7.0.402\DisableWorkloadResolver.sentinel
                   __WindowsAppSdkDefaultImageIncludes = **/*.png;**/*.bmp;**/*.jpg;**/*.dds;**/*.tif;**/*.tga;**/*.gif
                   _AfterCompileWinFXInternalDependsOn = 
                           PrepareResourcesForSatelliteAssemblies;
                           MergeLocalizationDirectives;
                           AfterCompileWinFX
                       
                   _BeforePublishNoBuildTargets = 
                         BuildOnlySettings;
                         _PreventProjectReferencesFromBuilding;
                         ResolveReferences;
                         PrepareResourceNames;
                         ComputeIntermediateSatelliteAssemblies;
                         ComputeEmbeddedApphostPaths;
                       
                   _BrowserWorkloadDisabled7 = 
                   _ComHostLibraryExtension = .dll
                   _CompileTargetNameForLocalType = _CompileTemporaryAssembly
                   _CompileTemporaryAssemblyDependsOn = BuildOnlySettings;ResolveKeySource;ResolveProjectReferences;CoreCompile
                   _CorePublishTargets = 
                         PrepareForPublish;
                         ComputeAndCopyFilesToPublishDirectory;
                         ;
                         PublishItemsOutputGroup;
                       
                   _DebugSymbolsProduced = true
                   _DefaultUserProfileRuntimeStorePath = C:\Users\LIMSOWAN\.dotnet\store
                   _DeploymentApplicationManifestIdentity = FurnitureAuthoring.Tool.exe
                   _DeploymentBuiltUpdateInterval = 0
                   _DeploymentBuiltUpdateIntervalUnits = Days
                   _DeploymentDeployManifestIdentity = FurnitureAuthoring.Tool.application
                   _DeploymentFileMappingExtension = 
                   _DeploymentLauncherBased = true
                   _DeploymentPublishableProjectDefault = true
                   _DeploymentTargetApplicationManifestFileName = FurnitureAuthoring.Tool.dll.manifest
                   _DeploymentUrl = 
                   _DesignerDepsFileName = FurnitureAuthoring.Tool.designer.deps.json
                   _DesignerDepsFilePath = obj\Debug\net7.0-windows\FurnitureAuthoring.Tool.designer.deps.json
                   _DesignerRuntimeConfigFileName = FurnitureAuthoring.Tool.designer.runtimeconfig.json
                   _DesignerRuntimeConfigFilePath = obj\Debug\net7.0-windows\FurnitureAuthoring.Tool.designer.runtimeconfig.json
                   _DirectoryBuildPropsBasePath = 
                   _DirectoryBuildPropsFile = Directory.Build.props
                   _DirectoryBuildTargetsBasePath = 
                   _DirectoryBuildTargetsFile = Directory.Build.targets
                   _DirectoryPackagesPropsBasePath = 
                   _DirectoryPackagesPropsFile = Directory.Packages.props
                   _DocumentationFileProduced = false
                   _DotNetAppHostExecutableName = apphost.exe
                   _DotNetAppHostExecutableNameWithoutExtension = apphost
                   _DotNetComHostLibraryName = comhost.dll
                   _DotNetComHostLibraryNameWithoutExtension = comhost
                   _DotNetHostExecutableName = dotnet.exe
                   _DotNetHostFxrLibraryName = libhostfxr.so
                   _DotNetHostPolicyLibraryName = libhostpolicy.so
                   _DotNetIjwHostLibraryName = Ijwhost.dll
                   _DotNetIjwHostLibraryNameWithoutExtension = Ijwhost
                   _DotNetSingleFileHostExecutableNameWithoutExtension = singlefilehost
                   _EnableDefaultWindowsPlatform = false
                   _EnableWindowsDesktopGlobbing = true
                   _EnableWindowsDesktopNetCoreFrameworkReferences = true
                   _FrameworkIdentifierForImplicitDefine = NET
                   _FrameworkVersionForImplicitDefine = 7_0
                   _GenerateBindingRedirectsIntermediateAppConfig = obj\Debug\net7.0-windows\FurnitureAuthoring.Tool.dll.config
                   _GenerateRestoreGraphProjectEntryInputProperties = ExcludeRestorePackageImports=true
                   _GenerateRuntimeConfigurationPropertyInputsCache = E:\Unity\LH Editor_Refactoring\tools\FurnitureAuthoringTool\src\FurnitureAuthoring.Tool\obj\Debug\net7.0-windows\FurnitureAuthoring.Tool.genruntimeconfig.cache
                   _GenerateSupportedRuntimeIntermediateAppConfig = obj\Debug\net7.0-windows\FurnitureAuthoring.Tool.dll.withSupportedRuntime.config
                   _GetChildProjectCopyToOutputDirectoryItems = true
                   _GetChildProjectCopyToPublishDirectoryItems = true
                   _IjwHostLibraryExtension = .dll
                   _InitialBaseIntermediateOutputPath = obj\
                   _InitialMSBuildProjectExtensionsPath = E:\Unity\LH Editor_Refactoring\tools\FurnitureAuthoringTool\src\FurnitureAuthoring.Tool\obj\
                   _IsExecutable = true
                   _IsNETCoreOrNETStandard = true
                   _LatestAnalysisLevel = 7.0
                   _LinkSemaphore = obj\Debug\net7.0-windows\linked\Link.semaphore
                   _MaxSupportedLangVersion = 11.0
                   _MicrosoftNETSdkWindowsDesktop = true
                   _NativeExecutableExtension = .exe
                   _NativeLibraryExtension = .so
                   _NativeLibraryPrefix = lib
                   _NETAnalyzersSDKAssemblyVersion = 7.0.4
                   _NETCoreSdkIsPreview = false
                   _NetFrameworkHostedCompilersVersion = 4.7.0-3.23416.9
                   _NoneAnalysisLevel = 4.0
                   _NugetFallbackFolder = C:\Program Files\dotnet\sdk\7.0.402\Sdks\Microsoft.NET.Sdk\targets\..\..\..\..\NuGetFallbackFolder
                   _NugetTargetMonikerAndRID = .NETCoreApp,Version=v7.0
                   _OriginalConfiguration = Debug
                   _OriginalPlatform = AnyCPU
                   _PackToolPublishDependency = _PublishBuildAlternative
                   _PlatformWithoutConfigurationInference = AnyCPU
                   _PresentationBuildTasksAssembly = C:\Program Files\dotnet\sdk\7.0.402\Sdks\Microsoft.NET.Sdk.WindowsDesktop\tools\net7.0\PresentationBuildTasks.dll
                   _PresentationBuildTasksTfm = net7.0
                   _PreviewAnalysisLevel = 8.0
                   _ProjectDefaultTargets = Build
                   _PublishNoBuildAlternativeDependsOn = 
                         BuildOnlySettings;
                         _PreventProjectReferencesFromBuilding;
                         ResolveReferences;
                         PrepareResourceNames;
                         ComputeIntermediateSatelliteAssemblies;
                         ComputeEmbeddedApphostPaths;
                       ;
                         PrepareForPublish;
                         ComputeAndCopyFilesToPublishDirectory;
                         ;
                         PublishItemsOutputGroup;
                       
                   _PublishProfileDesignerFolder = Properties
                   _PublishProfileRootFolder = E:\Unity\LH Editor_Refactoring\tools\FurnitureAuthoringTool\src\FurnitureAuthoring.Tool\Properties\PublishProfiles\
                   _RecursiveTargetForContentCopying = GetCopyToOutputDirectoryItems
                   _RemoveUnsupportedTargetFrameworksForWindowsDesktop = true
                   _RequireMCPass2ForMainAssembly = false
                   _RequireMCPass2ForSatelliteAssemblyOnly = false
                   _ResolveProjectReferencesTargetName = ResolveProjectReferences
                   _ResolveReferenceDependencies = false
                   _ResourceNameInMainAssembly = FurnitureAuthoring.Tool.g.resources
                   _RuntimeIdentifierUsesAppHost = true
                   _RuntimePackInWorkloadVersion6 = 6.0.23
                   _RuntimePackInWorkloadVersion7 = 7.0.12
                   _SGenDllCreated = false
                   _SGenDllName = FurnitureAuthoring.Tool.XmlSerializers.dll
                   _SGenGenerateSerializationAssembliesConfig = Off
                   _ShimCreatedSentinelFile = E:\Unity\LH Editor_Refactoring\tools\FurnitureAuthoringTool\src\FurnitureAuthoring.Tool\obj\Debug\net7.0-windows\FurnitureAuthoring.Tool.shimcreated.sentinel
                   _ShimInputCacheFile = E:\Unity\LH Editor_Refactoring\tools\FurnitureAuthoringTool\src\FurnitureAuthoring.Tool\obj\Debug\net7.0-windows\FurnitureAuthoring.Tool.shiminput.cache
                   _SupportedPlatformList = @(SupportedPlatform, ',')
                   _TargetFrameworkDirectories = 
                   _TargetFrameworkVersionValue = 7.0
                   _TargetFrameworkVersionWithoutV = 7.0
                   _TargetLatestRuntimePatchIsDefault = true
                   _TargetsThatPrepareProjectReferences = 
                         AssignProjectConfiguration;
                         _SplitProjectReferencesByFileExistence
                       
                   _ToolsSettingsFilePath = obj\DotnetToolSettings.xml
                   _UndefinedTargetFrameworkVersion = 0.0
                   _UseAttributeForTargetFrameworkInfoPropertyNames = true
                   _UsingDefaultForHasRuntimeOutput = true
                   _UsingDefaultPlatformTarget = true
                   _WindowsDesktopSdkTargetFrameworkVersionFloor = 3.0
                   _WorkloadLibraryPacksFolder = C:\Program Files\dotnet\library-packs
                   AddAdditionalExplicitAssemblyReferences = false
                   AddAppConfigToBuildOutputs = true
                   AfterMicrosoftNETSdkTargets = ;C:\Program Files\dotnet\sdk\7.0.402\Sdks\Microsoft.NET.Sdk\targets\../../Microsoft.NET.Sdk.WindowsDesktop/targets/Microsoft.NET.Sdk.WindowsDesktop.targets
                   AllowedOutputExtensionsInPackageBuildOutputFolder = .dll; .exe; .winmd; .json; .pri; .xml ;
                   AllowedOutputExtensionsInSymbolsPackageBuildOutputFolder = .pdb; .mdb; .dll; .exe; .winmd; .json; .pri; .xml ;; 
                   AllowedReferenceAssemblyFileExtensions = 
                         .winmd;
                         .dll;
                         .exe
                       
                   AllowedReferenceRelatedFileExtensions = 
                         .pdb;
                         .xml;
                         .pri;
                         .dll.config;
                         .exe.config
                       
                   AllowUnsafeBlocks = false
                   AlwaysCompileMarkupFilesInSeparateDomain = true
                   AlwaysIncludeCoreFrameworkInRuntimeConfig = true
                   AlwaysUseNumericalSuffixInItemNames = true
                   AnalysisLevel = latest
                   AotRuntimePackageLoadedViaSDK = true
                   ApiCompatValidatePackageSemaphoreFile = obj\Debug\net7.0-windows\Microsoft.NET.ApiCompat.ValidatePackage.semaphore
                   AppDesignerFolder = Properties
                   AppendRuntimeIdentifierToOutputPath = true
                   AppendTargetFrameworkToOutputPath = true
                   AssemblyFoldersConfigFile = C:\Program Files\dotnet\sdk\7.0.402\AssemblyFolders.config
                   AssemblyFoldersSuffix = AssemblyFoldersEx
                   AssemblyName = FurnitureAuthoring.Tool
                   AssemblySearchPaths = {CandidateAssemblyFiles};{HintPathFromItem};{TargetFrameworkDirectory};{RawFileName}
                   AssemblyTitle = FurnitureAuthoring.Tool
                   AssetTargetFallback = ;net461;net462;net47;net471;net472;net48;net481
                   AssignTargetPathsDependsOn = 
                   Authors = FurnitureAuthoring.Tool
                   AutomaticallyUseReferenceAssemblyPackages = true
                   AutoUnifyAssemblyReferences = true
                   AvailablePlatforms = Any CPU,x86,x64,ARM32,ARM64
                   BackwardsCompatFrameworkDefine = NETCOREAPP
                   BaseIntermediateOutputPath = obj\
                   BaseOutputPath = bin\
                   BaseOutputPathWasSpecified = true
                   BuildCompileAction = Build
                   BuildDependsOn = 
                         BeforeBuild;
                         CoreBuild;
                         AfterBuild
                       
                   BuildGenerateSourcesAction = Build
                   BuildingProject = false
                   BuildInParallel = true
                   BuildLinkAction = Build
                   BuildOutputTargetFolder = lib
                   BuildProjectReferences = true
                   BuiltProjectOutputGroupDependenciesDependsOn = 
                         ;
                         
                         ;
                         BuildOnlySettings;
                         PrepareForBuild;
                         AssignTargetPaths;
                         ResolveReferences
                       
                       
                   BuiltProjectOutputGroupDependsOn = PrepareForBuild
                   BundledNETCoreAppPackageVersion = 7.0.12
                   BundledNETCoreAppTargetFrameworkVersion = 7.0
                   BundledNETCorePlatformsPackageVersion = 7.0.4
                   BundledNETStandardPackageVersion = 2.1.0
                   BundledNETStandardTargetFrameworkVersion = 2.1
                   BundledRuntimeIdentifierGraphFile = C:\Program Files\dotnet\sdk\7.0.402\RuntimeIdentifierGraph.json
                   CheckEolTargetFramework = true
                   CheckEolWorkloads = true
                   CheckForOverflowUnderflow = false
                   CleanDependsOn = 
                         BeforeClean;
                         UnmanagedUnregistration;
                         CoreClean;
                         CleanReferencedProjects;
                         CleanPublishFolder;
                         AfterClean
                       
                   CleanFile = FurnitureAuthoring.Tool.csproj.FileListAbsolute.txt
                   ClickOncePublishDir = bin\Debug\net7.0-windows\publish\
                   CodeAnalysisRuleIds = CA1000;CA1001;CA1002;CA1003;CA1005;CA1008;CA1010;CA1012;CA1014;CA1016;CA1017;CA1018;CA1019;CA1021;CA1024;CA1027;CA1028;CA1030;CA1031;CA1032;CA1033;CA1034;CA1036;CA1040;CA1041;CA1043;CA1044;CA1045;CA1046;CA1047;CA1050;CA1051;CA1052;CA1054;CA1055;CA1056;CA1058;CA1060;CA1061;CA1062;CA1063;CA1064;CA1065;CA1066;CA1067;CA1068;CA1069;CA1070;CA1200;CA1303;CA1304;CA1305;CA1307;CA1308;CA1309;CA1310;CA1311;CA1401;CA1416;CA1417;CA1418;CA1419;CA1420;CA1421;CA1422;CA1501;CA1502;CA1505;CA1506;CA1507;CA1508;CA1509;CA1700;CA1707;CA1708;CA1710;CA1711;CA1712;CA1713;CA1715;CA1716;CA1720;CA1721;CA1724;CA1725;CA1727;CA1802;CA1805;CA1806;CA1810;CA1812;CA1813;CA1814;CA1815;CA1816;CA1819;CA1820;CA1821;CA1822;CA1823;CA1824;CA1825;CA1826;CA1827;CA1828;CA1829;CA1830;CA1831;CA1832;CA1833;CA1834;CA1835;CA1836;CA1837;CA1838;CA1839;CA1840;CA1841;CA1842;CA1843;CA1844;CA1845;CA1846;CA1847;CA1848;CA1849;CA1850;CA1851;CA1852;CA1853;CA1854;CA1855;CA2000;CA2002;CA2007;CA2008;CA2009;CA2011;CA2012;CA2013;CA2014;CA2015;CA2016;CA2017;CA2018;CA2019;CA2020;CA2100;CA2101;CA2109;CA2119;CA2153;CA2200;CA2201;CA2207;CA2208;CA2211;CA2213;CA2214;CA2215;CA2216;CA2217;CA2218;CA2219;CA2224;CA2225;CA2226;CA2227;CA2229;CA2231;CA2234;CA2235;CA2237;CA2241;CA2242;CA2243;CA2244;CA2245;CA2246;CA2247;CA2248;CA2249;CA2250;CA2251;CA2252;CA2253;CA2254;CA2255;CA2256;CA2257;CA2258;CA2259;CA2260;CA2300;CA2301;CA2302;CA2305;CA2310;CA2311;CA2312;CA2315;CA2321;CA2322;CA2326;CA2327;CA2328;CA2329;CA2330;CA2350;CA2351;CA2352;CA2353;CA2354;CA2355;CA2356;CA2361;CA2362;CA3001;CA3002;CA3003;CA3004;CA3005;CA3006;CA3007;CA3008;CA3009;CA3010;CA3011;CA3012;CA3061;CA3075;CA3076;CA3077;CA3147;CA5350;CA5351;CA5358;CA5359;CA5360;CA5361;CA5362;CA5363;CA5364;CA5365;CA5366;CA5367;CA5368;CA5369;CA5370;CA5371;CA5372;CA5373;CA5374;CA5375;CA5376;CA5377;CA5378;CA5379;CA5380;CA5381;CA5382;CA5383;CA5384;CA5385;CA5386;CA5387;CA5388;CA5389;CA5390;CA5391;CA5392;CA5393;CA5394;CA5395;CA5396;CA5397;CA5398;CA5399;CA5400;CA5401;CA5402;CA5403;CA5404;CA5405
                   CodeAnalysisTargets = C:\Program Files\dotnet\sdk\7.0.402\Microsoft\VisualStudio\v17.0\CodeAnalysis\Microsoft.CodeAnalysis.targets
                   CommandLineArgsForDesignTimeEvaluation = -langversion:11.0 -define:TRACE
                   CommonOutputGroupsDependsOn = 
                         ;
                         BuildOnlySettings;
                         PrepareForBuild;
                         AssignTargetPaths;
                         ResolveReferences
                       
                   CommonTargetsPath = C:\Program Files\dotnet\sdk\7.0.402\Microsoft.Common.CurrentVersion.targets
                   CommonXamlResourcesDirectory = C:\Program Files\dotnet\sdk\7.0.402\\
                   Company = FurnitureAuthoring.Tool
                   CompileDependsOn = 
                           
                         
                         ResolveReferences;
                         ResolveKeySource;
                         SetWin32ManifestProperties;
                         FindReferenceAssembliesForReferences;
                         _GenerateCompileInputs;
                         BeforeCompile;
                         _TimeStampBeforeCompile;
                         _GenerateCompileDependencyCache;
                         CoreCompile;
                         _TimeStampAfterCompile;
                         AfterCompile;
                       ;
                         _CreateAppHost;
                         _CreateComHost;
                         _GetIjwHostPaths;
                       ;
                           _AfterCompileWinFXInternal
                       
                   CompileLicxFilesDependsOn = 
                   CompilerApiVersion = roslyn4.7
                   CompilerGeneratedFilesOutputPath = 
                   ComputeIntermediateSatelliteAssembliesDependsOn = 
                         CreateManifestResourceNames
                       
                   ComputeNETCoreBuildOutputFiles = true
                   ComReferenceExecuteAsTool = false
                   ComReferenceNoClassMembers = false
                   Configuration = Debug
                   ConfigurationName = Debug
                   Configurations = Debug;Release
                   ConsiderPlatformAsProcessorArchitecture = true
                   ContentFilesProjectOutputGroupDependsOn = PrepareForBuild;AssignTargetPaths
                   ContentPreprocessorOutputDirectory = obj\Debug\net7.0-windows\NuGet\
                   ContentTargetFolders = content;contentFiles
                   ContinueOnError = false
                   CopyBuildOutputToPublishDirectory = true
                   CopyConflictingTransitiveContent = false
                   CopyLocalLockFileAssemblies = true
                   CopyOutputSymbolsToPublishDirectory = true
                   CoreBuildDependsOn = 
                         _CheckForBuildWithNoBuild;
                         
                         BuildOnlySettings;
                         PrepareForBuild;
                         PreBuildEvent;
                         ResolveReferences;
                         PrepareResources;
                         ResolveKeySource;
                         Compile;
                         ExportWindowsMDFile;
                         UnmanagedUnregistration;
                         GenerateSerializationAssemblies;
                         CreateSatelliteAssemblies;
                         GenerateManifests;
                         GetTargetPath;
                         PrepareForRun;
                         UnmanagedRegistration;
                         IncrementalClean;
                         PostBuildEvent
                       ;
                         GenerateBuildDependencyFile;
                         GenerateBuildRuntimeConfigurationFiles
                       
                   CoreCleanDependsOn = 
                         _SdkBeforeClean;
                         
                       
                   CoreCompileDependsOn = ;_ComputeNonExistentFileProperty;ResolveCodeAnalysisRuleSet
                   CoreResGenDependsOn = FindReferenceAssembliesForReferences
                   CreateCustomManifestResourceNamesDependsOn = 
                   CreateHardLinksForCopyAdditionalFilesIfPossible = false
                   CreateManifestResourceNamesDependsOn = 
                   CreateSatelliteAssembliesDependsOn = 
                         
                         _GenerateSatelliteAssemblyInputs;
                         ComputeIntermediateSatelliteAssemblies;
                         GenerateSatelliteAssemblies
                       ;
                         CoreGenerateSatelliteAssemblies
                       
                   CreateSymbolicLinksForCopyAdditionalFilesIfPossible = false
                   CSharpCoreTargetsPath = C:\Program Files\dotnet\sdk\7.0.402\Roslyn\Microsoft.CSharp.Core.targets
                   CSharpDesignTimeTargetsPath = C:\Program Files\dotnet\sdk\7.0.402\\Microsoft\VisualStudio\Managed\Microsoft.CSharp.DesignTime.targets
                   CSharpTargetsPath = C:\Program Files\dotnet\sdk\7.0.402\Microsoft.CSharp.CurrentVersion.targets
                   CustomAfterMicrosoftCommonProps = C:\Program Files\dotnet\sdk\7.0.402\\vCurrent\Custom.After.Microsoft.Common.props
                   CustomAfterMicrosoftCommonTargets = C:\Program Files\dotnet\sdk\7.0.402\\vCurrent\Custom.After.Microsoft.Common.targets
                   CustomAfterMicrosoftCSharpTargets = C:\Program Files\dotnet\sdk\7.0.402\\vCurrent\Custom.After.Microsoft.CSharp.targets
                   CustomBeforeMicrosoftCommonProps = C:\Program Files\dotnet\sdk\7.0.402\\vCurrent\Custom.Before.Microsoft.Common.props
                   CustomBeforeMicrosoftCommonTargets = C:\Program Files\dotnet\sdk\7.0.402\\vCurrent\Custom.Before.Microsoft.Common.targets
                   CustomBeforeMicrosoftCSharpTargets = C:\Program Files\dotnet\sdk\7.0.402\\vCurrent\Custom.Before.Microsoft.CSharp.targets
                   DebugSymbols = true
                   DebugSymbolsProjectOutputGroupDependenciesDependsOn = 
                         ;
                         
                         ;
                         BuildOnlySettings;
                         PrepareForBuild;
                         AssignTargetPaths;
                         ResolveReferences
                       
                       
                   DebugSymbolsProjectOutputGroupDependsOn = 
                   DebugType = portable
                   DefaultAllowedOutputExtensionsInPackageBuildOutputFolder = .dll; .exe; .winmd; .json; .pri; .xml
                   DefaultAppHostRuntimeIdentifier = win-x64
                   DefaultCopyToPublishDirectoryMetadata = true
                   DefaultExcludesInProjectFolder = ;;**/.*/**
                   DefaultImplicitPackages = Microsoft.NETCore.App;NETStandard.Library
                   DefaultItemExcludes = ;bin\Debug\/**;obj\Debug\/**;bin\/**;obj\/**;**/*.user;**/*.*proj;**/*.sln;**/*.vssscc
                   DefaultLanguageSourceExtension = .cs
                   DefaultProjectTypeGuid = {FAE04EC0-301F-11D3-BF4B-00C04F79EFBC}
                   DefaultXamlRuntime = Wpf
                   DefineCommonCapabilities = true
                   DefineCommonItemSchemas = true
                   DefineCommonReferenceSchemas = true
                   DefineConstants = TRACE;DEBUG;NET;NET7_0;NETCOREAPP
                   DelaySign = 
                   DeploymentComputeClickOnceManifestInfoDependsOn = 
                         CleanPublishFolder;
                         _DeploymentGenerateTrustInfo
                         
                       
                   DeploymentType = Installed
                   DesignerRuntimeImplementationProjectOutputGroupDependsOn = 
                         
                         ;
                         
                         ;
                         BuildOnlySettings;
                         PrepareForBuild;
                         AssignTargetPaths;
                         ResolveReferences
                       
                       ;
                         _GenerateDesignerDepsFile;
                         _GenerateDesignerRuntimeConfigFile;
                         GetCopyToOutputDirectoryItems;
                         _GatherDesignerShadowCopyFiles;
                       
                   DesignTimeAssemblySearchPaths = {CandidateAssemblyFiles};{HintPathFromItem};{TargetFrameworkDirectory};{RawFileName}
                   DesignTimeAutoUnify = true
                   DesignTimeResolveAssemblyReferencesDependsOn = 
                         GetFrameworkPaths;
                         GetReferenceAssemblyPaths;
                         ResolveReferences
                       
                   Deterministic = true
                   DevEnvDir = *Undefined*
                   DisableHandlePackageFileConflicts = true
                   DisableLogTaskParameter_ConvertToAbsolutePath_Path = true
                   DisableLogTaskParameter_FindUnderPath_OutOfPath = true
                   DisableLogTaskParameter_RemoveDuplicates_Inputs = true
                   DisableLogTaskParameterItemMetadata_ConvertToAbsolutePath_AbsolutePaths = true
                   DisableLogTaskParameterItemMetadata_Copy_CopiedFiles = true
                   DisableLogTaskParameterItemMetadata_Copy_DestinationFiles = true
                   DisableLogTaskParameterItemMetadata_Copy_SourceFiles = true
                   DisableLogTaskParameterItemMetadata_FindUnderPath_Files = true
                   DisableLogTaskParameterItemMetadata_FindUnderPath_InPath = true
                   DisableLogTaskParameterItemMetadata_GenerateResource_FilesWritten = true
                   DisableLogTaskParameterItemMetadata_Hash_ItemsToHash = true
                   DisableLogTaskParameterItemMetadata_RemoveDuplicates_Filtered = true
                   DisableLogTaskParameterItemMetadata_WriteLinesToFile_Lines = true
                   DisableStandardFrameworkResolution = true
                   DocumentationFile = 
                   DocumentationProjectOutputGroupDependenciesDependsOn = 
                         ;
                         
                         ;
                         BuildOnlySettings;
                         PrepareForBuild;
                         AssignTargetPaths;
                         ResolveReferences
                       
                       
                   DocumentationProjectOutputGroupDependsOn = 
                   DOTNET_CLI_TELEMETRY_SESSIONID = 822af62e-9fd6-4b33-8f38-b249d3d8e132
                   DOTNET_HOST_PATH = C:\Program Files\dotnet\dotnet.exe
                   DotNetApiCompatTaskAssembly = C:\Program Files\dotnet\sdk\7.0.402\Sdks\Microsoft.NET.Sdk\targets\..\tools\net7.0\Microsoft.DotNet.ApiCompat.Task.dll
                   DotnetCliToolTargetFramework = netcoreapp2.2
                   EffectiveAnalysisLevel = 7.0
                   EmbeddedResourceUseDependentUponConvention = true
                   EmbeddedWin32Manifest = 
                   EmitAssetsLogMessages = true
                   EmitCompilerGeneratedFiles = false
                   EmitLegacyAssetsFileItems = false
                   EnableDefaultApplicationDefinition = true
                   EnableDefaultCompileItems = true
                   EnableDefaultEmbeddedResourceItems = true
                   EnableDefaultItems = true
                   EnableDefaultNoneItems = true
                   EnableDefaultPageItems = true
                   EnableFrameworkPathOverride = false
                   EnableNETAnalyzers = true
                   EnableWebSdkImplicitPackageVersions = false
                   EnforceCodeStyleInBuild = false
                   ErrorReport = prompt
                   ExpandSDKAllowedReferenceExtensions = 
                         .winmd;
                         .dll
                       
                   ExpandSDKReferencesDependsOn = 
                         ResolveSDKReferences
                       
                   FileAlignment = 512
                   FindInvalidProjectReferencesDependsOn = 
                         GetReferenceTargetPlatformMonikers
                       
                   Framework20Dir = @(_TargetFramework20DirectoryItem)
                   Framework30Dir = @(_TargetFramework30DirectoryItem)
                   Framework35Dir = @(_TargetFramework35DirectoryItem)
                   Framework40Dir = @(_TargetFramework40DirectoryItem)
                   FrameworkDir = @(_TargetFramework40DirectoryItem)
                   FrameworkPathOverride = 
                   FrameworkRegistryBase = Software\Microsoft\.NETCoreApp
                   FrameworkSDKDir = @(_TargetFrameworkSDKDirectoryItem)
                   FullReferenceAssemblyNames = Full
                   GenerateAssemblyCompanyAttribute = true
                   GenerateAssemblyConfigurationAttribute = true
                   GenerateAssemblyCopyrightAttribute = true
                   GenerateAssemblyDescriptionAttribute = true
                   GenerateAssemblyFileVersionAttribute = true
                   GenerateAssemblyInfo = true
                   GenerateAssemblyInformationalVersionAttribute = true
                   GenerateAssemblyMetadataAttributes = true
                   GenerateAssemblyProductAttribute = true
                   GenerateAssemblyTitleAttribute = true
                   GenerateAssemblyVersionAttribute = true
                   GenerateBindingRedirectsOutputType = true
                   GenerateClickOnceManifests = 
                   GeneratedAssemblyInfoFile = obj\Debug\net7.0-windows\FurnitureAuthoring.Tool.AssemblyInfo.cs
                   GenerateDependencyFile = true
                   GeneratedFileExtension = .g.cs
                   GeneratedGlobalUsingsFile = obj\Debug\net7.0-windows\FurnitureAuthoring.Tool.GlobalUsings.g.cs
                   GenerateDocumentationFile = false
                   GenerateFullPaths = true
                   GenerateInternalsVisibleToAttributes = true
                   GenerateManifestsDependsOn = 
                         SetWin32ManifestProperties;
                         GenerateApplicationManifest;
                         GenerateDeploymentManifest
                       
                   GenerateNeutralResourcesLanguageAttribute = true
                   GenerateNuspecDependsOn = Build;_LoadPackInputItems; _GetTargetFrameworksOutput; _WalkEachTargetPerFramework; _GetPackageFiles; 
                   GeneratePackageOnBuild = false
                   GenerateRepositoryUrlAttribute = true
                   GenerateRequiresPreviewFeaturesAttribute = true
                   GenerateResourceMSBuildArchitecture = CurrentArchitecture
                   GenerateResourceMSBuildRuntime = CurrentRuntime
                   GenerateResourceUsePreserializedResources = true
                   GenerateRuntimeConfigDevFile = false
                   GenerateRuntimeConfigurationFiles = true
                   GenerateSatelliteAssembliesForCore = true
                   GenerateTargetFrameworkAttribute = true
                   GetCopyToOutputDirectoryItemsDependsOn = 
                         AssignTargetPaths;
                         
                         AssignProjectConfiguration;
                         _SplitProjectReferencesByFileExistence
                       ;
                         _GetProjectReferenceTargetFrameworkProperties;
                         _PopulateCommonStateForGetCopyToOutputDirectoryItems
                       
                   GetFrameworkPathsDependsOn = 
                   GetReferenceNearestTargetFrameworkTaskSupportsTargetPlatformParameter = true
                   GetTargetPathDependsOn = 
                   GetTargetPathWithTargetPlatformMonikerDependsOn = 
                   HasRuntimeOutput = true
                   HideWarningsAndErrors = false
                   HighEntropyVA = true
                   HostInBrowser = false
                   ILCompilerTargetsPath = C:\Program Files\dotnet\sdk\7.0.402\Sdks\Microsoft.DotNet.ILCompiler\build\Microsoft.DotNet.ILCompiler.SingleEntry.targets
                   ILLinkTargetsPath = C:\Program Files\dotnet\sdk\7.0.402\Sdks\Microsoft.NET.ILLink.Tasks\build\Microsoft.NET.ILLink.targets
                   ILLinkTasksAssembly = C:\Program Files\dotnet\sdk\7.0.402\Sdks\Microsoft.NET.ILLink.Tasks\build\..\tools\net7.0\ILLink.Tasks.dll
                   ImplicitConfigurationDefine = DEBUG
                   ImplicitFrameworkDefine = NET7_0
                   ImportByWildcardAfterMicrosoftCommonProps = true
                   ImportByWildcardAfterMicrosoftCommonTargets = true
                   ImportByWildcardAfterMicrosoftCSharpTargets = true
                   ImportByWildcardBeforeMicrosoftCommonProps = true
                   ImportByWildcardBeforeMicrosoftCommonTargets = true
                   ImportByWildcardBeforeMicrosoftCSharpTargets = true
                   ImportDirectoryBuildProps = true
                   ImportDirectoryBuildTargets = true
                   ImportDirectoryPackagesProps = true
                   ImportFrameworkWinFXTargets = false
                   ImportNuGetBuildTasksPackTargetsFromSdk = true
                   ImportProjectExtensionProps = true
                   ImportProjectExtensionTargets = true
                   ImportUserLocationsByWildcardAfterMicrosoftCommonProps = true
                   ImportUserLocationsByWildcardAfterMicrosoftCommonTargets = true
                   ImportUserLocationsByWildcardAfterMicrosoftCSharpTargets = true
                   ImportUserLocationsByWildcardBeforeMicrosoftCommonProps = true
                   ImportUserLocationsByWildcardBeforeMicrosoftCommonTargets = true
                   ImportUserLocationsByWildcardBeforeMicrosoftCSharpTargets = true
                   ImportWindowsDesktopTargets = true
                   IncludeBuildOutput = true
                   IncludeContentInPack = true
                   IncludeFileVersionsInDependencyFile = true
                   IncludeMainProjectInDepsFile = true
                   IncludePackageReferencesDuringMarkupCompilation = true
                   IncludeProjectsNotInAssetsFileInDepsFile = true
                   IncludeSourceRevisionInInformationalVersion = true
                   IncludeSymbolsInSingleFile = false
                   InnerBuildProperty = TargetFramework
                   InnerBuildPropertyValues = TargetFrameworks
                   IntermediateLinkDir = obj\Debug\net7.0-windows\linked\
                   IntermediateOutputPath = obj\Debug\net7.0-windows\
                   IsApplication = true
                   IsNetCoreAppTargetingLatestTFM = true
                   IsPackable = true
                   IsPublishable = true
                   IsRestoreTargetsFileLoaded = true
                   IsRidAgnostic = false
                   Language = C#
                   LanguageTargets = C:\Program Files\dotnet\sdk\7.0.402\Microsoft.CSharp.targets
                   LangVersion = 11.0
                   LocalizationDirectivesToLocFile = None
                   MarkPackageReferencesAsExternallyResolved = true
                   MarkupCompilePass2ForMainAssemblyDependsOn = 
                                        GenerateTemporaryTargetAssembly;
                                        MarkupCompilePass2;
                                        AfterMarkupCompilePass2;
                                        CleanupTemporaryTargetAssembly
                          
                   MaxSupportedLangVersion = 11.0
                   MaxTargetPath = 100
                   MicrosoftCommonPropsHasBeenImported = true
                   MicrosoftNETBuildExtensionsTargets = C:\Program Files\dotnet\sdk\7.0.402\\Microsoft\Microsoft.NET.Build.Extensions\Microsoft.NET.Build.Extensions.targets
                   MicrosoftNETBuildExtensionsTasksAssembly = C:\Program Files\dotnet\sdk\7.0.402\Microsoft\Microsoft.NET.Build.Extensions\\tools\net7.0\Microsoft.NET.Build.Extensions.Tasks.dll
                   MicrosoftNETBuildTasksAssembly = C:\Program Files\dotnet\sdk\7.0.402\Sdks\Microsoft.NET.Sdk\targets\..\tools\net7.0\Microsoft.NET.Build.Tasks.dll
                   MicrosoftNETBuildTasksDirectory = C:\Program Files\dotnet\sdk\7.0.402\Sdks\Microsoft.NET.Sdk\targets\..\tools\net7.0\
                   MicrosoftNETBuildTasksDirectoryRoot = C:\Program Files\dotnet\sdk\7.0.402\Sdks\Microsoft.NET.Sdk\targets\..\tools\
                   MicrosoftNETBuildTasksTFM = net7.0
                   MicrosoftNETCrossgenBuildTasksAssembly = C:\Program Files\dotnet\sdk\7.0.402\Sdks\Microsoft.NET.Sdk\targets\..\tasks\net7.0\Microsoft.NET.Sdk.Crossgen.dll
                   MicrosoftNETFrameworkReferenceAssembliesLatestPackageVersion = 1.0.3
                   MicrosoftNETWindowsWorkloadInstalled = true
                   MinimumVisualStudioVersionForUnsupportedTargetFrameworkVersion = 17.8
                   MsAppxPackageTargets = C:\Program Files\dotnet\sdk\7.0.402\Microsoft\VisualStudio\v17.0\AppxPackage\Microsoft.AppXPackage.Targets
                   MSBuildAllProjects = E:\Unity\LH Editor_Refactoring\tools\FurnitureAuthoringTool\src\FurnitureAuthoring.Tool\FurnitureAuthoring.Tool.csproj;;C:\Program Files\dotnet\sdk\7.0.402\Current\Microsoft.Common.targets\ImportAfter\Microsoft.TestPlatform.ImportAfter.targets
                   MSBuildAssemblyVersion = 17.0
                   MSBuildBinPath = C:\Program Files\dotnet\sdk\7.0.402
                   MSBuildCopyContentTransitively = true
                   MSBuildDisableFeaturesFromVersion = 999.999
                   MSBuildEnableWorkloadResolver = true
                   MSBuildFileVersion = 17.7.3.40206
                   MSBuildNodeCount = 12
                   MSBuildProgramFiles32 = C:\Program Files (x86)
                   MSBuildProjectDefaultTargets = Build
                   MSBuildProjectDirectory = E:\Unity\LH Editor_Refactoring\tools\FurnitureAuthoringTool\src\FurnitureAuthoring.Tool
                   MSBuildProjectDirectoryNoRoot = Unity\LH Editor_Refactoring\tools\FurnitureAuthoringTool\src\FurnitureAuthoring.Tool
                   MSBuildProjectExtension = .csproj
                   MSBuildProjectExtensionsPath = E:\Unity\LH Editor_Refactoring\tools\FurnitureAuthoringTool\src\FurnitureAuthoring.Tool\obj\
                   MSBuildProjectFile = FurnitureAuthoring.Tool.csproj
                   MSBuildProjectFullPath = E:\Unity\LH Editor_Refactoring\tools\FurnitureAuthoringTool\src\FurnitureAuthoring.Tool\FurnitureAuthoring.Tool.csproj
                   MSBuildProjectName = FurnitureAuthoring.Tool
                   MSBuildRestoreSessionId = 2cec69aa-2140-4c8a-b19a-2470f2e2dbe1
                   MSBuildRuntimeType = Core
                   MSBuildSDKsPath = C:\Program Files\dotnet\sdk\7.0.402\Sdks
                   MSBuildSemanticVersion = 17.7.3+8ec440e68
                   MSBuildStartupDirectory = E:\Unity\LH Editor_Refactoring
                   MSBuildToolsPath = C:\Program Files\dotnet\sdk\7.0.402
                   MSBuildToolsVersion = Current
                   MSBUILDUSESERVER = 0
                   MSBuildUseVisualStudioDirectoryLayout = False
                   MSBuildVersion = 17.7.3
                   MSBuildWarningsAsErrors = ;NU1605
                   MSBuildWarningsAsMessages = 1701;1702
                   MSBuildWarningsNotAsErrors = 
                   MsTestToolsTargets = C:\Program Files\dotnet\sdk\7.0.402\Microsoft\VisualStudio\v17.0\TeamTest\Microsoft.TeamTest.targets
                   NETCoreAppMaximumVersion = 7.0
                   NetCoreRoot = C:\Program Files\dotnet\
                   NETCoreSdkBundledCliToolsProps = C:\Program Files\dotnet\sdk\7.0.402\Sdks\Microsoft.NET.Sdk\targets\..\..\..\Microsoft.NETCoreSdk.BundledCliTools.props
                   NETCoreSdkBundledVersionsProps = C:\Program Files\dotnet\sdk\7.0.402\Sdks\Microsoft.NET.Sdk\targets\..\..\..\Microsoft.NETCoreSdk.BundledVersions.props
                   NETCoreSdkPortableRuntimeIdentifier = win-x64
                   NETCoreSdkRuntimeIdentifier = win-x64
                   NETCoreSdkVersion = 7.0.402
                   NetCoreTargetingPackRoot = C:\Program Files\dotnet\packs
                   NoCompilerStandardLib = true
                   NoStdLib = true
                   NoWarn = 1701;1702
                   NuGetBuildTasksPackTargets = C:\Program Files\dotnet\sdk\7.0.402\Sdks\Microsoft.NET.Sdk\Sdk\..\..\NuGet.Build.Tasks.Pack\build\NuGet.Build.Tasks.Pack.targets
                   NuGetInteractive = 
                   NuGetPackTaskAssemblyFile = ..\CoreCLR\NuGet.Build.Tasks.Pack.dll
                   NuGetPropsFile = C:\Program Files\dotnet\sdk\7.0.402\NuGet.props
                   NuGetRestoreTargets = C:\Program Files\dotnet\sdk\7.0.402\NuGet.targets
                   NuGetTargetMoniker = .NETCoreApp,Version=v7.0
                   Nullable = enable
                   NuspecOutputPath = obj\Debug\
                   Optimize = false
                   OSVersion = 5.1.2600.0
                   OutDir = bin\Debug\net7.0-windows\
                   OutputPath = bin\Debug\net7.0-windows\
                   OutputType = WinExe
                   OverwriteReadOnlyFiles = false
                   PackageDescription = Package Description
                   PackageDownloadSupported = true
                   PackagedShimOutputRootDirectory = bin\Debug\net7.0-windows\
                   PackageId = FurnitureAuthoring.Tool
                   PackageOutputPath = bin\Debug\
                   PackageRequireLicenseAcceptance = false
                   PackageVersion = 1.0.0
                   PackDependsOn = ; _IntermediatePack; GenerateNuspec; 
                   Platform = AnyCPU
                   PlatformName = AnyCPU
                   Platforms = AnyCPU
                   PostBuildEventDependsOn = 
                   PreBuildEventDependsOn = 
                   Prefer32Bit = false
                   PrepareForBuildDependsOn = ;GetFrameworkPaths;GetReferenceAssemblyPaths;AssignLinkMetadata
                   PrepareForRunDependsOn = 
                         CopyFilesToOutputDirectory
                       
                   PrepareProjectReferencesDependsOn = 
                         AssignProjectConfiguration;
                         _SplitProjectReferencesByFileExistence;
                         _GetProjectReferenceTargetFrameworkProperties;
                         _GetProjectReferencePlatformProperties
                       
                   PrepareResourceNamesDependsOn = 
                                       AssignWinFXEmbeddedResource;
                                       
                         AssignTargetPaths;
                         SplitResourcesByCulture;
                         CreateManifestResourceNames;
                         CreateCustomManifestResourceNames
                       
                         
                   PrepareResourcesDependsOn = 
                                   MarkupCompilePass1;
                                   AfterMarkupCompilePass1;
                                   MarkupCompilePass2ForMainAssembly;
                                   FileClassification;
                                   MainResourcesGeneration;
                                   
                         ResolvePackageDependenciesForBuild;
                         _HandlePackageFileConflicts;
                         
                         ;
                         PrepareResourceNames;
                         ResGen;
                         CompileLicxFiles
                       
                       
                         
                   PreserveCompilationReferences = 
                   ProcessorArchitecture = msil
                   ProcessorArchitectureAsPlatform = AnyCPU
                   ProduceReferenceAssembly = true
                   Product = FurnitureAuthoring.Tool
                   ProjectAssetsCacheFile = E:\Unity\LH Editor_Refactoring\tools\FurnitureAuthoringTool\src\FurnitureAuthoring.Tool\obj\Debug\net7.0-windows\FurnitureAuthoring.Tool.assets.cache
                   ProjectAssetsFile = E:\Unity\LH Editor_Refactoring\tools\FurnitureAuthoringTool\src\FurnitureAuthoring.Tool\obj\project.assets.json
                   ProjectDepsFileName = FurnitureAuthoring.Tool.deps.json
                   ProjectDepsFilePath = E:\Unity\LH Editor_Refactoring\tools\FurnitureAuthoringTool\src\FurnitureAuthoring.Tool\bin\Debug\net7.0-windows\FurnitureAuthoring.Tool.deps.json
                   ProjectDesignTimeAssemblyResolutionSearchPaths = 
                         {CandidateAssemblyFiles};
                         ;
                         {HintPathFromItem};
                         {TargetFrameworkDirectory};
                         {Registry:Software\Microsoft\.NETCoreApp,v7.0,AssemblyFoldersEx};
                         {RawFileName};
                         E:\Unity\LH Editor_Refactoring\tools\FurnitureAuthoringTool\src\FurnitureAuthoring.Tool\bin\Debug\net7.0-windows\
                       
                   ProjectDir = E:\Unity\LH Editor_Refactoring\tools\FurnitureAuthoringTool\src\FurnitureAuthoring.Tool\
                   ProjectExt = .csproj
                   ProjectFileName = FurnitureAuthoring.Tool.csproj
                   ProjectFlavor = Client
                   ProjectName = FurnitureAuthoring.Tool
                   ProjectPath = E:\Unity\LH Editor_Refactoring\tools\FurnitureAuthoringTool\src\FurnitureAuthoring.Tool\FurnitureAuthoring.Tool.csproj
                   ProjectRuntimeConfigFileName = FurnitureAuthoring.Tool.runtimeconfig.json
                   ProjectRuntimeConfigFilePath = E:\Unity\LH Editor_Refactoring\tools\FurnitureAuthoringTool\src\FurnitureAuthoring.Tool\bin\Debug\net7.0-windows\FurnitureAuthoring.Tool.runtimeconfig.json
                   PublishableProject = true
                   PublishAotSupported = true
                   PublishBuildDependsOn = 
                               BuildOnlySettings;
                               PrepareForBuild;
                               ResolveReferences;
                               PrepareResources;
                               ResolveKeySource;
                               PrepareResourcesForSatelliteAssemblies;
                               GenerateSerializationAssemblies;
                               CreateSatelliteAssemblies;
                           
                   PublishDependsOn = 
                         SetGenerateManifests;
                         Build;
                         PublishOnly
                       
                   PublishDir = bin\Debug\net7.0-windows\publish\
                   PublishDirName = publish
                   PublishDocumentationFile = true
                   PublishDocumentationFiles = true
                   PublishItemsOutputGroupDependsOn = 
                         ;
                         ResolveReferences;
                         ComputeResolvedFilesToPublishList;
                         _ComputeFilesToBundle;
                       
                   PublishOnlyDependsOn = 
                         SetGenerateManifests;
                         PublishBuild;
                         BeforePublish;
                         GenerateManifests;
                         CopyFilesToOutputDirectory;
                         _CopyFilesToPublishFolder;
                         _DeploymentGenerateBootstrapper;
                         ResolveKeySource;
                         _DeploymentSignClickOnceDeployment;
                         AfterPublish
                       
                   PublishProfileImported = false
                   PublishReadyToRunComposite = false
                   PublishReadyToRunPerfmapFormatVersion = 1
                   PublishReadyToRunUseCrossgen2 = true
                   PublishReadyToRunUseRuntimePackOptimizationData = true
                   PublishReferencesDocumentationFiles = true
                   RebuildDependsOn = 
                         _SdkBeforeRebuild;
                         
                         BeforeRebuild;
                         Clean;
                         Build;
                         AfterRebuild;
                       
                       
                   RefAssembliesFolderName = refs
                   ReferenceCopyLocalPathsOutputGroupDependsOn = 
                         ;
                         
                         ;
                         BuildOnlySettings;
                         PrepareForBuild;
                         AssignTargetPaths;
                         ResolveReferences
                       
                       
                   ReportingServicesTargets = C:\Program Files\dotnet\sdk\7.0.402\\Microsoft\VisualStudio\v17.0\ReportingServices\Microsoft.ReportingServices.targets
                   ResGenDependsOn = ResolveAssemblyReferences;SplitResourcesByCulture;BeforeResGen;CoreResGen;AfterResGen
                   ResGenExecuteAsTool = false
                   ResolveAssemblyReferenceOutputUnresolvedAssemblyConflicts = true
                   ResolveAssemblyReferencesDependsOn = 
                         
                         
                         ResolveProjectReferences;
                         FindInvalidProjectReferences;
                         GetFrameworkPaths;
                         GetReferenceAssemblyPaths;
                         PrepareForBuild;
                         ResolveSDKReferences;
                         ExpandSDKReferences;
                       ;
                         ResolvePackageDependenciesForBuild;
                         _HandlePackageFileConflicts;
                       ;
                         ResolveTargetingPackAssets;
                       
                   ResolveNuGetPackages = false
                   ResolvePackageDependenciesForBuildDependsOn = 
                         ResolveLockFileReferences;
                         ResolveLockFileAnalyzers;
                         ResolveLockFileCopyLocalFiles;
                         ResolveRuntimePackAssets;
                         RunProduceContentAssets;
                         IncludeTransitiveProjectReferences
                       
                   ResolveReferencesDependsOn = 
                         BeforeResolveReferences;
                         AssignProjectConfiguration;
                         ResolveProjectReferences;
                         FindInvalidProjectReferences;
                         ResolveNativeReferences;
                         ResolveAssemblyReferences;
                         GenerateBindingRedirects;
                         GenerateBindingRedirectsUpdateAppConfig;
                         ResolveComReferences;
                         AfterResolveReferences
                       
                   ResolveSDKReferencesDependsOn = 
                         GetInstalledSDKLocations
                       
                   RestoreBuildInParallel = true
                   RestoreContinueOnError = WarnAndContinue
                   RestoreOutputPath = E:\Unity\LH Editor_Refactoring\tools\FurnitureAuthoringTool\src\FurnitureAuthoring.Tool\obj\
                   RestoreProjectStyle = PackageReference
                   RestoreRecursive = true
                   RestoreTaskAssemblyFile = NuGet.Build.Tasks.dll
                   RestoreUseSkipNonexistentTargets = true
                   RootNamespace = FurnitureAuthoring.Tool
                   RoslynTargetsPath = C:\Program Files\dotnet\sdk\7.0.402\Roslyn
                   RunAfterInstall = true
                   RunArguments = 
                   RunCommand = E:\Unity\LH Editor_Refactoring\tools\FurnitureAuthoringTool\src\FurnitureAuthoring.Tool\bin\Debug\net7.0-windows\FurnitureAuthoring.Tool.exe
                   RunDependsOn = 
                   RunPackageValidationDependsOn = CollectApiCompatInputs;_GetReferencePathFromInnerProjects;
                   RuntimeIdentifierGraphPath = C:\Program Files\dotnet\sdk\7.0.402\RuntimeIdentifierGraph.json
                   RunWorkingDirectory = 
                   SatelliteDllsProjectOutputGroupDependenciesDependsOn = 
                         ;
                         
                         ;
                         BuildOnlySettings;
                         PrepareForBuild;
                         AssignTargetPaths;
                         ResolveReferences
                       
                       
                   SatelliteDllsProjectOutputGroupDependsOn = ;PrepareForBuild;PrepareResourceNames
                   SDKRedistOutputGroupDependsOn = ResolveSDKReferences;ExpandSDKReferences
                   SDKReferenceDirectoryRoot = C:\Users\LIMSOWAN\AppData\Local\Microsoft SDKs;C:\Program Files (x86)\Microsoft SDKs
                   SDKReferenceRegistryRoot = Software\Microsoft\Microsoft SDKs
                   SelfContained = false
                   SGenFilesOutputGroupDependenciesDependsOn = 
                         ;
                         
                         ;
                         BuildOnlySettings;
                         PrepareForBuild;
                         AssignTargetPaths;
                         ResolveReferences
                       
                       
                   SGenFilesOutputGroupDependsOn = 
                   SGenShouldGenerateSerializer = true
                   SGenUseKeep = false
                   SGenUseProxyTypes = true
                   ShouldMarkCertainSDKReferencesAsRuntimeOnly = true
                   SignAssembly = false
                   SkipCopyUnchangedFiles = true
                   SkipImportNuGetBuildTargets = true
                   SkipImportNuGetProps = true
                   SolutionDir = *Undefined*
                   SolutionExt = *Undefined*
                   SolutionFileName = *Undefined*
                   SolutionName = *Undefined*
                   SolutionPath = *Undefined*
                   SourceControlInformationFeatureSupported = true
                   SourceFilesProjectOutputGroupDependsOn = PrepareForBuild;AssignTargetPaths
                   SourceRootMappedPathsFeatureSupported = true
                   SupportedOSPlatformVersion = 7.0
                   SupportsRoslynComponentVersioning = true
                   SuppressDependenciesWhenPacking = false
                   SymbolPackageFormat = symbols.nupkg
                   TargetCulture = *
                   TargetDeployManifestFileName = FurnitureAuthoring.Tool.application
                   TargetDir = E:\Unity\LH Editor_Refactoring\tools\FurnitureAuthoringTool\src\FurnitureAuthoring.Tool\bin\Debug\net7.0-windows\
                   TargetedFrameworkDir = @(_TargetedFrameworkDirectoryItem)
                   TargetedSDKArchitecture = msil
                   TargetedSDKConfiguration = Debug
                   TargetExt = .dll
                   TargetFileName = FurnitureAuthoring.Tool.dll
                   TargetFramework = net7.0-windows
                   TargetFrameworkDirectory = 
                   TargetFrameworkIdentifier = .NETCoreApp
                   TargetFrameworkMoniker = .NETCoreApp,Version=v7.0
                   TargetFrameworkMonikerAssemblyAttributesPath = obj\Debug\net7.0-windows\.NETCoreApp,Version=v7.0.AssemblyAttributes.cs
                   TargetFrameworkMonikerDisplayName = .NET 7.0
                   TargetFrameworkSDKToolsDirectory = 
                   TargetFrameworkVersion = v7.0
                   TargetLatestRuntimePatch = false
                   TargetName = FurnitureAuthoring.Tool
                   TargetPath = E:\Unity\LH Editor_Refactoring\tools\FurnitureAuthoringTool\src\FurnitureAuthoring.Tool\bin\Debug\net7.0-windows\FurnitureAuthoring.Tool.dll
                   TargetPlatformDisplayName = Windows 7.0
                   TargetPlatformIdentifier = Windows
                   TargetPlatformMinVersion = 7.0
                   TargetPlatformMoniker = Windows,Version=7.0
                   TargetPlatformRegistryBase = Software\Microsoft\Microsoft SDKs\Windows
                   TargetPlatformSdkPath = 
                   TargetPlatformVersion = 7.0
                   TargetRefPath = E:\Unity\LH Editor_Refactoring\tools\FurnitureAuthoringTool\src\FurnitureAuthoring.Tool\obj\Debug\net7.0-windows\ref\FurnitureAuthoring.Tool.dll
                   TargetRuntime = Managed
                   TargetsForTfmSpecificContentInPackage = ;PackTool;_PackProjectToolValidation
                   TargetsNet7 = true
                   ToolCommandName = FurnitureAuthoring.Tool
                   ToolDepsJsonGeneratorProject = C:\Program Files\dotnet\sdk\7.0.402\Sdks\Microsoft.NET.Sdk\targets\GenerateDeps\GenerateDeps.proj
                   ToolEntryPoint = FurnitureAuthoring.Tool.dll
                   TreatWarningsAsErrors = false
                   UnmanagedRegistrationDependsOn = 
                   UnmanagedUnregistrationDependsOn = 
                   UnsupportedTargetFrameworkVersion = 8.0
                   UseAppHost = true
                   UseCommonOutputDirectory = false
                   UseDefaultPlatformLookupTables = true
                   UseHostCompilerIfAvailable = true
                   UseOSWinMdReferences = false
                   UserProfileRuntimeStorePath = C:\Users\LIMSOWAN\.dotnet\store
                   UserRuntimeConfig = E:\Unity\LH Editor_Refactoring\tools\FurnitureAuthoringTool\src\FurnitureAuthoring.Tool/runtimeconfig.template.json
                   UseSourcePath = true
                   UseWPF = true
                   UsingILLinkTasksSdk = true
                   UsingMicrosoftNETSdk = true
                   UsingNETSdkDefaults = true
                   Utf8Output = true
                   ValidateRuntimeIdentifierCompatibility = false
                   VerifyMatchingImplicitPackageVersion = true
                   Version = 1.0.0
                   VersionlessImplicitFrameworkDefine = NET
                   VersionPrefix = 1.0.0
                   VisualStudioVersion = 17.0
                   VSTestConsolePath = C:\Program Files\dotnet\sdk\7.0.402\vstest.console.dll
                   VSTestTargets = C:\Program Files\dotnet\sdk\7.0.402\\Microsoft.TestPlatform.targets
                   VSTestTaskAssemblyFile = Microsoft.TestPlatform.Build.dll
                   WarningLevel = 7
                   WarningsAsErrors = ;NU1605;SYSLIB0011
                   WarnOnPackingNonPackableProject = false
                   WebReference_EnableLegacyEventingModel = false
                   WebReference_EnableProperties = true
                   WebReference_EnableSQLTypes = true
                   WMSJSProject = WJProject
                   WMSJSProjectDirectory = JavaScript
                   XamlDebuggingInformation = true
                   YieldDuringToolExecution = true

16:19:02.795     0>초기 항목:
                   _AllDirectoriesAbove
                       E:\
                       E:\Unity
                       E:\Unity\LH Editor_Refactoring
                       E:\Unity\LH Editor_Refactoring\tools
                       E:\Unity\LH Editor_Refactoring\tools\FurnitureAuthoringTool
                       E:\Unity\LH Editor_Refactoring\tools\FurnitureAuthoringTool\src
                       E:\Unity\LH Editor_Refactoring\tools\FurnitureAuthoringTool\src\FurnitureAuthoring.Tool
                       E:\Unity\LH Editor_Refactoring\tools\FurnitureAuthoringTool\src\FurnitureAuthoring.Tool\Models
                       E:\Unity\LH Editor_Refactoring\tools\FurnitureAuthoringTool\src\FurnitureAuthoring.Tool\Services
                       E:\Unity\LH Editor_Refactoring\tools\FurnitureAuthoringTool\src\FurnitureAuthoring.Tool\ViewModels
                   _ApplicationManifestFinal
                       bin\Debug\net7.0-windows\FurnitureAuthoring.Tool.dll.manifest
                           TargetPath = FurnitureAuthoring.Tool.dll.manifest
                   _DebugSymbolsIntermediatePath
                       obj\Debug\net7.0-windows\FurnitureAuthoring.Tool.pdb
                   _DebugSymbolsOutputPath
                       bin\Debug\net7.0-windows\FurnitureAuthoring.Tool.pdb
                   _DeploymentManifestEntryPoint
                       obj\Debug\net7.0-windows\FurnitureAuthoring.Tool.dll
                           TargetPath = FurnitureAuthoring.Tool.dll
                   _EolNetCoreTargetFrameworkVersions
                       1.0
                       1.1
                       2.0
                       2.1
                       2.2
                       3.0
                       5.0
                   _FilteredRestoreGraphProjectInputItemsTmp
                       E:\Unity\LH Editor_Refactoring\tools\FurnitureAuthoringTool\src\FurnitureAuthoring.Tool\FurnitureAuthoring.Tool.csproj
                   _OutputPathItem
                       bin\Debug\net7.0-windows\
                   _ResolveComReferenceCache
                       obj\Debug\net7.0-windows\FurnitureAuthoring.Tool.csproj.ResolveComReference.cache
                   _UnmanagedRegistrationCache
                       obj\FurnitureAuthoring.Tool.csproj.UnmanagedRegistration.cache
                   _UnsupportedNETCoreAppTargetFramework
                       .NETCoreApp,Version=v1.0
                       .NETCoreApp,Version=v1.1
                       .NETCoreApp,Version=v2.0
                       .NETCoreApp,Version=v2.1
                       .NETCoreApp,Version=v2.2
                   _UnsupportedNETFrameworkTargetFramework
                       .NETFramework,Version=v2.0
                   _UnsupportedNETStandardTargetFramework
                       .NETStandard,Version=v1.0
                           DisplayName = .NET Standard 1.0
                           Alias = netstandard1.0
                       .NETStandard,Version=v1.1
                           DisplayName = .NET Standard 1.1
                           Alias = netstandard1.1
                       .NETStandard,Version=v1.2
                           DisplayName = .NET Standard 1.2
                           Alias = netstandard1.2
                       .NETStandard,Version=v1.3
                           DisplayName = .NET Standard 1.3
                           Alias = netstandard1.3
                       .NETStandard,Version=v1.4
                           DisplayName = .NET Standard 1.4
                           Alias = netstandard1.4
                       .NETStandard,Version=v1.5
                           DisplayName = .NET Standard 1.5
                           Alias = netstandard1.5
                       .NETStandard,Version=v1.6
                           DisplayName = .NET Standard 1.6
                           Alias = netstandard1.6
                       .NETStandard,Version=v2.0
                           DisplayName = .NET Standard 2.0
                           Alias = netstandard2.0
                       .NETStandard,Version=v2.1
                           DisplayName = .NET Standard 2.1
                           Alias = netstandard2.1
                   AdditionalProbingPath
                       C:\Users\LIMSOWAN\.dotnet\store\|arch|\|tfm|
                   AdditionalTargetFrameworkInfoProperty
                       _IsExecutable
                       _SelfContainedWasSpecified
                       IsRidAgnostic
                       SelfContained
                       ShouldBeValidatedAsExecutableReference
                   Analyzer
                       C:\Program Files\dotnet\sdk\7.0.402\Sdks\Microsoft.NET.Sdk\targets\..\analyzers\Microsoft.CodeAnalysis.CSharp.NetAnalyzers.dll
                           IsImplicitlyDefined = true
                       C:\Program Files\dotnet\sdk\7.0.402\Sdks\Microsoft.NET.Sdk\targets\..\analyzers\Microsoft.CodeAnalysis.NetAnalyzers.dll
                           IsImplicitlyDefined = true
                   AppConfigFileDestination
                       bin\Debug\net7.0-windows\FurnitureAuthoring.Tool.dll.config
                   ApplicationDefinition
                       App.xaml
                           Generator = MSBuild:Compile
                           XamlRuntime = Wpf
                           SubType = Designer
                   ApplicationManifest
                       obj\Debug\net7.0-windows\FurnitureAuthoring.Tool.dll.manifest
                           TargetPath = FurnitureAuthoring.Tool.dll.manifest
                   BuiltProjectOutputGroupKeyOutput
                       E:\Unity\LH Editor_Refactoring\tools\FurnitureAuthoringTool\src\FurnitureAuthoring.Tool\obj\Debug\net7.0-windows\FurnitureAuthoring.Tool.dll
                           IsKeyOutput = true
                           FinalOutputPath = E:\Unity\LH Editor_Refactoring\tools\FurnitureAuthoringTool\src\FurnitureAuthoring.Tool\bin\Debug\net7.0-windows\FurnitureAuthoring.Tool.dll
                           TargetPath = FurnitureAuthoring.Tool.dll
                   ClsidMap
                       obj\Debug\net7.0-windows\FurnitureAuthoring.Tool.clsidmap
                   Compile
                       App.xaml.cs
                       AssemblyInfo.cs
                       MainWindow.xaml.cs
                       Models\ToolSettings.cs
                       Models\UnityBatchBuildResult.cs
                       Services\ToolSettingsStore.cs
                       Services\UnityBatchModeRunner.cs
                       ViewModels\WindowViewModel.cs
                   CompilerVisibleProperty
                       _SupportedPlatformList
                       EnforceExtendedAnalyzerRules
                       InvariantGlobalization
                       PlatformNeutralAssembly
                       ProjectDir
                       ProjectTypeGuids
                       RootNamespace
                       TargetFramework
                       TargetPlatformMinVersion
                       UsingMicrosoftNETSdkWeb
                   Content
                       ..\..\samples\furniture-manifest.sample.json
                           CopyToOutputDirectory = PreserveNewest
                           Link = samples\furniture-manifest.sample.json
                   CopyUpToDateMarker
                       E:\Unity\LH Editor_Refactoring\tools\FurnitureAuthoringTool\src\FurnitureAuthoring.Tool\obj\Debug\net7.0-windows\FurnitureAuthoring.Tool.csproj.CopyComplete
                   CreateDirectory
                       E:\Unity\LH Editor_Refactoring\tools\FurnitureAuthoringTool\src\FurnitureAuthoring.Tool\obj\Debug\net7.0-windows\refint\
                       obj\Debug\net7.0-windows\ref
                   DebugSymbolsProjectOutputGroupOutput
                       E:\Unity\LH Editor_Refactoring\tools\FurnitureAuthoringTool\src\FurnitureAuthoring.Tool\obj\Debug\net7.0-windows\FurnitureAuthoring.Tool.pdb
                           FinalOutputPath = E:\Unity\LH Editor_Refactoring\tools\FurnitureAuthoringTool\src\FurnitureAuthoring.Tool\bin\Debug\net7.0-windows\FurnitureAuthoring.Tool.pdb
                           TargetPath = FurnitureAuthoring.Tool.pdb
                   DeployManifest
                       obj\Debug\net7.0-windows\FurnitureAuthoring.Tool.application
                           TargetPath = FurnitureAuthoring.Tool.application
                   FilteredRestoreGraphProjectInputItems
                       E:\Unity\LH Editor_Refactoring\tools\FurnitureAuthoringTool\src\FurnitureAuthoring.Tool\FurnitureAuthoring.Tool.csproj
                           MSBuildSourceProjectFile = E:\Unity\LH Editor_Refactoring\tools\FurnitureAuthoringTool\src\FurnitureAuthoring.Tool\FurnitureAuthoring.Tool.csproj
                           MSBuildSourceTargetName = _IsProjectRestoreSupported
                           OriginalItemSpec = E:\Unity\LH Editor_Refactoring\tools\FurnitureAuthoringTool\src\FurnitureAuthoring.Tool\FurnitureAuthoring.Tool.csproj
                   FilteredRestoreGraphProjectInputItemsWithoutDuplicates
                       E:\Unity\LH Editor_Refactoring\tools\FurnitureAuthoringTool\src\FurnitureAuthoring.Tool\FurnitureAuthoring.Tool.csproj
                   FrameworkReference
                       Microsoft.NETCore.App
                           IsImplicitlyDefined = true
                           PrivateAssets = All
                           Pack = false
                       Microsoft.WindowsDesktop.App.WPF
                           IsImplicitlyDefined = true
                   GenerateRuntimeConfigurationFilesInputs
                       E:\Unity\LH Editor_Refactoring\tools\FurnitureAuthoringTool\src\FurnitureAuthoring.Tool\obj\Debug\net7.0-windows\FurnitureAuthoring.Tool.assets.cache
                       E:\Unity\LH Editor_Refactoring\tools\FurnitureAuthoringTool\src\FurnitureAuthoring.Tool\obj\project.assets.json
                   GlobalAnalyzerConfigFiles
                       E:\.globalconfig
                       E:\Unity\.globalconfig
                       E:\Unity\LH Editor_Refactoring\.globalconfig
                       E:\Unity\LH Editor_Refactoring\tools\.globalconfig
                       E:\Unity\LH Editor_Refactoring\tools\FurnitureAuthoringTool\.globalconfig
                       E:\Unity\LH Editor_Refactoring\tools\FurnitureAuthoringTool\src\.globalconfig
                       E:\Unity\LH Editor_Refactoring\tools\FurnitureAuthoringTool\src\FurnitureAuthoring.Tool\.globalconfig
                       E:\Unity\LH Editor_Refactoring\tools\FurnitureAuthoringTool\src\FurnitureAuthoring.Tool\Models\.globalconfig
                       E:\Unity\LH Editor_Refactoring\tools\FurnitureAuthoringTool\src\FurnitureAuthoring.Tool\Services\.globalconfig
                       E:\Unity\LH Editor_Refactoring\tools\FurnitureAuthoringTool\src\FurnitureAuthoring.Tool\ViewModels\.globalconfig
                   ImplicitPackageReferenceVersion
                       Microsoft.AspNetCore.All
                           LatestVersion = 2.1.30
                           DefaultVersion = 2.1.1
                           TargetFrameworkVersion = 2.1
                       Microsoft.AspNetCore.All
                           LatestVersion = 2.2.8
                           DefaultVersion = 2.2.0
                           TargetFrameworkVersion = 2.2
                       Microsoft.AspNetCore.App
                           LatestVersion = 2.1.30
                           DefaultVersion = 2.1.1
                           TargetFrameworkVersion = 2.1
                       Microsoft.AspNetCore.App
                           LatestVersion = 2.2.8
                           DefaultVersion = 2.2.0
                           TargetFrameworkVersion = 2.2
                       Microsoft.NETCore.App
                           LatestVersion = 1.0.16
                           DefaultVersion = 1.0.5
                           TargetFrameworkVersion = 1.0
                       Microsoft.NETCore.App
                           LatestVersion = 1.1.13
                           DefaultVersion = 1.1.2
                           TargetFrameworkVersion = 1.1
                       Microsoft.NETCore.App
                           LatestVersion = 2.0.9
                           DefaultVersion = 2.0.0
                           TargetFrameworkVersion = 2.0
                       Microsoft.NETCore.App
                           LatestVersion = 2.1.30
                           DefaultVersion = 2.1.0
                           TargetFrameworkVersion = 2.1
                       Microsoft.NETCore.App
                           LatestVersion = 2.2.8
                           DefaultVersion = 2.2.0
                           TargetFrameworkVersion = 2.2
                   IntermediateAssembly
                       obj\Debug\net7.0-windows\FurnitureAuthoring.Tool.dll
                   IntermediateRefAssembly
                       obj\Debug\net7.0-windows\refint\FurnitureAuthoring.Tool.dll
                   KnownAppHostPack
                       Microsoft.NETCore.App
                           ExcludedRuntimeIdentifiers = android
                           AppHostRuntimeIdentifiers = linux-arm;linux-arm64;linux-musl-arm64;linux-musl-x64;linux-x64;osx-x64;rhel.6-x64;tizen.4.0.0-armel;tizen.5.0.0-armel;win-arm;win-arm64;win-x64;win-x86;linux-musl-arm;osx-arm64;linux-s390x;linux-bionic-arm;linux-bionic-arm64;linux-bionic-x64;linux-bionic-x86;linux-ppc64le
                           TargetFramework = net7.0
                           AppHostPackNamePattern = Microsoft.NETCore.App.Host.**RID**
                           AppHostPackVersion = 7.0.12
                       Microsoft.NETCore.App
                           ExcludedRuntimeIdentifiers = android
                           AppHostRuntimeIdentifiers = linux-arm;linux-arm64;linux-musl-arm64;linux-musl-x64;linux-x64;osx-x64;rhel.6-x64;tizen.4.0.0-armel;tizen.5.0.0-armel;win-arm;win-arm64;win-x64;win-x86;linux-musl-arm;osx-arm64;linux-s390x
                           TargetFramework = net6.0
                           AppHostPackNamePattern = Microsoft.NETCore.App.Host.**RID**
                           AppHostPackVersion = 6.0.23
                       Microsoft.NETCore.App
                           AppHostRuntimeIdentifiers = linux-arm;linux-arm64;linux-musl-arm64;linux-musl-x64;linux-x64;osx-x64;rhel.6-x64;tizen.4.0.0-armel;tizen.5.0.0-armel;win-arm;win-arm64;win-x64;win-x86;linux-musl-arm
                           TargetFramework = net5.0
                           AppHostPackNamePattern = Microsoft.NETCore.App.Host.**RID**
                           AppHostPackVersion = 5.0.17
                       Microsoft.NETCore.App
                           AppHostRuntimeIdentifiers = linux-arm;linux-arm64;linux-musl-arm64;linux-musl-x64;linux-x64;osx-x64;rhel.6-x64;tizen.4.0.0-armel;tizen.5.0.0-armel;win-arm;win-arm64;win-x64;win-x86
                           TargetFramework = netcoreapp3.1
                           AppHostPackNamePattern = Microsoft.NETCore.App.Host.**RID**
                           AppHostPackVersion = 3.1.32
                       Microsoft.NETCore.App
                           AppHostRuntimeIdentifiers = linux-arm;linux-arm64;linux-musl-arm64;linux-musl-x64;linux-x64;osx-x64;rhel.6-x64;tizen.4.0.0-armel;tizen.5.0.0-armel;win-arm;win-arm64;win-x64;win-x86
                           TargetFramework = netcoreapp3.0
                           AppHostPackNamePattern = Microsoft.NETCore.App.Host.**RID**
                           AppHostPackVersion = 3.0.3
                   KnownCrossgen2Pack
                       Microsoft.NETCore.App.Crossgen2
                           Crossgen2RuntimeIdentifiers = linux-musl-x64;linux-x64;win-x64;linux-arm;linux-arm64;linux-musl-arm;linux-musl-arm64;osx-arm64;osx-x64;win-arm;win-arm64;win-x86
                           TargetFramework = net7.0
                           Crossgen2PackNamePattern = Microsoft.NETCore.App.Crossgen2.**RID**
                           Crossgen2PackVersion = 7.0.12
                       Microsoft.NETCore.App.Crossgen2
                           Crossgen2RuntimeIdentifiers = linux-musl-x64;linux-x64;win-x64;linux-arm;linux-arm64;linux-musl-arm;linux-musl-arm64;osx-arm64;osx-x64;win-arm;win-arm64;win-x86
                           TargetFramework = net6.0
                           Crossgen2PackNamePattern = Microsoft.NETCore.App.Crossgen2.**RID**
                           Crossgen2PackVersion = 6.0.23
                       Microsoft.NETCore.App.Crossgen2
                           Crossgen2RuntimeIdentifiers = linux-musl-x64;linux-x64;win-x64
                           TargetFramework = net5.0
                           Crossgen2PackNamePattern = Microsoft.NETCore.App.Crossgen2.**RID**
                           Crossgen2PackVersion = 5.0.17
                   KnownFrameworkReference
                       Microsoft.AspNetCore.App
                           TargetFramework = net5.0
                           DefaultRuntimeFrameworkVersion = 5.0.0
                           TargetingPackName = Microsoft.AspNetCore.App.Ref
                           LatestRuntimeFrameworkVersion = 5.0.17
                           RuntimePackRuntimeIdentifiers = win-x64;win-x86;win-arm;osx-x64;linux-musl-x64;linux-musl-arm64;linux-x64;linux-arm;linux-arm64;linux-musl-arm;win-arm64
                           RuntimePackNamePatterns = Microsoft.AspNetCore.App.Runtime.**RID**
                           TargetingPackVersion = 5.0.0
                           RuntimeFrameworkName = Microsoft.AspNetCore.App
                       Microsoft.AspNetCore.App
                           TargetFramework = netcoreapp3.0
                           DefaultRuntimeFrameworkVersion = 3.0.0
                           TargetingPackName = Microsoft.AspNetCore.App.Ref
                           LatestRuntimeFrameworkVersion = 3.0.3
                           RuntimePackRuntimeIdentifiers = win-x64;win-x86;win-arm;osx-x64;linux-musl-x64;linux-musl-arm64;linux-x64;linux-arm;linux-arm64
                           RuntimePackNamePatterns = Microsoft.AspNetCore.App.Runtime.**RID**
                           TargetingPackVersion = 3.0.1
                           RuntimeFrameworkName = Microsoft.AspNetCore.App
                       Microsoft.AspNetCore.App
                           TargetFramework = netcoreapp3.1
                           DefaultRuntimeFrameworkVersion = 3.1.0
                           TargetingPackName = Microsoft.AspNetCore.App.Ref
                           LatestRuntimeFrameworkVersion = 3.1.32
                           RuntimePackRuntimeIdentifiers = win-x64;win-x86;win-arm;osx-x64;linux-musl-x64;linux-musl-arm64;linux-x64;linux-arm;linux-arm64
                           RuntimePackNamePatterns = Microsoft.AspNetCore.App.Runtime.**RID**
                           TargetingPackVersion = 3.1.10
                           RuntimeFrameworkName = Microsoft.AspNetCore.App
                       Microsoft.AspNetCore.App
                           TargetFramework = net7.0
                           DefaultRuntimeFrameworkVersion = 7.0.0
                           TargetingPackName = Microsoft.AspNetCore.App.Ref
                           LatestRuntimeFrameworkVersion = 7.0.12
                           RuntimePackExcludedRuntimeIdentifiers = android
                           RuntimePackRuntimeIdentifiers = win-x64;win-x86;win-arm;osx-x64;linux-musl-x64;linux-musl-arm64;linux-x64;linux-arm;linux-arm64;linux-musl-arm;win-arm64;osx-arm64;linux-s390x;linux-ppc64le
                           RuntimePackNamePatterns = Microsoft.AspNetCore.App.Runtime.**RID**
                           TargetingPackVersion = 7.0.12
                           RuntimeFrameworkName = Microsoft.AspNetCore.App
                       Microsoft.AspNetCore.App
                           TargetFramework = net6.0
                           DefaultRuntimeFrameworkVersion = 6.0.0
                           TargetingPackName = Microsoft.AspNetCore.App.Ref
                           LatestRuntimeFrameworkVersion = 6.0.23
                           RuntimePackRuntimeIdentifiers = win-x64;win-x86;win-arm;osx-x64;linux-musl-x64;linux-musl-arm64;linux-x64;linux-arm;linux-arm64;linux-musl-arm;win-arm64;osx-arm64;linux-s390x
                           RuntimePackNamePatterns = Microsoft.AspNetCore.App.Runtime.**RID**
                           TargetingPackVersion = 6.0.23
                           RuntimeFrameworkName = Microsoft.AspNetCore.App
                       Microsoft.NETCore.App
                           TargetFramework = net5.0
                           DefaultRuntimeFrameworkVersion = 5.0.0
                           TargetingPackName = Microsoft.NETCore.App.Ref
                           LatestRuntimeFrameworkVersion = 5.0.17
                           RuntimePackRuntimeIdentifiers = linux-arm;linux-arm64;linux-musl-arm64;linux-musl-x64;linux-x64;osx-x64;rhel.6-x64;tizen.4.0.0-armel;tizen.5.0.0-armel;win-arm;win-arm64;win-x64;win-x86;linux-musl-arm;browser-wasm
                           RuntimePackNamePatterns = Microsoft.NETCore.App.Runtime.**RID**
                           TargetingPackVersion = 5.0.0
                           IsTrimmable = true
                           RuntimeFrameworkName = Microsoft.NETCore.App
                       Microsoft.NETCore.App
                           TargetFramework = net6.0
                           DefaultRuntimeFrameworkVersion = 6.0.0
                           TargetingPackName = Microsoft.NETCore.App.Ref
                           LatestRuntimeFrameworkVersion = 6.0.23
                           RuntimePackRuntimeIdentifiers = linux-arm;linux-arm64;linux-musl-arm64;linux-musl-x64;linux-x64;osx-x64;rhel.6-x64;tizen.4.0.0-armel;tizen.5.0.0-armel;win-arm;win-arm64;win-x64;win-x86;linux-musl-arm;osx-arm64;maccatalyst-x64;maccatalyst-arm64;linux-s390x;linux-bionic-arm;linux-bionic-arm64;linux-bionic-x64;linux-bionic-x86;linux-ppc64le
                           RuntimePackNamePatterns = Microsoft.NETCore.App.Runtime.**RID**
                           TargetingPackVersion = 6.0.23
                           RuntimeFrameworkName = Microsoft.NETCore.App
                       Microsoft.NETCore.App
                           TargetFramework = netcoreapp3.1
                           DefaultRuntimeFrameworkVersion = 3.1.0
                           TargetingPackName = Microsoft.NETCore.App.Ref
                           LatestRuntimeFrameworkVersion = 3.1.32
                           RuntimePackRuntimeIdentifiers = linux-arm;linux-arm64;linux-musl-arm64;linux-musl-x64;linux-x64;osx-x64;rhel.6-x64;tizen.4.0.0-armel;tizen.5.0.0-armel;win-arm;win-arm64;win-x64;win-x86
                           RuntimePackNamePatterns = Microsoft.NETCore.App.Runtime.**RID**
                           TargetingPackVersion = 3.1.0
                           IsTrimmable = true
                           RuntimeFrameworkName = Microsoft.NETCore.App
                       Microsoft.NETCore.App
                           TargetFramework = netcoreapp3.0
                           DefaultRuntimeFrameworkVersion = 3.0.0
                           TargetingPackName = Microsoft.NETCore.App.Ref
                           LatestRuntimeFrameworkVersion = 3.0.3
                           RuntimePackRuntimeIdentifiers = linux-arm;linux-arm64;linux-musl-arm64;linux-musl-x64;linux-x64;osx-x64;rhel.6-x64;tizen.4.0.0-armel;tizen.5.0.0-armel;win-arm;win-arm64;win-x64;win-x86
                           RuntimePackNamePatterns = Microsoft.NETCore.App.Runtime.**RID**
                           TargetingPackVersion = 3.0.0
                           IsTrimmable = true
                           RuntimeFrameworkName = Microsoft.NETCore.App
                       Microsoft.NETCore.App
                           TargetFramework = net7.0
                           DefaultRuntimeFrameworkVersion = 7.0.0
                           TargetingPackName = Microsoft.NETCore.App.Ref
                           LatestRuntimeFrameworkVersion = 7.0.12
                           RuntimePackRuntimeIdentifiers = linux-arm;linux-arm64;linux-musl-arm64;linux-musl-x64;linux-x64;osx-x64;rhel.6-x64;tizen.4.0.0-armel;tizen.5.0.0-armel;win-arm;win-arm64;win-x64;win-x86;linux-musl-arm;osx-arm64;maccatalyst-x64;maccatalyst-arm64;linux-s390x;linux-bionic-arm;linux-bionic-arm64;linux-bionic-x64;linux-bionic-x86;linux-ppc64le
                           RuntimePackNamePatterns = Microsoft.NETCore.App.Runtime.**RID**
                           TargetingPackVersion = 7.0.12
                           RuntimeFrameworkName = Microsoft.NETCore.App
                       Microsoft.Windows.SDK.NET.Ref
                           RuntimePackAlwaysCopyLocal = true
                           TargetFramework = net7.0-windows10.0.18362.0
                           DefaultRuntimeFrameworkVersion = 10.0.18362.29
                           TargetingPackName = Microsoft.Windows.SDK.NET.Ref
                           IsWindowsOnly = true
                           LatestRuntimeFrameworkVersion = 10.0.18362.29
                           RuntimePackRuntimeIdentifiers = any
                           RuntimePackNamePatterns = Microsoft.Windows.SDK.NET.Ref
                           TargetingPackVersion = 10.0.18362.29
                           RuntimeFrameworkName = Microsoft.Windows.SDK.NET.Ref
                       Microsoft.Windows.SDK.NET.Ref
                           RuntimePackAlwaysCopyLocal = true
                           TargetFramework = net5.0-windows10.0.17763.0
                           DefaultRuntimeFrameworkVersion = 10.0.17763.29
                           TargetingPackName = Microsoft.Windows.SDK.NET.Ref
                           IsWindowsOnly = true
                           LatestRuntimeFrameworkVersion = 10.0.17763.29
                           RuntimePackRuntimeIdentifiers = any
                           RuntimePackNamePatterns = Microsoft.Windows.SDK.NET.Ref
                           TargetingPackVersion = 10.0.17763.29
                           RuntimeFrameworkName = Microsoft.Windows.SDK.NET.Ref
                       Microsoft.Windows.SDK.NET.Ref
                           RuntimePackAlwaysCopyLocal = true
                           TargetFramework = net5.0-windows10.0.19041.0
                           DefaultRuntimeFrameworkVersion = 10.0.19041.29
                           TargetingPackName = Microsoft.Windows.SDK.NET.Ref
                           IsWindowsOnly = true
                           LatestRuntimeFrameworkVersion = 10.0.19041.29
                           RuntimePackRuntimeIdentifiers = any
                           RuntimePackNamePatterns = Microsoft.Windows.SDK.NET.Ref
                           TargetingPackVersion = 10.0.19041.29
                           RuntimeFrameworkName = Microsoft.Windows.SDK.NET.Ref
                       Microsoft.Windows.SDK.NET.Ref
                           RuntimePackAlwaysCopyLocal = true
                           TargetFramework = net7.0-windows10.0.17763.0
                           DefaultRuntimeFrameworkVersion = 10.0.17763.29
                           TargetingPackName = Microsoft.Windows.SDK.NET.Ref
                           IsWindowsOnly = true
                           LatestRuntimeFrameworkVersion = 10.0.17763.29
                           RuntimePackRuntimeIdentifiers = any
                           RuntimePackNamePatterns = Microsoft.Windows.SDK.NET.Ref
                           TargetingPackVersion = 10.0.17763.29
                           RuntimeFrameworkName = Microsoft.Windows.SDK.NET.Ref
                       Microsoft.Windows.SDK.NET.Ref
                           RuntimePackAlwaysCopyLocal = true
                           TargetFramework = net6.0-windows10.0.17763.0
                           DefaultRuntimeFrameworkVersion = 10.0.17763.29
                           TargetingPackName = Microsoft.Windows.SDK.NET.Ref
                           IsWindowsOnly = true
                           LatestRuntimeFrameworkVersion = 10.0.17763.29
                           RuntimePackRuntimeIdentifiers = any
                           RuntimePackNamePatterns = Microsoft.Windows.SDK.NET.Ref
                           TargetingPackVersion = 10.0.17763.29
                           RuntimeFrameworkName = Microsoft.Windows.SDK.NET.Ref
                       Microsoft.Windows.SDK.NET.Ref
                           RuntimePackAlwaysCopyLocal = true
                           TargetFramework = net6.0-windows10.0.18362.0
                           DefaultRuntimeFrameworkVersion = 10.0.18362.29
                           TargetingPackName = Microsoft.Windows.SDK.NET.Ref
                           IsWindowsOnly = true
                           LatestRuntimeFrameworkVersion = 10.0.18362.29
                           RuntimePackRuntimeIdentifiers = any
                           RuntimePackNamePatterns = Microsoft.Windows.SDK.NET.Ref
                           TargetingPackVersion = 10.0.18362.29
                           RuntimeFrameworkName = Microsoft.Windows.SDK.NET.Ref
                       Microsoft.Windows.SDK.NET.Ref
                           RuntimePackAlwaysCopyLocal = true
                           TargetFramework = net6.0-windows10.0.19041.0
                           DefaultRuntimeFrameworkVersion = 10.0.19041.29
                           TargetingPackName = Microsoft.Windows.SDK.NET.Ref
                           IsWindowsOnly = true
                           LatestRuntimeFrameworkVersion = 10.0.19041.29
                           RuntimePackRuntimeIdentifiers = any
                           RuntimePackNamePatterns = Microsoft.Windows.SDK.NET.Ref
                           TargetingPackVersion = 10.0.19041.29
                           RuntimeFrameworkName = Microsoft.Windows.SDK.NET.Ref
                       Microsoft.Windows.SDK.NET.Ref
                           RuntimePackAlwaysCopyLocal = true
                           TargetFramework = net5.0-windows10.0.18362.0
                           DefaultRuntimeFrameworkVersion = 10.0.18362.29
                           TargetingPackName = Microsoft.Windows.SDK.NET.Ref
                           IsWindowsOnly = true
                           LatestRuntimeFrameworkVersion = 10.0.18362.29
                           RuntimePackRuntimeIdentifiers = any
                           RuntimePackNamePatterns = Microsoft.Windows.SDK.NET.Ref
                           TargetingPackVersion = 10.0.18362.29
                           RuntimeFrameworkName = Microsoft.Windows.SDK.NET.Ref
                       Microsoft.Windows.SDK.NET.Ref
                           RuntimePackAlwaysCopyLocal = true
                           TargetFramework = net7.0-windows10.0.19041.0
                           DefaultRuntimeFrameworkVersion = 10.0.19041.29
                           TargetingPackName = Microsoft.Windows.SDK.NET.Ref
                           IsWindowsOnly = true
                           LatestRuntimeFrameworkVersion = 10.0.19041.29
                           RuntimePackRuntimeIdentifiers = any
                           RuntimePackNamePatterns = Microsoft.Windows.SDK.NET.Ref
                           TargetingPackVersion = 10.0.19041.29
                           RuntimeFrameworkName = Microsoft.Windows.SDK.NET.Ref
                       Microsoft.WindowsDesktop.App
                           TargetFramework = netcoreapp3.1
                           DefaultRuntimeFrameworkVersion = 3.1.0
                           TargetingPackName = Microsoft.WindowsDesktop.App.Ref
                           IsWindowsOnly = true
                           LatestRuntimeFrameworkVersion = 3.1.32
                           RuntimePackRuntimeIdentifiers = win-x64;win-x86
                           RuntimePackNamePatterns = Microsoft.WindowsDesktop.App.Runtime.**RID**
                           TargetingPackVersion = 3.1.0
                           RuntimeFrameworkName = Microsoft.WindowsDesktop.App
                       Microsoft.WindowsDesktop.App
                           TargetFramework = netcoreapp3.0
                           DefaultRuntimeFrameworkVersion = 3.0.0
                           TargetingPackName = Microsoft.WindowsDesktop.App.Ref
                           IsWindowsOnly = true
                           LatestRuntimeFrameworkVersion = 3.0.3
                           RuntimePackRuntimeIdentifiers = win-x64;win-x86
                           RuntimePackNamePatterns = Microsoft.WindowsDesktop.App.Runtime.**RID**
                           TargetingPackVersion = 3.0.0
                           RuntimeFrameworkName = Microsoft.WindowsDesktop.App
                       Microsoft.WindowsDesktop.App
                           TargetFramework = net5.0
                           DefaultRuntimeFrameworkVersion = 5.0.0
                           TargetingPackName = Microsoft.WindowsDesktop.App.Ref
                           IsWindowsOnly = true
                           LatestRuntimeFrameworkVersion = 5.0.17
                           RuntimePackRuntimeIdentifiers = win-x64;win-x86;win-arm64
                           RuntimePackNamePatterns = Microsoft.WindowsDesktop.App.Runtime.**RID**
                           TargetingPackVersion = 5.0.0
                           RuntimeFrameworkName = Microsoft.WindowsDesktop.App
                       Microsoft.WindowsDesktop.App
                           TargetFramework = net6.0
                           DefaultRuntimeFrameworkVersion = 6.0.0
                           TargetingPackName = Microsoft.WindowsDesktop.App.Ref
                           IsWindowsOnly = true
                           LatestRuntimeFrameworkVersion = 6.0.23
                           RuntimePackRuntimeIdentifiers = win-x64;win-x86;win-arm64
                           RuntimePackNamePatterns = Microsoft.WindowsDesktop.App.Runtime.**RID**
                           TargetingPackVersion = 6.0.23
                           RuntimeFrameworkName = Microsoft.WindowsDesktop.App
                       Microsoft.WindowsDesktop.App
                           TargetFramework = net7.0
                           DefaultRuntimeFrameworkVersion = 7.0.0
                           TargetingPackName = Microsoft.WindowsDesktop.App.Ref
                           IsWindowsOnly = true
                           LatestRuntimeFrameworkVersion = 7.0.12
                           RuntimePackRuntimeIdentifiers = win-x64;win-x86;win-arm64
                           RuntimePackNamePatterns = Microsoft.WindowsDesktop.App.Runtime.**RID**
                           TargetingPackVersion = 7.0.12
                           RuntimeFrameworkName = Microsoft.WindowsDesktop.App
                       Microsoft.WindowsDesktop.App.WindowsForms
                           TargetFramework = net6.0
                           DefaultRuntimeFrameworkVersion = 6.0.0
                           TargetingPackName = Microsoft.WindowsDesktop.App.Ref
                           IsWindowsOnly = true
                           LatestRuntimeFrameworkVersion = 6.0.23
                           RuntimePackRuntimeIdentifiers = win-x64;win-x86;win-arm64
                           RuntimePackNamePatterns = Microsoft.WindowsDesktop.App.Runtime.**RID**
                           TargetingPackVersion = 6.0.23
                           Profile = WindowsForms
                           RuntimeFrameworkName = Microsoft.WindowsDesktop.App
                       Microsoft.WindowsDesktop.App.WindowsForms
                           TargetFramework = netcoreapp3.1
                           DefaultRuntimeFrameworkVersion = 3.1.0
                           TargetingPackName = Microsoft.WindowsDesktop.App.Ref
                           IsWindowsOnly = true
                           LatestRuntimeFrameworkVersion = 3.1.32
                           RuntimePackRuntimeIdentifiers = win-x64;win-x86
                           RuntimePackNamePatterns = Microsoft.WindowsDesktop.App.Runtime.**RID**
                           TargetingPackVersion = 3.1.0
                           Profile = WindowsForms
                           RuntimeFrameworkName = Microsoft.WindowsDesktop.App
                       Microsoft.WindowsDesktop.App.WindowsForms
                           TargetFramework = net7.0
                           DefaultRuntimeFrameworkVersion = 7.0.0
                           TargetingPackName = Microsoft.WindowsDesktop.App.Ref
                           IsWindowsOnly = true
                           LatestRuntimeFrameworkVersion = 7.0.12
                           RuntimePackRuntimeIdentifiers = win-x64;win-x86;win-arm64
                           RuntimePackNamePatterns = Microsoft.WindowsDesktop.App.Runtime.**RID**
                           TargetingPackVersion = 7.0.12
                           Profile = WindowsForms
                           RuntimeFrameworkName = Microsoft.WindowsDesktop.App
                       Microsoft.WindowsDesktop.App.WindowsForms
                           TargetFramework = netcoreapp3.0
                           DefaultRuntimeFrameworkVersion = 3.0.0
                           TargetingPackName = Microsoft.WindowsDesktop.App.Ref
                           IsWindowsOnly = true
                           LatestRuntimeFrameworkVersion = 3.0.3
                           RuntimePackRuntimeIdentifiers = win-x64;win-x86
                           RuntimePackNamePatterns = Microsoft.WindowsDesktop.App.Runtime.**RID**
                           TargetingPackVersion = 3.0.0
                           Profile = WindowsForms
                           RuntimeFrameworkName = Microsoft.WindowsDesktop.App
                       Microsoft.WindowsDesktop.App.WindowsForms
                           TargetFramework = net5.0
                           DefaultRuntimeFrameworkVersion = 5.0.0
                           TargetingPackName = Microsoft.WindowsDesktop.App.Ref
                           IsWindowsOnly = true
                           LatestRuntimeFrameworkVersion = 5.0.17
                           RuntimePackRuntimeIdentifiers = win-x64;win-x86;win-arm64
                           RuntimePackNamePatterns = Microsoft.WindowsDesktop.App.Runtime.**RID**
                           TargetingPackVersion = 5.0.0
                           Profile = WindowsForms
                           RuntimeFrameworkName = Microsoft.WindowsDesktop.App
                       Microsoft.WindowsDesktop.App.WPF
                           TargetFramework = net5.0
                           DefaultRuntimeFrameworkVersion = 5.0.0
                           TargetingPackName = Microsoft.WindowsDesktop.App.Ref
                           IsWindowsOnly = true
                           LatestRuntimeFrameworkVersion = 5.0.17
                           RuntimePackRuntimeIdentifiers = win-x64;win-x86;win-arm64
                           RuntimePackNamePatterns = Microsoft.WindowsDesktop.App.Runtime.**RID**
                           TargetingPackVersion = 5.0.0
                           Profile = WPF
                           RuntimeFrameworkName = Microsoft.WindowsDesktop.App
                       Microsoft.WindowsDesktop.App.WPF
                           TargetFramework = net6.0
                           DefaultRuntimeFrameworkVersion = 6.0.0
                           TargetingPackName = Microsoft.WindowsDesktop.App.Ref
                           IsWindowsOnly = true
                           LatestRuntimeFrameworkVersion = 6.0.23
                           RuntimePackRuntimeIdentifiers = win-x64;win-x86;win-arm64
                           RuntimePackNamePatterns = Microsoft.WindowsDesktop.App.Runtime.**RID**
                           TargetingPackVersion = 6.0.23
                           Profile = WPF
                           RuntimeFrameworkName = Microsoft.WindowsDesktop.App
                       Microsoft.WindowsDesktop.App.WPF
                           TargetFramework = netcoreapp3.1
                           DefaultRuntimeFrameworkVersion = 3.1.0
                           TargetingPackName = Microsoft.WindowsDesktop.App.Ref
                           IsWindowsOnly = true
                           LatestRuntimeFrameworkVersion = 3.1.32
                           RuntimePackRuntimeIdentifiers = win-x64;win-x86
                           RuntimePackNamePatterns = Microsoft.WindowsDesktop.App.Runtime.**RID**
                           TargetingPackVersion = 3.1.0
                           Profile = WPF
                           RuntimeFrameworkName = Microsoft.WindowsDesktop.App
                       Microsoft.WindowsDesktop.App.WPF
                           TargetFramework = net7.0
                           DefaultRuntimeFrameworkVersion = 7.0.0
                           TargetingPackName = Microsoft.WindowsDesktop.App.Ref
                           IsWindowsOnly = true
                           LatestRuntimeFrameworkVersion = 7.0.12
                           RuntimePackRuntimeIdentifiers = win-x64;win-x86;win-arm64
                           RuntimePackNamePatterns = Microsoft.WindowsDesktop.App.Runtime.**RID**
                           TargetingPackVersion = 7.0.12
                           Profile = WPF
                           RuntimeFrameworkName = Microsoft.WindowsDesktop.App
                       Microsoft.WindowsDesktop.App.WPF
                           TargetFramework = netcoreapp3.0
                           DefaultRuntimeFrameworkVersion = 3.0.0
                           TargetingPackName = Microsoft.WindowsDesktop.App.Ref
                           IsWindowsOnly = true
                           LatestRuntimeFrameworkVersion = 3.0.3
                           RuntimePackRuntimeIdentifiers = win-x64;win-x86
                           RuntimePackNamePatterns = Microsoft.WindowsDesktop.App.Runtime.**RID**
                           TargetingPackVersion = 3.0.0
                           Profile = WPF
                           RuntimeFrameworkName = Microsoft.WindowsDesktop.App
                       NETStandard.Library
                           TargetFramework = netstandard2.1
                           TargetingPackName = NETStandard.Library.Ref
                           TargetingPackVersion = 2.1.0
                   KnownILCompilerPack
                       Microsoft.DotNet.ILCompiler
                           ILCompilerPackNamePattern = runtime.**RID**.Microsoft.DotNet.ILCompiler
                           TargetFramework = net7.0
                           ILCompilerPackVersion = 7.0.12
                           ILCompilerRuntimeIdentifiers = linux-musl-x64;linux-x64;win-x64;linux-arm;linux-arm64;linux-musl-arm;linux-musl-arm64;osx-arm64;osx-x64;win-arm;win-arm64;win-x86
                   KnownRuntimePack
                       Microsoft.NETCore.App
                           TargetFramework = net7.0
                           LatestRuntimeFrameworkVersion = 7.0.12
                           RuntimePackRuntimeIdentifiers = linux-arm;linux-arm64;linux-musl-arm64;linux-musl-x64;linux-x64;osx-x64;rhel.6-x64;win-arm;win-arm64;win-x64;win-x86;linux-musl-arm;osx-arm64;maccatalyst-x64;maccatalyst-arm64;linux-s390x;linux-bionic-arm;linux-bionic-arm64;linux-bionic-x64;linux-bionic-x86;linux-ppc64le;browser-wasm;ios-arm64;ios-arm;iossimulator-arm64;iossimulator-x64;iossimulator-x86;tvos-arm64;tvossimulator-arm64;tvossimulator-x64;android-arm64;android-arm;android-x64;android-x86
                           RuntimePackNamePatterns = Microsoft.NETCore.App.Runtime.Mono.**RID**
                           RuntimePackLabels = Mono
                           RuntimeFrameworkName = Microsoft.NETCore.App
                       Microsoft.NETCore.App
                           TargetFramework = net6.0
                           LatestRuntimeFrameworkVersion = 6.0.23
                           RuntimePackRuntimeIdentifiers = linux-arm;linux-arm64;linux-musl-arm64;linux-musl-x64;linux-x64;osx-x64;rhel.6-x64;win-arm;win-arm64;win-x64;win-x86;linux-musl-arm;osx-arm64;maccatalyst-x64;maccatalyst-arm64;linux-s390x;linux-bionic-arm;linux-bionic-arm64;linux-bionic-x64;linux-bionic-x86;linux-ppc64le;browser-wasm;ios-arm64;ios-arm;iossimulator-arm64;iossimulator-x64;iossimulator-x86;tvos-arm64;tvossimulator-arm64;tvossimulator-x64;android-arm64;android-arm;android-x64;android-x86
                           RuntimePackNamePatterns = Microsoft.NETCore.App.Runtime.Mono.**RID**
                           RuntimePackLabels = Mono
                           RuntimeFrameworkName = Microsoft.NETCore.App
                   PackageConflictOverrides
                       NETStandard.Library
                           OverriddenPackages = 
                           Microsoft.Win32.Primitives|4.3.0;
                           System.AppContext|4.3.0;
                           System.Collections|4.3.0;
                           System.Collections.Concurrent|4.3.0;
                           System.Collections.Immutable|1.4.0;
                           System.Collections.NonGeneric|4.3.0;
                           System.Collections.Specialized|4.3.0;
                           System.ComponentModel|4.3.0;
                           System.ComponentModel.EventBasedAsync|4.3.0;
                           System.ComponentModel.Primitives|4.3.0;
                           System.ComponentModel.TypeConverter|4.3.0;
                           System.Console|4.3.0;
                           System.Data.Common|4.3.0;
                           System.Diagnostics.Contracts|4.3.0;
                           System.Diagnostics.Debug|4.3.0;
                           System.Diagnostics.FileVersionInfo|4.3.0;
                           System.Diagnostics.Process|4.3.0;
                           System.Diagnostics.StackTrace|4.3.0;
                           System.Diagnostics.TextWriterTraceListener|4.3.0;
                           System.Diagnostics.Tools|4.3.0;
                           System.Diagnostics.TraceSource|4.3.0;
                           System.Diagnostics.Tracing|4.3.0;
                           System.Dynamic.Runtime|4.3.0;
                           System.Globalization|4.3.0;
                           System.Globalization.Calendars|4.3.0;
                           System.Globalization.Extensions|4.3.0;
                           System.IO|4.3.0;
                           System.IO.Compression|4.3.0;
                           System.IO.Compression.ZipFile|4.3.0;
                           System.IO.FileSystem|4.3.0;
                           System.IO.FileSystem.DriveInfo|4.3.0;
                           System.IO.FileSystem.Primitives|4.3.0;
                           System.IO.FileSystem.Watcher|4.3.0;
                           System.IO.IsolatedStorage|4.3.0;
                           System.IO.MemoryMappedFiles|4.3.0;
                           System.IO.Pipes|4.3.0;
                           System.IO.UnmanagedMemoryStream|4.3.0;
                           System.Linq|4.3.0;
                           System.Linq.Expressions|4.3.0;
                           System.Linq.Queryable|4.3.0;
                           System.Net.Http|4.3.0;
                           System.Net.NameResolution|4.3.0;
                           System.Net.Primitives|4.3.0;
                           System.Net.Requests|4.3.0;
                           System.Net.Security|4.3.0;
                           System.Net.Sockets|4.3.0;
                           System.Net.WebHeaderCollection|4.3.0;
                           System.ObjectModel|4.3.0;
                           System.Private.DataContractSerialization|4.3.0;
                           System.Reflection|4.3.0;
                           System.Reflection.Emit|4.3.0;
                           System.Reflection.Emit.ILGeneration|4.3.0;
                           System.Reflection.Emit.Lightweight|4.3.0;
                           System.Reflection.Extensions|4.3.0;
                           System.Reflection.Primitives|4.3.0;
                           System.Reflection.TypeExtensions|4.3.0;
                           System.Resources.ResourceManager|4.3.0;
                           System.Runtime|4.3.0;
                           System.Runtime.Extensions|4.3.0;
                           System.Runtime.Handles|4.3.0;
                           System.Runtime.InteropServices|4.3.0;
                           System.Runtime.InteropServices.RuntimeInformation|4.3.0;
                           System.Runtime.Loader|4.3.0;
                           System.Runtime.Numerics|4.3.0;
                           System.Runtime.Serialization.Formatters|4.3.0;
                           System.Runtime.Serialization.Json|4.3.0;
                           System.Runtime.Serialization.Primitives|4.3.0;
                           System.Security.AccessControl|4.4.0;
                           System.Security.Claims|4.3.0;
                           System.Security.Cryptography.Algorithms|4.3.0;
                           System.Security.Cryptography.Csp|4.3.0;
                           System.Security.Cryptography.Encoding|4.3.0;
                           System.Security.Cryptography.Primitives|4.3.0;
                           System.Security.Cryptography.X509Certificates|4.3.0;
                           System.Security.Cryptography.Xml|4.4.0;
                           System.Security.Principal|4.3.0;
                           System.Security.Principal.Windows|4.4.0;
                           System.Text.Encoding|4.3.0;
                           System.Text.Encoding.Extensions|4.3.0;
                           System.Text.RegularExpressions|4.3.0;
                           System.Threading|4.3.0;
                           System.Threading.Overlapped|4.3.0;
                           System.Threading.Tasks|4.3.0;
                           System.Threading.Tasks.Extensions|4.3.0;
                           System.Threading.Tasks.Parallel|4.3.0;
                           System.Threading.Thread|4.3.0;
                           System.Threading.ThreadPool|4.3.0;
                           System.Threading.Timer|4.3.0;
                           System.ValueTuple|4.3.0;
                           System.Xml.ReaderWriter|4.3.0;
                           System.Xml.XDocument|4.3.0;
                           System.Xml.XmlDocument|4.3.0;
                           System.Xml.XmlSerializer|4.3.0;
                           System.Xml.XPath|4.3.0;
                           System.Xml.XPath.XDocument|4.3.0;
                         
                   Page
                       MainWindow.xaml
                           Generator = MSBuild:Compile
                           XamlRuntime = Wpf
                           SubType = Designer
                   PotentialEditorConfigFiles
                       E:\.editorconfig
                       E:\Unity\.editorconfig
                       E:\Unity\LH Editor_Refactoring\.editorconfig
                       E:\Unity\LH Editor_Refactoring\tools\.editorconfig
                       E:\Unity\LH Editor_Refactoring\tools\FurnitureAuthoringTool\.editorconfig
                       E:\Unity\LH Editor_Refactoring\tools\FurnitureAuthoringTool\src\.editorconfig
                       E:\Unity\LH Editor_Refactoring\tools\FurnitureAuthoringTool\src\FurnitureAuthoring.Tool\.editorconfig
                       E:\Unity\LH Editor_Refactoring\tools\FurnitureAuthoringTool\src\FurnitureAuthoring.Tool\Models\.editorconfig
                       E:\Unity\LH Editor_Refactoring\tools\FurnitureAuthoringTool\src\FurnitureAuthoring.Tool\Services\.editorconfig
                       E:\Unity\LH Editor_Refactoring\tools\FurnitureAuthoringTool\src\FurnitureAuthoring.Tool\ViewModels\.editorconfig
                   PreprocessorValue
                       assemblyname
                           Value = FurnitureAuthoring.Tool
                       filename
                           Value = FurnitureAuthoring.Tool.csproj
                       fullpath
                           Value = E:\Unity\LH Editor_Refactoring\tools\FurnitureAuthoringTool\src\FurnitureAuthoring.Tool
                       outputfilename
                           Value = FurnitureAuthoring.Tool.dll
                       rootnamespace
                           Value = FurnitureAuthoring.Tool
                   ProjectCapability
                       AllTargetOutputGroups
                       AssemblyReferences
                       BuildWindowsDesktopTarget
                       COMReferences
                       CrossPlatformExecutable
                       CSharp
                       DeclaredSourceItems
                       GenerateDocumentationFile
                       LanguageService
                       Managed
                       OutputGroups
                       Pack
                       ProjectReferences
                       ReferencesFolder
                       RelativePathDerivedDefaultNamespace
                       SharedProjectReferences
                       SingleFileGenerators
                       SupportsHotReload
                       UserSourceItems
                       VisualStudioWellKnownOutputGroups
                   ProjectReference
                       ..\FurnitureAuthoring.Application\FurnitureAuthoring.Application.csproj
                           ReferenceSourceTarget = ProjectReference
                           OutputItemType = 
                           Targets = 
                       ..\FurnitureAuthoring.Contracts\FurnitureAuthoring.Contracts.csproj
                           ReferenceSourceTarget = ProjectReference
                           OutputItemType = 
                           Targets = 
                       ..\FurnitureAuthoring.Infrastructure\FurnitureAuthoring.Infrastructure.csproj
                           ReferenceSourceTarget = ProjectReference
                           OutputItemType = 
                           Targets = 
                   PropertyPageSchema
                       C:\Program Files\dotnet\sdk\7.0.402\\assemblyreference.xaml
                           Context = ;BrowseObject
                       C:\Program Files\dotnet\sdk\7.0.402\\COMReference.xaml
                           Context = ;BrowseObject
                       C:\Program Files\dotnet\sdk\7.0.402\\Content.xaml
                           Context = File;BrowseObject
                       C:\Program Files\dotnet\sdk\7.0.402\\CSharp.BrowseObject.xaml
                           Context = BrowseObject
                       C:\Program Files\dotnet\sdk\7.0.402\\CSharp.ProjectItemsSchema.xaml
                       C:\Program Files\dotnet\sdk\7.0.402\\CSharp.xaml
                           Context = File
                       C:\Program Files\dotnet\sdk\7.0.402\\Debugger_General.xaml
                           Context = Project
                       C:\Program Files\dotnet\sdk\7.0.402\\EmbeddedResource.xaml
                           Context = File;BrowseObject
                       C:\Program Files\dotnet\sdk\7.0.402\\Folder.xaml
                           Context = File;BrowseObject
                       C:\Program Files\dotnet\sdk\7.0.402\\General_File.xaml
                           Context = File
                       C:\Program Files\dotnet\sdk\7.0.402\\General.BrowseObject.xaml
                           Context = BrowseObject
                       C:\Program Files\dotnet\sdk\7.0.402\\General.xaml
                           Context = Project
                       C:\Program Files\dotnet\sdk\7.0.402\\None.xaml
                           Context = File;BrowseObject
                       C:\Program Files\dotnet\sdk\7.0.402\\ProjectItemsSchema.xaml
                       C:\Program Files\dotnet\sdk\7.0.402\\ProjectReference.xaml
                           Context = ;BrowseObject
                       C:\Program Files\dotnet\sdk\7.0.402\\ResolvedAssemblyReference.xaml
                           Context = ProjectSubscriptionService;BrowseObject
                       C:\Program Files\dotnet\sdk\7.0.402\\ResolvedCOMReference.xaml
                           Context = ProjectSubscriptionService;BrowseObject
                       C:\Program Files\dotnet\sdk\7.0.402\\ResolvedProjectReference.xaml
                           Context = ProjectSubscriptionService;BrowseObject
                       C:\Program Files\dotnet\sdk\7.0.402\\SCC.xaml
                           Context = Invisible
                       C:\Program Files\dotnet\sdk\7.0.402\\SpecialFolder.xaml
                           Context = File;ProjectSubscriptionService
                   RegFreeComManifest
                       obj\Debug\net7.0-windows\FurnitureAuthoring.Tool.X.manifest
                   RestoreGraphProjectInputItems
                       E:\Unity\LH Editor_Refactoring\tools\FurnitureAuthoringTool\src\FurnitureAuthoring.Tool\FurnitureAuthoring.Tool.csproj
                   SdkSupportedTargetPlatformIdentifier
                       android
                           DisplayName = Android
                       ios
                           DisplayName = iOS
                       maccatalyst
                           DisplayName = Mac Catalyst
                       macos
                           DisplayName = macOS
                       tvos
                           DisplayName = tvOS
                       windows
                           DisplayName = Windows
                   SdkSupportedTargetPlatformVersion
                       10.0.17763.0
                           WindowsSdkPackageVersion = 10.0.17763.29
                           MinimumNETVersion = 6.0
                       10.0.17763.0
                           WindowsSdkPackageVersion = 10.0.17763.26
                           MinimumNETVersion = 5.0
                       10.0.18362.0
                           WindowsSdkPackageVersion = 10.0.18362.29
                           MinimumNETVersion = 6.0
                       10.0.18362.0
                           WindowsSdkPackageVersion = 10.0.18362.26
                           MinimumNETVersion = 5.0
                       10.0.19041.0
                           WindowsSdkPackageVersion = 10.0.19041.29
                           MinimumNETVersion = 6.0
                       10.0.19041.0
                           WindowsSdkPackageVersion = 10.0.19041.26
                           MinimumNETVersion = 5.0
                       10.0.20348.0
                           WindowsSdkPackageVersion = 10.0.20348.29
                           MinimumNETVersion = 6.0
                       10.0.20348.0
                           WindowsSdkPackageVersion = 10.0.20348.26
                           MinimumNETVersion = 5.0
                       10.0.22000.0
                           WindowsSdkPackageVersion = 10.0.22000.29
                           MinimumNETVersion = 6.0
                       10.0.22000.0
                           WindowsSdkPackageVersion = 10.0.22000.26
                           MinimumNETVersion = 5.0
                       10.0.22621.0
                           WindowsSdkPackageVersion = 10.0.22621.29
                           MinimumNETVersion = 6.0
                       7.0
                       8.0
                   SupportedNETCoreAppTargetFramework
                       .NETCoreApp,Version=v3.0
                           DisplayName = .NET Core 3.0
                           Alias = netcoreapp3.0
                       .NETCoreApp,Version=v3.1
                           DisplayName = .NET Core 3.1
                           Alias = netcoreapp3.1
                       .NETCoreApp,Version=v5.0
                           DisplayName = .NET 5.0
                           Alias = net5.0
                       .NETCoreApp,Version=v6.0
                           DisplayName = .NET 6.0
                           Alias = net6.0
                       .NETCoreApp,Version=v7.0
                           DisplayName = .NET 7.0
                           Alias = net7.0
                   SupportedNETFrameworkTargetFramework
                       .NETFramework,Version=v3.0
                           DisplayName = .NET Framework 3.0
                           Alias = net30
                       .NETFramework,Version=v3.5
                           DisplayName = .NET Framework 3.5
                           Alias = net35
                       .NETFramework,Version=v4.0
                           DisplayName = .NET Framework 4.0
                           Alias = net40
                       .NETFramework,Version=v4.5
                           DisplayName = .NET Framework 4.5
                           Alias = net45
                       .NETFramework,Version=v4.5.1
                           DisplayName = .NET Framework 4.5.1
                           Alias = net451
                       .NETFramework,Version=v4.5.2
                           DisplayName = .NET Framework 4.5.2
                           Alias = net452
                       .NETFramework,Version=v4.6
                           DisplayName = .NET Framework 4.6
                           Alias = net46
                       .NETFramework,Version=v4.6.1
                           DisplayName = .NET Framework 4.6.1
                           Alias = net461
                       .NETFramework,Version=v4.6.2
                           DisplayName = .NET Framework 4.6.2
                           Alias = net462
                       .NETFramework,Version=v4.7
                           DisplayName = .NET Framework 4.7
                           Alias = net47
                       .NETFramework,Version=v4.7.1
                           DisplayName = .NET Framework 4.7.1
                           Alias = net471
                       .NETFramework,Version=v4.7.2
                           DisplayName = .NET Framework 4.7.2
                           Alias = net472
                       .NETFramework,Version=v4.8
                           DisplayName = .NET Framework 4.8
                           Alias = net48
                       .NETFramework,Version=v4.8.1
                           DisplayName = .NET Framework 4.8.1
                           Alias = net481
                   SupportedPlatform
                       Linux
                       macOS
                       Windows
                   SupportedTargetFramework
                       .NETCoreApp,Version=v3.0
                           DisplayName = .NET Core 3.0
                           Alias = netcoreapp3.0
                       .NETCoreApp,Version=v3.1
                           DisplayName = .NET Core 3.1
                           Alias = netcoreapp3.1
                       .NETCoreApp,Version=v5.0
                           DisplayName = .NET 5.0
                           Alias = net5.0
                       .NETCoreApp,Version=v6.0
                           DisplayName = .NET 6.0
                           Alias = net6.0
                       .NETCoreApp,Version=v7.0
                           DisplayName = .NET 7.0
                           Alias = net7.0
                       .NETFramework,Version=v3.0
                           DisplayName = .NET Framework 3.0
                           Alias = net30
                       .NETFramework,Version=v3.5
                           DisplayName = .NET Framework 3.5
                           Alias = net35
                       .NETFramework,Version=v4.0
                           DisplayName = .NET Framework 4.0
                           Alias = net40
                       .NETFramework,Version=v4.5
                           DisplayName = .NET Framework 4.5
                           Alias = net45
                       .NETFramework,Version=v4.5.1
                           DisplayName = .NET Framework 4.5.1
                           Alias = net451
                       .NETFramework,Version=v4.5.2
                           DisplayName = .NET Framework 4.5.2
                           Alias = net452
                       .NETFramework,Version=v4.6
                           DisplayName = .NET Framework 4.6
                           Alias = net46
                       .NETFramework,Version=v4.6.1
                           DisplayName = .NET Framework 4.6.1
                           Alias = net461
                       .NETFramework,Version=v4.6.2
                           DisplayName = .NET Framework 4.6.2
                           Alias = net462
                       .NETFramework,Version=v4.7
                           DisplayName = .NET Framework 4.7
                           Alias = net47
                       .NETFramework,Version=v4.7.1
                           DisplayName = .NET Framework 4.7.1
                           Alias = net471
                       .NETFramework,Version=v4.7.2
                           DisplayName = .NET Framework 4.7.2
                           Alias = net472
                       .NETFramework,Version=v4.8
                           DisplayName = .NET Framework 4.8
                           Alias = net48
                       .NETFramework,Version=v4.8.1
                           DisplayName = .NET Framework 4.8.1
                           Alias = net481
                   WindowsSdkSupportedTargetPlatformVersion
                       10.0.17763.0
                           WindowsSdkPackageVersion = 10.0.17763.29
                           MinimumNETVersion = 6.0
                       10.0.17763.0
                           WindowsSdkPackageVersion = 10.0.17763.26
                           MinimumNETVersion = 5.0
                       10.0.18362.0
                           WindowsSdkPackageVersion = 10.0.18362.29
                           MinimumNETVersion = 6.0
                       10.0.18362.0
                           WindowsSdkPackageVersion = 10.0.18362.26
                           MinimumNETVersion = 5.0
                       10.0.19041.0
                           WindowsSdkPackageVersion = 10.0.19041.29
                           MinimumNETVersion = 6.0
                       10.0.19041.0
                           WindowsSdkPackageVersion = 10.0.19041.26
                           MinimumNETVersion = 5.0
                       10.0.20348.0
                           WindowsSdkPackageVersion = 10.0.20348.29
                           MinimumNETVersion = 6.0
                       10.0.20348.0
                           WindowsSdkPackageVersion = 10.0.20348.26
                           MinimumNETVersion = 5.0
                       10.0.22000.0
                           WindowsSdkPackageVersion = 10.0.22000.29
                           MinimumNETVersion = 6.0
                       10.0.22000.0
                           WindowsSdkPackageVersion = 10.0.22000.26
                           MinimumNETVersion = 5.0
                       10.0.22621.0
                           WindowsSdkPackageVersion = 10.0.22621.29
                           MinimumNETVersion = 6.0
                       7.0
                       8.0

16:19:02.796     1>1 노드의 "E:\Unity\LH Editor_Refactoring\tools\FurnitureAuthoringTool\src\FurnitureAuthoring.Tool\FurnitureAuthoring.Tool.csproj" 프로젝트(Restore 대상)입니다.
16:19:02.806     1>"E:\Unity\LH Editor_Refactoring\tools\FurnitureAuthoringTool\src\FurnitureAuthoring.Tool\FurnitureAuthoring.Tool.csproj" 프로젝트의 "C:\Program Files\dotnet\sdk\7.0.402\NuGet.targets" 파일에 있는 "_LoadRestoreGraphEntryPoints: (대상 ID:2)" 대상("_FilterRestoreGraphProjectInputItems" 대상이 종속됨):
16:19:02.816     1>추가된 항목: RestoreGraphProjectInputItems=E:\Unity\LH Editor_Refactoring\tools\FurnitureAuthoringTool\src\FurnitureAuthoring.Tool\FurnitureAuthoring.Tool.csproj
                   조건이 잘못되어 "GetRestoreSolutionProjectsTask" 작업을 건너뜁니다. ( $(MSBuildProjectFullPath.EndsWith('.metaproj')) == 'true' AND @(RestoreGraphProjectInputItems) == '' )이(가) ( False == 'true' AND E:\Unity\LH Editor_Refactoring\tools\FurnitureAuthoringTool\src\FurnitureAuthoring.Tool\FurnitureAuthoring.Tool.csproj == '' )(으)로 확인되었습니다.
16:19:02.822     1>"FurnitureAuthoring.Tool.csproj" 프로젝트에 "_LoadRestoreGraphEntryPoints" 대상을 빌드했습니다.: (대상 ID:2)
16:19:02.822     1>"E:\Unity\LH Editor_Refactoring\tools\FurnitureAuthoringTool\src\FurnitureAuthoring.Tool\FurnitureAuthoring.Tool.csproj" 프로젝트의 "C:\Program Files\dotnet\sdk\7.0.402\NuGet.targets" 파일에 있는 "_FilterRestoreGraphProjectInputItems: (대상 ID:3)" 대상("_GenerateRestoreGraph" 대상이 종속됨):
                   설정 속성: RestoreProjectFilterMode=exclusionlist
                   추가된 항목: _FilteredRestoreGraphProjectInputItemsTmp=E:\Unity\LH Editor_Refactoring\tools\FurnitureAuthoringTool\src\FurnitureAuthoring.Tool\FurnitureAuthoring.Tool.csproj
                   "Microsoft.Build.Tasks.Core, Version=15.1.0.0, Culture=neutral, PublicKeyToken=b03f5f7f11d50a3a" 어셈블리에서 "RemoveDuplicates" 작업을 사용합니다.
                   "RemoveDuplicates" 작업(작업 ID:2)
                     출력 항목: FilteredRestoreGraphProjectInputItemsWithoutDuplicates=E:\Unity\LH Editor_Refactoring\tools\FurnitureAuthoringTool\src\FurnitureAuthoring.Tool\FurnitureAuthoring.Tool.csproj(작업 ID:2)
                   "RemoveDuplicates" 작업을 실행했습니다.(작업 ID:2)
                   "Microsoft.Build.Tasks.Core, Version=15.1.0.0, Culture=neutral, PublicKeyToken=b03f5f7f11d50a3a" 어셈블리에서 "MSBuild" 작업을 사용합니다.
                   "MSBuild" 작업(작업 ID:3)
                     작업 매개 변수:Targets=_IsProjectRestoreSupported(작업 ID:3)
                     작업 매개 변수:BuildInParallel=True(작업 ID:3)
                     작업 매개 변수:Projects=E:\Unity\LH Editor_Refactoring\tools\FurnitureAuthoringTool\src\FurnitureAuthoring.Tool\FurnitureAuthoring.Tool.csproj(작업 ID:3)
                     작업 매개 변수:SkipNonexistentTargets=True(작업 ID:3)
                     작업 매개 변수:Properties=ExcludeRestorePackageImports=true(작업 ID:3)
                     전역 속성:(작업 ID:3)
                       ExcludeRestorePackageImports=true(작업 ID:3)
16:19:02.856     0>환경에서 값이 'MSBuildExtensionsPath'인 속성 'C:\Program Files\dotnet\sdk\7.0.402\'이(가) 확장되었습니다.
                   속성 재할당: $(MSBuildProjectExtensionsPath)=C:\Program Files\dotnet\sdk\7.0.402\Current\Microsoft.Common.props(60,5)의 "E:\Unity\LH Editor_Refactoring\tools\FurnitureAuthoringTool\src\FurnitureAuthoring.Tool\obj\"(이전 값: "obj\")
                   속성 재할당: $(AssemblySearchPaths)=C:\Program Files\dotnet\sdk\7.0.402\Sdks\Microsoft.NET.Sdk\targets\Microsoft.NET.Sdk.props(82,5)의 "{CandidateAssemblyFiles};{HintPathFromItem}"(이전 값: "{CandidateAssemblyFiles}")
                   속성 재할당: $(AssemblySearchPaths)=C:\Program Files\dotnet\sdk\7.0.402\Sdks\Microsoft.NET.Sdk\targets\Microsoft.NET.Sdk.props(83,5)의 "{CandidateAssemblyFiles};{HintPathFromItem};{TargetFrameworkDirectory}"(이전 값: "{CandidateAssemblyFiles};{HintPathFromItem}")
                   속성 재할당: $(AssemblySearchPaths)=C:\Program Files\dotnet\sdk\7.0.402\Sdks\Microsoft.NET.Sdk\targets\Microsoft.NET.Sdk.props(84,5)의 "{CandidateAssemblyFiles};{HintPathFromItem};{TargetFrameworkDirectory};{RawFileName}"(이전 값: "{CandidateAssemblyFiles};{HintPathFromItem};{TargetFrameworkDirectory}")
                   속성 재할당: $(PublishAotSupported)=C:\Program Files\dotnet\sdk\7.0.402\Sdks\Microsoft.NET.Sdk\targets\Microsoft.NET.Sdk.props(120,5)의 "true"(이전 값: "false")
                   속성 재할당: $(TargetsForTfmSpecificContentInPackage)=C:\Program Files\dotnet\sdk\7.0.402\Sdks\Microsoft.NET.Sdk\targets\Microsoft.NET.PackProjectTool.props(15,5)의 ";PackTool;_PackProjectToolValidation"(이전 값: ";PackTool")
                   속성 재할당: $(OutputType)=E:\Unity\LH Editor_Refactoring\tools\FurnitureAuthoringTool\src\FurnitureAuthoring.Tool\FurnitureAuthoring.Tool.csproj(10,5)의 "WinExe"(이전 값: "Library")
                   속성 재할당: $(PublishProfileImported)=C:\Program Files\dotnet\sdk\7.0.402\Sdks\Microsoft.NET.Sdk\targets\Microsoft.NET.Sdk.ImportPublishProfile.targets(28,5)의 "false"(이전 값: "true")
                   속성 재할당: $(TargetPlatformVersion)=C:\Program Files\dotnet\sdk\7.0.402\Sdks\Microsoft.NET.Sdk\targets\Microsoft.NET.TargetFrameworkInference.targets(64,5)의 "0.0"(이전 값: "0.0.0.0")
                   속성 재할당: $(TargetPlatformVersion)=C:\Program Files\dotnet\sdk\7.0.402\Sdks\Microsoft.NET.Sdk\targets\Microsoft.NET.TargetFrameworkInference.targets(65,5)의 ""(이전 값: "0.0")
                   속성 재할당: $(TargetPlatformIdentifier)=C:\Program Files\dotnet\sdk\7.0.402\Sdks\Microsoft.NET.Sdk\targets\Microsoft.NET.TargetFrameworkInference.targets(67,5)의 "Windows"(이전 값: "windows")
                   속성 재할당: $(DefaultItemExcludes)=C:\Program Files\dotnet\sdk\7.0.402\Sdks\Microsoft.NET.Sdk\targets\Microsoft.NET.TargetFrameworkInference.targets(247,5)의 ";bin\Debug\/**;obj\Debug\/**"(이전 값: ";bin\Debug\/**")
                   속성 재할당: $(IntermediateOutputPath)=C:\Program Files\dotnet\sdk\7.0.402\Sdks\Microsoft.NET.Sdk\targets\Microsoft.NET.TargetFrameworkInference.targets(266,5)의 "obj\Debug\net7.0-windows\"(이전 값: "obj\Debug\")
                   속성 재할당: $(OutputPath)=C:\Program Files\dotnet\sdk\7.0.402\Sdks\Microsoft.NET.Sdk\targets\Microsoft.NET.TargetFrameworkInference.targets(267,5)의 "bin\Debug\net7.0-windows\"(이전 값: "bin\Debug\")
                   속성 재할당: $(_FrameworkIdentifierForImplicitDefine)=C:\Program Files\dotnet\sdk\7.0.402\Sdks\Microsoft.NET.Sdk\targets\Microsoft.NET.Sdk.BeforeCommon.targets(180,5)의 "NET"(이전 값: "NETCOREAPP")
                   속성 재할당: $(_FrameworkVersionForImplicitDefine)=C:\Program Files\dotnet\sdk\7.0.402\Sdks\Microsoft.NET.Sdk\targets\Microsoft.NET.Sdk.BeforeCommon.targets(185,5)의 "7_0"(이전 값: "7.0")
                   속성 재할당: $(CommandLineArgsForDesignTimeEvaluation)=C:\Program Files\dotnet\sdk\7.0.402\Roslyn\Microsoft.CSharp.Core.targets(192,5)의 "-langversion:11.0 -define:TRACE"(이전 값: "-langversion:11.0")
                   속성 재할당: $(_DebugSymbolsProduced)=C:\Program Files\dotnet\sdk\7.0.402\Microsoft.Common.CurrentVersion.targets(175,5)의 "true"(이전 값: "false")
                   속성 재할당: $(_DocumentationFileProduced)=C:\Program Files\dotnet\sdk\7.0.402\Microsoft.Common.CurrentVersion.targets(185,5)의 "false"(이전 값: "true")
                   속성 재할당: $(ProcessorArchitecture)=C:\Program Files\dotnet\sdk\7.0.402\Microsoft.Common.CurrentVersion.targets(529,5)의 "msil"(이전 값: "")
                   속성 재할당: $(DelaySign)=C:\Program Files\dotnet\sdk\7.0.402\Microsoft.Common.CurrentVersion.targets(568,5)의 ""(이전 값: "false")
                   환경에서 값이 'LOCALAPPDATA'인 속성 'C:\Users\LIMSOWAN\AppData\Local'이(가) 확장되었습니다.
                   속성 재할당: $(_SGenGenerateSerializationAssembliesConfig)=C:\Program Files\dotnet\sdk\7.0.402\Microsoft.Common.CurrentVersion.targets(3806,5)의 "Auto"(이전 값: "")
                   속성 재할당: $(_SGenGenerateSerializationAssembliesConfig)=C:\Program Files\dotnet\sdk\7.0.402\Microsoft.Common.CurrentVersion.targets(3807,5)의 "Off"(이전 값: "Auto")
                   속성 재할당: $(_TargetsThatPrepareProjectReferences)=C:\Program Files\dotnet\sdk\7.0.402\Microsoft.Common.CurrentVersion.targets(4944,5)의 "
                         AssignProjectConfiguration;
                         _SplitProjectReferencesByFileExistence
                       "(이전 값: "_SplitProjectReferencesByFileExistence")
                   환경에서 값이 'MSBuildExtensionsPath32'인 속성 'C:\Program Files\dotnet\sdk\7.0.402'이(가) 확장되었습니다.
                   속성 재할당: $(ProjectAssetsFile)=C:\Program Files\dotnet\sdk\7.0.402\Sdks\Microsoft.NET.Sdk\targets\Microsoft.PackageDependencyResolution.targets(24,5)의 "E:\Unity\LH Editor_Refactoring\tools\FurnitureAuthoringTool\src\FurnitureAuthoring.Tool\obj\project.assets.json"(이전 값: "E:\Unity\LH Editor_Refactoring\tools\FurnitureAuthoringTool\src\FurnitureAuthoring.Tool\obj\/project.assets.json")
                   속성 재할당: $(ProjectAssetsCacheFile)=C:\Program Files\dotnet\sdk\7.0.402\Sdks\Microsoft.NET.Sdk\targets\Microsoft.PackageDependencyResolution.targets(29,5)의 "E:\Unity\LH Editor_Refactoring\tools\FurnitureAuthoringTool\src\FurnitureAuthoring.Tool\obj\Debug\net7.0-windows\FurnitureAuthoring.Tool.assets.cache"(이전 값: "obj\Debug\net7.0-windows\FurnitureAuthoring.Tool.assets.cache")
                   속성 재할당: $(ResolveAssemblyReferencesDependsOn)=C:\Program Files\dotnet\sdk\7.0.402\Sdks\Microsoft.NET.Sdk\targets\Microsoft.PackageDependencyResolution.targets(80,5)의 "
                         
                         ResolveProjectReferences;
                         FindInvalidProjectReferences;
                         GetFrameworkPaths;
                         GetReferenceAssemblyPaths;
                         PrepareForBuild;
                         ResolveSDKReferences;
                         ExpandSDKReferences;
                       ;
                         ResolvePackageDependenciesForBuild;
                         _HandlePackageFileConflicts;
                       "(이전 값: "
                         ResolveProjectReferences;
                         FindInvalidProjectReferences;
                         GetFrameworkPaths;
                         GetReferenceAssemblyPaths;
                         PrepareForBuild;
                         ResolveSDKReferences;
                         ExpandSDKReferences;
                       ")
                   속성 재할당: $(PrepareResourcesDependsOn)=C:\Program Files\dotnet\sdk\7.0.402\Sdks\Microsoft.NET.Sdk\targets\Microsoft.PackageDependencyResolution.targets(86,5)의 "
                         ResolvePackageDependenciesForBuild;
                         _HandlePackageFileConflicts;
                         
                         ;
                         PrepareResourceNames;
                         ResGen;
                         CompileLicxFiles
                       
                       "(이전 값: "
                         ;
                         PrepareResourceNames;
                         ResGen;
                         CompileLicxFiles
                       ")
                   속성 재할당: $(DefaultItemExcludes)=C:\Program Files\dotnet\sdk\7.0.402\Sdks\Microsoft.NET.Sdk\targets\Microsoft.NET.Sdk.DefaultItems.targets(27,5)의 ";bin\Debug\/**;obj\Debug\/**;bin\/**"(이전 값: ";bin\Debug\/**;obj\Debug\/**")
                   속성 재할당: $(DefaultItemExcludes)=C:\Program Files\dotnet\sdk\7.0.402\Sdks\Microsoft.NET.Sdk\targets\Microsoft.NET.Sdk.DefaultItems.targets(29,5)의 ";bin\Debug\/**;obj\Debug\/**;bin\/**;obj\/**"(이전 값: ";bin\Debug\/**;obj\Debug\/**;bin\/**")
                   속성 재할당: $(DefaultItemExcludes)=C:\Program Files\dotnet\sdk\7.0.402\Sdks\Microsoft.NET.Sdk\targets\Microsoft.NET.Sdk.DefaultItems.targets(32,5)의 ";bin\Debug\/**;obj\Debug\/**;bin\/**;obj\/**;**/*.user"(이전 값: ";bin\Debug\/**;obj\Debug\/**;bin\/**;obj\/**")
                   속성 재할당: $(DefaultItemExcludes)=C:\Program Files\dotnet\sdk\7.0.402\Sdks\Microsoft.NET.Sdk\targets\Microsoft.NET.Sdk.DefaultItems.targets(33,5)의 ";bin\Debug\/**;obj\Debug\/**;bin\/**;obj\/**;**/*.user;**/*.*proj"(이전 값: ";bin\Debug\/**;obj\Debug\/**;bin\/**;obj\/**;**/*.user")
                   속성 재할당: $(DefaultItemExcludes)=C:\Program Files\dotnet\sdk\7.0.402\Sdks\Microsoft.NET.Sdk\targets\Microsoft.NET.Sdk.DefaultItems.targets(34,5)의 ";bin\Debug\/**;obj\Debug\/**;bin\/**;obj\/**;**/*.user;**/*.*proj;**/*.sln"(이전 값: ";bin\Debug\/**;obj\Debug\/**;bin\/**;obj\/**;**/*.user;**/*.*proj")
                   속성 재할당: $(DefaultItemExcludes)=C:\Program Files\dotnet\sdk\7.0.402\Sdks\Microsoft.NET.Sdk\targets\Microsoft.NET.Sdk.DefaultItems.targets(35,5)의 ";bin\Debug\/**;obj\Debug\/**;bin\/**;obj\/**;**/*.user;**/*.*proj;**/*.sln;**/*.vssscc"(이전 값: ";bin\Debug\/**;obj\Debug\/**;bin\/**;obj\/**;**/*.user;**/*.*proj;**/*.sln")
                   속성 재할당: $(ResolveAssemblyReferencesDependsOn)=C:\Program Files\dotnet\sdk\7.0.402\Sdks\Microsoft.NET.Sdk\targets\Microsoft.NET.Sdk.FrameworkReferenceResolution.targets(14,5)의 "
                         
                         
                         ResolveProjectReferences;
                         FindInvalidProjectReferences;
                         GetFrameworkPaths;
                         GetReferenceAssemblyPaths;
                         PrepareForBuild;
                         ResolveSDKReferences;
                         ExpandSDKReferences;
                       ;
                         ResolvePackageDependenciesForBuild;
                         _HandlePackageFileConflicts;
                       ;
                         ResolveTargetingPackAssets;
                       "(이전 값: "
                         
                         ResolveProjectReferences;
                         FindInvalidProjectReferences;
                         GetFrameworkPaths;
                         GetReferenceAssemblyPaths;
                         PrepareForBuild;
                         ResolveSDKReferences;
                         ExpandSDKReferences;
                       ;
                         ResolvePackageDependenciesForBuild;
                         _HandlePackageFileConflicts;
                       ")
                   속성 재할당: $(_GenerateRuntimeConfigurationPropertyInputsCache)=C:\Program Files\dotnet\sdk\7.0.402\Sdks\Microsoft.NET.Sdk\targets\Microsoft.NET.Sdk.targets(44,5)의 "E:\Unity\LH Editor_Refactoring\tools\FurnitureAuthoringTool\src\FurnitureAuthoring.Tool\obj\Debug\net7.0-windows\FurnitureAuthoring.Tool.genruntimeconfig.cache"(이전 값: "obj\Debug\net7.0-windows\FurnitureAuthoring.Tool.genruntimeconfig.cache")
                   속성 재할당: $(GenerateRuntimeConfigDevFile)=C:\Program Files\dotnet\sdk\7.0.402\Sdks\Microsoft.NET.Sdk\targets\Microsoft.NET.Sdk.targets(61,5)의 "false"(이전 값: "true")
                   환경에서 값이 'USERPROFILE'인 속성 'C:\Users\LIMSOWAN'이(가) 확장되었습니다.
                   속성 재할당: $(_DefaultUserProfileRuntimeStorePath)=C:\Program Files\dotnet\sdk\7.0.402\Sdks\Microsoft.NET.Sdk\targets\Microsoft.NET.Sdk.targets(77,5)의 "C:\Users\LIMSOWAN"(이전 값: "")
                   속성 재할당: $(_DefaultUserProfileRuntimeStorePath)=C:\Program Files\dotnet\sdk\7.0.402\Sdks\Microsoft.NET.Sdk\targets\Microsoft.NET.Sdk.targets(78,5)의 "C:\Users\LIMSOWAN\.dotnet\store"(이전 값: "C:\Users\LIMSOWAN")
                   속성 재할당: $(AvailablePlatforms)=C:\Program Files\dotnet\sdk\7.0.402\Sdks\Microsoft.NET.Sdk\targets\Microsoft.NET.Sdk.targets(112,5)의 "Any CPU,x86,x64,ARM32"(이전 값: "Any CPU,x86,x64")
                   속성 재할당: $(AvailablePlatforms)=C:\Program Files\dotnet\sdk\7.0.402\Sdks\Microsoft.NET.Sdk\targets\Microsoft.NET.Sdk.targets(116,5)의 "Any CPU,x86,x64,ARM32,ARM64"(이전 값: "Any CPU,x86,x64,ARM32")
                   속성 재할당: $(CoreBuildDependsOn)=C:\Program Files\dotnet\sdk\7.0.402\Sdks\Microsoft.NET.Sdk\targets\Microsoft.NET.Sdk.targets(134,5)의 "
                         _CheckForBuildWithNoBuild;
                         
                         BuildOnlySettings;
                         PrepareForBuild;
                         PreBuildEvent;
                         ResolveReferences;
                         PrepareResources;
                         ResolveKeySource;
                         Compile;
                         ExportWindowsMDFile;
                         UnmanagedUnregistration;
                         GenerateSerializationAssemblies;
                         CreateSatelliteAssemblies;
                         GenerateManifests;
                         GetTargetPath;
                         PrepareForRun;
                         UnmanagedRegistration;
                         IncrementalClean;
                         PostBuildEvent
                       ;
                         GenerateBuildDependencyFile;
                         GenerateBuildRuntimeConfigurationFiles
                       "(이전 값: "
                         BuildOnlySettings;
                         PrepareForBuild;
                         PreBuildEvent;
                         ResolveReferences;
                         PrepareResources;
                         ResolveKeySource;
                         Compile;
                         ExportWindowsMDFile;
                         UnmanagedUnregistration;
                         GenerateSerializationAssemblies;
                         CreateSatelliteAssemblies;
                         GenerateManifests;
                         GetTargetPath;
                         PrepareForRun;
                         UnmanagedRegistration;
                         IncrementalClean;
                         PostBuildEvent
                       ")
                   속성 재할당: $(CoreCleanDependsOn)=C:\Program Files\dotnet\sdk\7.0.402\Sdks\Microsoft.NET.Sdk\targets\Microsoft.NET.Sdk.targets(143,5)의 "
                         _SdkBeforeClean;
                         
                       "(이전 값: "")
                   속성 재할당: $(RebuildDependsOn)=C:\Program Files\dotnet\sdk\7.0.402\Sdks\Microsoft.NET.Sdk\targets\Microsoft.NET.Sdk.targets(150,5)의 "
                         _SdkBeforeRebuild;
                         
                         BeforeRebuild;
                         Clean;
                         Build;
                         AfterRebuild;
                       
                       "(이전 값: "
                         BeforeRebuild;
                         Clean;
                         Build;
                         AfterRebuild;
                       ")
                   속성 재할당: $(CompileDependsOn)=C:\Program Files\dotnet\sdk\7.0.402\Sdks\Microsoft.NET.Sdk\targets\Microsoft.NET.Sdk.targets(564,5)의 "
                         
                         ResolveReferences;
                         ResolveKeySource;
                         SetWin32ManifestProperties;
                         FindReferenceAssembliesForReferences;
                         _GenerateCompileInputs;
                         BeforeCompile;
                         _TimeStampBeforeCompile;
                         _GenerateCompileDependencyCache;
                         CoreCompile;
                         _TimeStampAfterCompile;
                         AfterCompile;
                       ;
                         _CreateAppHost;
                         _CreateComHost;
                         _GetIjwHostPaths;
                       "(이전 값: "
                         ResolveReferences;
                         ResolveKeySource;
                         SetWin32ManifestProperties;
                         FindReferenceAssembliesForReferences;
                         _GenerateCompileInputs;
                         BeforeCompile;
                         _TimeStampBeforeCompile;
                         _GenerateCompileDependencyCache;
                         CoreCompile;
                         _TimeStampAfterCompile;
                         AfterCompile;
                       ")
                   속성 재할당: $(CreateSatelliteAssembliesDependsOn)=C:\Program Files\dotnet\sdk\7.0.402\Sdks\Microsoft.NET.Sdk\targets\Microsoft.NET.Sdk.targets(950,5)의 "
                         
                         _GenerateSatelliteAssemblyInputs;
                         ComputeIntermediateSatelliteAssemblies;
                         GenerateSatelliteAssemblies
                       ;
                         CoreGenerateSatelliteAssemblies
                       "(이전 값: "
                         _GenerateSatelliteAssemblyInputs;
                         ComputeIntermediateSatelliteAssemblies;
                         GenerateSatelliteAssemblies
                       ")
                   속성 재할당: $(DesignerRuntimeImplementationProjectOutputGroupDependsOn)=C:\Program Files\dotnet\sdk\7.0.402\Sdks\Microsoft.NET.Sdk\targets\Microsoft.NET.DesignerSupport.targets(21,5)의 "
                         
                         ;
                         
                         ;
                         BuildOnlySettings;
                         PrepareForBuild;
                         AssignTargetPaths;
                         ResolveReferences
                       
                       ;
                         _GenerateDesignerDepsFile;
                         _GenerateDesignerRuntimeConfigFile;
                         GetCopyToOutputDirectoryItems;
                         _GatherDesignerShadowCopyFiles;
                       "(이전 값: "
                         ;
                         
                         ;
                         BuildOnlySettings;
                         PrepareForBuild;
                         AssignTargetPaths;
                         ResolveReferences
                       
                       ")
                   속성 재할당: $(_ShimInputCacheFile)=C:\Program Files\dotnet\sdk\7.0.402\Sdks\Microsoft.NET.Sdk\targets\Microsoft.NET.PackTool.targets(115,5)의 "E:\Unity\LH Editor_Refactoring\tools\FurnitureAuthoringTool\src\FurnitureAuthoring.Tool\obj\Debug\net7.0-windows\FurnitureAuthoring.Tool.shiminput.cache"(이전 값: "obj\Debug\net7.0-windows\FurnitureAuthoring.Tool.shiminput.cache")
                   속성 재할당: $(_ShimCreatedSentinelFile)=C:\Program Files\dotnet\sdk\7.0.402\Sdks\Microsoft.NET.Sdk\targets\Microsoft.NET.PackTool.targets(117,5)의 "E:\Unity\LH Editor_Refactoring\tools\FurnitureAuthoringTool\src\FurnitureAuthoring.Tool\obj\Debug\net7.0-windows\FurnitureAuthoring.Tool.shimcreated.sentinel"(이전 값: "obj\Debug\net7.0-windows\FurnitureAuthoring.Tool.shimcreated.sentinel")
                   속성 재할당: $(DefineConstants)=C:\Program Files\dotnet\sdk\7.0.402\Sdks\Microsoft.NET.Sdk\targets\Microsoft.NET.Sdk.CSharp.targets(31,5)의 "TRACE;DEBUG"(이전 값: "TRACE")
                   속성 재할당: $(DefineConstants)=C:\Program Files\dotnet\sdk\7.0.402\Sdks\Microsoft.NET.Sdk\targets\Microsoft.NET.Sdk.CSharp.targets(34,5)의 "TRACE;DEBUG;NET;NET7_0;NETCOREAPP"(이전 값: "TRACE;DEBUG")
                   속성 재할당: $(WarningsAsErrors)=C:\Program Files\dotnet\sdk\7.0.402\Sdks\Microsoft.NET.Sdk\targets\Microsoft.NET.Sdk.CSharp.targets(48,5)의 ";NU1605;SYSLIB0011"(이전 값: ";NU1605")
                   속성 재할당: $(TargetPlatformVersion)=C:\Program Files\dotnet\sdk\7.0.402\Sdks\Microsoft.NET.Sdk\targets\Microsoft.NET.Windows.targets(34,5)의 "7.0"(이전 값: "")
                   속성 재할당: $(SupportedOSPlatformVersion)=C:\Program Files\dotnet\sdk\7.0.402\Sdks\Microsoft.NET.Sdk\targets\Microsoft.NET.Windows.targets(44,5)의 "7.0"(이전 값: "")
                   속성 재할당: $(TargetPlatformMinVersion)=C:\Program Files\dotnet\sdk\7.0.402\Sdks\Microsoft.NET.Sdk\targets\Microsoft.NET.Windows.targets(45,5)의 "7.0"(이전 값: "")
                   속성 재할당: $(TargetPlatformDisplayName)=C:\Program Files\dotnet\sdk\7.0.402\Sdks\Microsoft.NET.Sdk\targets\Microsoft.NET.Sdk.targets(1232,5)의 "Windows 7.0"(이전 값: "Windows ")
                   속성 재할당: $(_TargetFrameworkVersionValue)=C:\Program Files\dotnet\sdk\7.0.402\Sdks\Microsoft.NET.Sdk.WindowsDesktop\targets\Microsoft.NET.Sdk.WindowsDesktop.targets(51,5)의 "7.0"(이전 값: "0.0")
                   속성 재할당: $(PrepareResourceNamesDependsOn)=C:\Program Files\dotnet\sdk\7.0.402\Sdks\Microsoft.NET.Sdk.WindowsDesktop\targets\Microsoft.WinFX.targets(61,7)의 "
                                       AssignWinFXEmbeddedResource;
                                       
                         AssignTargetPaths;
                         SplitResourcesByCulture;
                         CreateManifestResourceNames;
                         CreateCustomManifestResourceNames
                       
                         "(이전 값: "
                         AssignTargetPaths;
                         SplitResourcesByCulture;
                         CreateManifestResourceNames;
                         CreateCustomManifestResourceNames
                       ")
                   속성 재할당: $(PrepareResourcesDependsOn)=C:\Program Files\dotnet\sdk\7.0.402\Sdks\Microsoft.NET.Sdk.WindowsDesktop\targets\Microsoft.WinFX.targets(69,7)의 "
                                   MarkupCompilePass1;
                                   AfterMarkupCompilePass1;
                                   MarkupCompilePass2ForMainAssembly;
                                   FileClassification;
                                   MainResourcesGeneration;
                                   
                         ResolvePackageDependenciesForBuild;
                         _HandlePackageFileConflicts;
                         
                         ;
                         PrepareResourceNames;
                         ResGen;
                         CompileLicxFiles
                       
                       
                         "(이전 값: "
                         ResolvePackageDependenciesForBuild;
                         _HandlePackageFileConflicts;
                         
                         ;
                         PrepareResourceNames;
                         ResGen;
                         CompileLicxFiles
                       
                       ")
                   속성 재할당: $(CompileDependsOn)=C:\Program Files\dotnet\sdk\7.0.402\Sdks\Microsoft.NET.Sdk.WindowsDesktop\targets\Microsoft.WinFX.targets(136,5)의 "
                           
                         
                         ResolveReferences;
                         ResolveKeySource;
                         SetWin32ManifestProperties;
                         FindReferenceAssembliesForReferences;
                         _GenerateCompileInputs;
                         BeforeCompile;
                         _TimeStampBeforeCompile;
                         _GenerateCompileDependencyCache;
                         CoreCompile;
                         _TimeStampAfterCompile;
                         AfterCompile;
                       ;
                         _CreateAppHost;
                         _CreateComHost;
                         _GetIjwHostPaths;
                       ;
                           _AfterCompileWinFXInternal
                       "(이전 값: "
                         
                         ResolveReferences;
                         ResolveKeySource;
                         SetWin32ManifestProperties;
                         FindReferenceAssembliesForReferences;
                         _GenerateCompileInputs;
                         BeforeCompile;
                         _TimeStampBeforeCompile;
                         _GenerateCompileDependencyCache;
                         CoreCompile;
                         _TimeStampAfterCompile;
                         AfterCompile;
                       ;
                         _CreateAppHost;
                         _CreateComHost;
                         _GetIjwHostPaths;
                       ")
                   속성 재할당: $(PublishBuildDependsOn)=C:\Program Files\dotnet\sdk\7.0.402\Sdks\Microsoft.NET.Sdk.WindowsDesktop\targets\Microsoft.WinFX.targets(801,9)의 "
                               BuildOnlySettings;
                               PrepareForBuild;
                               ResolveReferences;
                               PrepareResources;
                               ResolveKeySource;
                               PrepareResourcesForSatelliteAssemblies;
                               GenerateSerializationAssemblies;
                               CreateSatelliteAssemblies;
                           "(이전 값: "
                         BuildOnlySettings;
                         PrepareForBuild;
                         ResolveReferences;
                         PrepareResources;
                         ResolveKeySource;
                         GenerateSerializationAssemblies;
                         CreateSatelliteAssemblies;
                       ")
                   속성 재할당: $(PackageDescription)=C:\Program Files\dotnet\sdk\7.0.402\Sdks\NuGet.Build.Tasks.Pack\build\NuGet.Build.Tasks.Pack.targets(34,5)의 "Package Description"(이전 값: "")
                   속성 재할당: $(GenerateNuspecDependsOn)=C:\Program Files\dotnet\sdk\7.0.402\Sdks\NuGet.Build.Tasks.Pack\build\NuGet.Build.Tasks.Pack.targets(59,5)의 "Build;_LoadPackInputItems; _GetTargetFrameworksOutput; _WalkEachTargetPerFramework; _GetPackageFiles; "(이전 값: "_LoadPackInputItems; _GetTargetFrameworksOutput; _WalkEachTargetPerFramework; _GetPackageFiles; ")
                   "C:\Program Files\dotnet\sdk-manifests\7.0.100\microsoft.net.workload.mono.toolchain.net6\WorkloadManifest.targets" 프로젝트의 "_CheckBrowserWorkloadNeededButNotAvailable" 대상을 "C:\Program Files\dotnet\sdk-manifests\7.0.100\microsoft.net.workload.mono.toolchain.net7\WorkloadManifest.targets" 프로젝트의 "_CheckBrowserWorkloadNeededButNotAvailable" 대상으로 재정의하고 있습니다.
                   "C:\Program Files\dotnet\sdk-manifests\7.0.100\microsoft.net.workload.mono.toolchain.net6\WorkloadManifest.targets" 프로젝트의 "_ErrorDisabledWorkload" 대상을 "C:\Program Files\dotnet\sdk-manifests\7.0.100\microsoft.net.workload.mono.toolchain.net7\WorkloadManifest.targets" 프로젝트의 "_ErrorDisabledWorkload" 대상으로 재정의하고 있습니다.
                   "C:\Program Files\dotnet\sdk\7.0.402\Microsoft.Common.CurrentVersion.targets" 프로젝트의 "ResolveFrameworkReferences" 대상을 "C:\Program Files\dotnet\sdk\7.0.402\Sdks\Microsoft.NET.Sdk\targets\Microsoft.NET.Sdk.FrameworkReferenceResolution.targets" 프로젝트의 "ResolveFrameworkReferences" 대상으로 재정의하고 있습니다.
                   "C:\Program Files\dotnet\sdk\7.0.402\Microsoft.Common.CurrentVersion.targets" 프로젝트의 "Run" 대상을 "C:\Program Files\dotnet\sdk\7.0.402\Sdks\Microsoft.NET.Sdk\targets\Microsoft.NET.Sdk.targets" 프로젝트의 "Run" 대상으로 재정의하고 있습니다.
                   "C:\Program Files\dotnet\sdk\7.0.402\Microsoft.Common.CurrentVersion.targets" 프로젝트의 "GenerateSupportedTargetFrameworkAlias" 대상을 "C:\Program Files\dotnet\sdk\7.0.402\Sdks\Microsoft.NET.Sdk\targets\Microsoft.NET.Sdk.targets" 프로젝트의 "GenerateSupportedTargetFrameworkAlias" 대상으로 재정의하고 있습니다.
                   "C:\Program Files\dotnet\sdk\7.0.402\Microsoft.Common.CurrentVersion.targets" 프로젝트의 "GetReferenceAssemblyPaths" 대상을 "C:\Program Files\dotnet\sdk\7.0.402\Sdks\Microsoft.NET.Sdk\targets\Microsoft.NET.DisableStandardFrameworkResolution.targets" 프로젝트의 "GetReferenceAssemblyPaths" 대상으로 재정의하고 있습니다.
                   "C:\Program Files\dotnet\sdk\7.0.402\Microsoft.Common.CurrentVersion.targets" 프로젝트의 "GetFrameworkPaths" 대상을 "C:\Program Files\dotnet\sdk\7.0.402\Sdks\Microsoft.NET.Sdk\targets\Microsoft.NET.DisableStandardFrameworkResolution.targets" 프로젝트의 "GetFrameworkPaths" 대상으로 재정의하고 있습니다.
                   "C:\Program Files\dotnet\sdk\7.0.402\Microsoft.Common.CurrentVersion.targets" 프로젝트의 "DesignerRuntimeImplementationProjectOutputGroup" 대상을 "C:\Program Files\dotnet\sdk\7.0.402\Sdks\Microsoft.NET.Sdk\targets\Microsoft.NET.DesignerSupport.targets" 프로젝트의 "DesignerRuntimeImplementationProjectOutputGroup" 대상으로 재정의하고 있습니다.
                   "C:\Program Files\dotnet\sdk\7.0.402\Microsoft.Common.CurrentVersion.targets" 프로젝트의 "Publish" 대상을 "C:\Program Files\dotnet\sdk\7.0.402\Sdks\Microsoft.NET.Sdk\targets\Microsoft.NET.Publish.targets" 프로젝트의 "Publish" 대상으로 재정의하고 있습니다.
                   "C:\Program Files\dotnet\sdk\7.0.402\Sdks\Microsoft.NET.Sdk\targets\Microsoft.NET.CrossGen.targets" 프로젝트의 "ResolveReadyToRunCompilers" 대상을 "C:\Program Files\dotnet\sdk\7.0.402\Sdks\Microsoft.NET.Sdk\targets\Microsoft.NET.Publish.targets" 프로젝트의 "ResolveReadyToRunCompilers" 대상으로 재정의하고 있습니다.
                   "C:\Program Files\dotnet\sdk\7.0.402\Microsoft.Common.CurrentVersion.targets" 프로젝트의 "GetCopyToPublishDirectoryItems" 대상을 "C:\Program Files\dotnet\sdk\7.0.402\Sdks\Microsoft.NET.Sdk\targets\Microsoft.NET.Publish.targets" 프로젝트의 "GetCopyToPublishDirectoryItems" 대상으로 재정의하고 있습니다.
                   "C:\Program Files\dotnet\sdk\7.0.402\Microsoft.Common.CurrentVersion.targets" 프로젝트의 "SatelliteDllsProjectOutputGroup" 대상을 "C:\Program Files\dotnet\sdk\7.0.402\Sdks\Microsoft.NET.Sdk.WindowsDesktop\targets\Microsoft.WinFX.targets" 프로젝트의 "SatelliteDllsProjectOutputGroup" 대상으로 재정의하고 있습니다.
16:19:02.872     0>초기 속성:
                   __DisableWorkloadResolverSentinelPath = C:\Program Files\dotnet\sdk\7.0.402\DisableWorkloadResolver.sentinel
                   __WindowsAppSdkDefaultImageIncludes = **/*.png;**/*.bmp;**/*.jpg;**/*.dds;**/*.tif;**/*.tga;**/*.gif
                   _AfterCompileWinFXInternalDependsOn = 
                           PrepareResourcesForSatelliteAssemblies;
                           MergeLocalizationDirectives;
                           AfterCompileWinFX
                       
                   _BeforePublishNoBuildTargets = 
                         BuildOnlySettings;
                         _PreventProjectReferencesFromBuilding;
                         ResolveReferences;
                         PrepareResourceNames;
                         ComputeIntermediateSatelliteAssemblies;
                         ComputeEmbeddedApphostPaths;
                       
                   _BrowserWorkloadDisabled7 = 
                   _ComHostLibraryExtension = .dll
                   _CompileTargetNameForLocalType = _CompileTemporaryAssembly
                   _CompileTemporaryAssemblyDependsOn = BuildOnlySettings;ResolveKeySource;ResolveProjectReferences;CoreCompile
                   _CorePublishTargets = 
                         PrepareForPublish;
                         ComputeAndCopyFilesToPublishDirectory;
                         ;
                         PublishItemsOutputGroup;
                       
                   _DebugSymbolsProduced = true
                   _DefaultUserProfileRuntimeStorePath = C:\Users\LIMSOWAN\.dotnet\store
                   _DeploymentApplicationManifestIdentity = FurnitureAuthoring.Tool.exe
                   _DeploymentBuiltUpdateInterval = 0
                   _DeploymentBuiltUpdateIntervalUnits = Days
                   _DeploymentDeployManifestIdentity = FurnitureAuthoring.Tool.application
                   _DeploymentFileMappingExtension = 
                   _DeploymentLauncherBased = true
                   _DeploymentPublishableProjectDefault = true
                   _DeploymentTargetApplicationManifestFileName = FurnitureAuthoring.Tool.dll.manifest
                   _DeploymentUrl = 
                   _DesignerDepsFileName = FurnitureAuthoring.Tool.designer.deps.json
                   _DesignerDepsFilePath = obj\Debug\net7.0-windows\FurnitureAuthoring.Tool.designer.deps.json
                   _DesignerRuntimeConfigFileName = FurnitureAuthoring.Tool.designer.runtimeconfig.json
                   _DesignerRuntimeConfigFilePath = obj\Debug\net7.0-windows\FurnitureAuthoring.Tool.designer.runtimeconfig.json
                   _DirectoryBuildPropsBasePath = 
                   _DirectoryBuildPropsFile = Directory.Build.props
                   _DirectoryBuildTargetsBasePath = 
                   _DirectoryBuildTargetsFile = Directory.Build.targets
                   _DirectoryPackagesPropsBasePath = 
                   _DirectoryPackagesPropsFile = Directory.Packages.props
                   _DocumentationFileProduced = false
                   _DotNetAppHostExecutableName = apphost.exe
                   _DotNetAppHostExecutableNameWithoutExtension = apphost
                   _DotNetComHostLibraryName = comhost.dll
                   _DotNetComHostLibraryNameWithoutExtension = comhost
                   _DotNetHostExecutableName = dotnet.exe
                   _DotNetHostFxrLibraryName = libhostfxr.so
                   _DotNetHostPolicyLibraryName = libhostpolicy.so
                   _DotNetIjwHostLibraryName = Ijwhost.dll
                   _DotNetIjwHostLibraryNameWithoutExtension = Ijwhost
                   _DotNetSingleFileHostExecutableNameWithoutExtension = singlefilehost
                   _EnableDefaultWindowsPlatform = false
                   _EnableWindowsDesktopGlobbing = true
                   _EnableWindowsDesktopNetCoreFrameworkReferences = true
                   _FrameworkIdentifierForImplicitDefine = NET
                   _FrameworkVersionForImplicitDefine = 7_0
                   _GenerateBindingRedirectsIntermediateAppConfig = obj\Debug\net7.0-windows\FurnitureAuthoring.Tool.dll.config
                   _GenerateRestoreGraphProjectEntryInputProperties = ExcludeRestorePackageImports=true
                   _GenerateRuntimeConfigurationPropertyInputsCache = E:\Unity\LH Editor_Refactoring\tools\FurnitureAuthoringTool\src\FurnitureAuthoring.Tool\obj\Debug\net7.0-windows\FurnitureAuthoring.Tool.genruntimeconfig.cache
                   _GenerateSupportedRuntimeIntermediateAppConfig = obj\Debug\net7.0-windows\FurnitureAuthoring.Tool.dll.withSupportedRuntime.config
                   _GetChildProjectCopyToOutputDirectoryItems = true
                   _GetChildProjectCopyToPublishDirectoryItems = true
                   _IjwHostLibraryExtension = .dll
                   _InitialBaseIntermediateOutputPath = obj\
                   _InitialMSBuildProjectExtensionsPath = E:\Unity\LH Editor_Refactoring\tools\FurnitureAuthoringTool\src\FurnitureAuthoring.Tool\obj\
                   _IsExecutable = true
                   _IsNETCoreOrNETStandard = true
                   _LatestAnalysisLevel = 7.0
                   _LinkSemaphore = obj\Debug\net7.0-windows\linked\Link.semaphore
                   _MaxSupportedLangVersion = 11.0
                   _MicrosoftNETSdkWindowsDesktop = true
                   _NativeExecutableExtension = .exe
                   _NativeLibraryExtension = .so
                   _NativeLibraryPrefix = lib
                   _NETAnalyzersSDKAssemblyVersion = 7.0.4
                   _NETCoreSdkIsPreview = false
                   _NetFrameworkHostedCompilersVersion = 4.7.0-3.23416.9
                   _NoneAnalysisLevel = 4.0
                   _NugetFallbackFolder = C:\Program Files\dotnet\sdk\7.0.402\Sdks\Microsoft.NET.Sdk\targets\..\..\..\..\NuGetFallbackFolder
                   _NugetTargetMonikerAndRID = .NETCoreApp,Version=v7.0
                   _OriginalConfiguration = Debug
                   _OriginalPlatform = AnyCPU
                   _PackToolPublishDependency = _PublishBuildAlternative
                   _PlatformWithoutConfigurationInference = AnyCPU
                   _PresentationBuildTasksAssembly = C:\Program Files\dotnet\sdk\7.0.402\Sdks\Microsoft.NET.Sdk.WindowsDesktop\tools\net7.0\PresentationBuildTasks.dll
                   _PresentationBuildTasksTfm = net7.0
                   _PreviewAnalysisLevel = 8.0
                   _ProjectDefaultTargets = Build
                   _PublishNoBuildAlternativeDependsOn = 
                         BuildOnlySettings;
                         _PreventProjectReferencesFromBuilding;
                         ResolveReferences;
                         PrepareResourceNames;
                         ComputeIntermediateSatelliteAssemblies;
                         ComputeEmbeddedApphostPaths;
                       ;
                         PrepareForPublish;
                         ComputeAndCopyFilesToPublishDirectory;
                         ;
                         PublishItemsOutputGroup;
                       
                   _PublishProfileDesignerFolder = Properties
                   _PublishProfileRootFolder = E:\Unity\LH Editor_Refactoring\tools\FurnitureAuthoringTool\src\FurnitureAuthoring.Tool\Properties\PublishProfiles\
                   _RecursiveTargetForContentCopying = GetCopyToOutputDirectoryItems
                   _RemoveUnsupportedTargetFrameworksForWindowsDesktop = true
                   _RequireMCPass2ForMainAssembly = false
                   _RequireMCPass2ForSatelliteAssemblyOnly = false
                   _ResolveProjectReferencesTargetName = ResolveProjectReferences
                   _ResolveReferenceDependencies = false
                   _ResourceNameInMainAssembly = FurnitureAuthoring.Tool.g.resources
                   _RuntimeIdentifierUsesAppHost = true
                   _RuntimePackInWorkloadVersion6 = 6.0.23
                   _RuntimePackInWorkloadVersion7 = 7.0.12
                   _SGenDllCreated = false
                   _SGenDllName = FurnitureAuthoring.Tool.XmlSerializers.dll
                   _SGenGenerateSerializationAssembliesConfig = Off
                   _ShimCreatedSentinelFile = E:\Unity\LH Editor_Refactoring\tools\FurnitureAuthoringTool\src\FurnitureAuthoring.Tool\obj\Debug\net7.0-windows\FurnitureAuthoring.Tool.shimcreated.sentinel
                   _ShimInputCacheFile = E:\Unity\LH Editor_Refactoring\tools\FurnitureAuthoringTool\src\FurnitureAuthoring.Tool\obj\Debug\net7.0-windows\FurnitureAuthoring.Tool.shiminput.cache
                   _SupportedPlatformList = @(SupportedPlatform, ',')
                   _TargetFrameworkDirectories = 
                   _TargetFrameworkVersionValue = 7.0
                   _TargetFrameworkVersionWithoutV = 7.0
                   _TargetLatestRuntimePatchIsDefault = true
                   _TargetsThatPrepareProjectReferences = 
                         AssignProjectConfiguration;
                         _SplitProjectReferencesByFileExistence
                       
                   _ToolsSettingsFilePath = obj\DotnetToolSettings.xml
                   _UndefinedTargetFrameworkVersion = 0.0
                   _UseAttributeForTargetFrameworkInfoPropertyNames = true
                   _UsingDefaultForHasRuntimeOutput = true
                   _UsingDefaultPlatformTarget = true
                   _WindowsDesktopSdkTargetFrameworkVersionFloor = 3.0
                   _WorkloadLibraryPacksFolder = C:\Program Files\dotnet\library-packs
                   AddAdditionalExplicitAssemblyReferences = false
                   AddAppConfigToBuildOutputs = true
                   AfterMicrosoftNETSdkTargets = ;C:\Program Files\dotnet\sdk\7.0.402\Sdks\Microsoft.NET.Sdk\targets\../../Microsoft.NET.Sdk.WindowsDesktop/targets/Microsoft.NET.Sdk.WindowsDesktop.targets
                   AllowedOutputExtensionsInPackageBuildOutputFolder = .dll; .exe; .winmd; .json; .pri; .xml ;
                   AllowedOutputExtensionsInSymbolsPackageBuildOutputFolder = .pdb; .mdb; .dll; .exe; .winmd; .json; .pri; .xml ;; 
                   AllowedReferenceAssemblyFileExtensions = 
                         .winmd;
                         .dll;
                         .exe
                       
                   AllowedReferenceRelatedFileExtensions = 
                         .pdb;
                         .xml;
                         .pri;
                         .dll.config;
                         .exe.config
                       
                   AllowUnsafeBlocks = false
                   AlwaysCompileMarkupFilesInSeparateDomain = true
                   AlwaysIncludeCoreFrameworkInRuntimeConfig = true
                   AlwaysUseNumericalSuffixInItemNames = true
                   AnalysisLevel = latest
                   AotRuntimePackageLoadedViaSDK = true
                   ApiCompatValidatePackageSemaphoreFile = obj\Debug\net7.0-windows\Microsoft.NET.ApiCompat.ValidatePackage.semaphore
                   AppDesignerFolder = Properties
                   AppendRuntimeIdentifierToOutputPath = true
                   AppendTargetFrameworkToOutputPath = true
                   AssemblyFoldersConfigFile = C:\Program Files\dotnet\sdk\7.0.402\AssemblyFolders.config
                   AssemblyFoldersSuffix = AssemblyFoldersEx
                   AssemblyName = FurnitureAuthoring.Tool
                   AssemblySearchPaths = {CandidateAssemblyFiles};{HintPathFromItem};{TargetFrameworkDirectory};{RawFileName}
                   AssemblyTitle = FurnitureAuthoring.Tool
                   AssetTargetFallback = ;net461;net462;net47;net471;net472;net48;net481
                   AssignTargetPathsDependsOn = 
                   Authors = FurnitureAuthoring.Tool
                   AutomaticallyUseReferenceAssemblyPackages = true
                   AutoUnifyAssemblyReferences = true
                   AvailablePlatforms = Any CPU,x86,x64,ARM32,ARM64
                   BackwardsCompatFrameworkDefine = NETCOREAPP
                   BaseIntermediateOutputPath = obj\
                   BaseOutputPath = bin\
                   BaseOutputPathWasSpecified = true
                   BuildCompileAction = Build
                   BuildDependsOn = 
                         BeforeBuild;
                         CoreBuild;
                         AfterBuild
                       
                   BuildGenerateSourcesAction = Build
                   BuildingProject = false
                   BuildInParallel = true
                   BuildLinkAction = Build
                   BuildOutputTargetFolder = lib
                   BuildProjectReferences = true
                   BuiltProjectOutputGroupDependenciesDependsOn = 
                         ;
                         
                         ;
                         BuildOnlySettings;
                         PrepareForBuild;
                         AssignTargetPaths;
                         ResolveReferences
                       
                       
                   BuiltProjectOutputGroupDependsOn = PrepareForBuild
                   BundledNETCoreAppPackageVersion = 7.0.12
                   BundledNETCoreAppTargetFrameworkVersion = 7.0
                   BundledNETCorePlatformsPackageVersion = 7.0.4
                   BundledNETStandardPackageVersion = 2.1.0
                   BundledNETStandardTargetFrameworkVersion = 2.1
                   BundledRuntimeIdentifierGraphFile = C:\Program Files\dotnet\sdk\7.0.402\RuntimeIdentifierGraph.json
                   CheckEolTargetFramework = true
                   CheckEolWorkloads = true
                   CheckForOverflowUnderflow = false
                   CleanDependsOn = 
                         BeforeClean;
                         UnmanagedUnregistration;
                         CoreClean;
                         CleanReferencedProjects;
                         CleanPublishFolder;
                         AfterClean
                       
                   CleanFile = FurnitureAuthoring.Tool.csproj.FileListAbsolute.txt
                   ClickOncePublishDir = bin\Debug\net7.0-windows\publish\
                   CodeAnalysisRuleIds = CA1000;CA1001;CA1002;CA1003;CA1005;CA1008;CA1010;CA1012;CA1014;CA1016;CA1017;CA1018;CA1019;CA1021;CA1024;CA1027;CA1028;CA1030;CA1031;CA1032;CA1033;CA1034;CA1036;CA1040;CA1041;CA1043;CA1044;CA1045;CA1046;CA1047;CA1050;CA1051;CA1052;CA1054;CA1055;CA1056;CA1058;CA1060;CA1061;CA1062;CA1063;CA1064;CA1065;CA1066;CA1067;CA1068;CA1069;CA1070;CA1200;CA1303;CA1304;CA1305;CA1307;CA1308;CA1309;CA1310;CA1311;CA1401;CA1416;CA1417;CA1418;CA1419;CA1420;CA1421;CA1422;CA1501;CA1502;CA1505;CA1506;CA1507;CA1508;CA1509;CA1700;CA1707;CA1708;CA1710;CA1711;CA1712;CA1713;CA1715;CA1716;CA1720;CA1721;CA1724;CA1725;CA1727;CA1802;CA1805;CA1806;CA1810;CA1812;CA1813;CA1814;CA1815;CA1816;CA1819;CA1820;CA1821;CA1822;CA1823;CA1824;CA1825;CA1826;CA1827;CA1828;CA1829;CA1830;CA1831;CA1832;CA1833;CA1834;CA1835;CA1836;CA1837;CA1838;CA1839;CA1840;CA1841;CA1842;CA1843;CA1844;CA1845;CA1846;CA1847;CA1848;CA1849;CA1850;CA1851;CA1852;CA1853;CA1854;CA1855;CA2000;CA2002;CA2007;CA2008;CA2009;CA2011;CA2012;CA2013;CA2014;CA2015;CA2016;CA2017;CA2018;CA2019;CA2020;CA2100;CA2101;CA2109;CA2119;CA2153;CA2200;CA2201;CA2207;CA2208;CA2211;CA2213;CA2214;CA2215;CA2216;CA2217;CA2218;CA2219;CA2224;CA2225;CA2226;CA2227;CA2229;CA2231;CA2234;CA2235;CA2237;CA2241;CA2242;CA2243;CA2244;CA2245;CA2246;CA2247;CA2248;CA2249;CA2250;CA2251;CA2252;CA2253;CA2254;CA2255;CA2256;CA2257;CA2258;CA2259;CA2260;CA2300;CA2301;CA2302;CA2305;CA2310;CA2311;CA2312;CA2315;CA2321;CA2322;CA2326;CA2327;CA2328;CA2329;CA2330;CA2350;CA2351;CA2352;CA2353;CA2354;CA2355;CA2356;CA2361;CA2362;CA3001;CA3002;CA3003;CA3004;CA3005;CA3006;CA3007;CA3008;CA3009;CA3010;CA3011;CA3012;CA3061;CA3075;CA3076;CA3077;CA3147;CA5350;CA5351;CA5358;CA5359;CA5360;CA5361;CA5362;CA5363;CA5364;CA5365;CA5366;CA5367;CA5368;CA5369;CA5370;CA5371;CA5372;CA5373;CA5374;CA5375;CA5376;CA5377;CA5378;CA5379;CA5380;CA5381;CA5382;CA5383;CA5384;CA5385;CA5386;CA5387;CA5388;CA5389;CA5390;CA5391;CA5392;CA5393;CA5394;CA5395;CA5396;CA5397;CA5398;CA5399;CA5400;CA5401;CA5402;CA5403;CA5404;CA5405
                   CodeAnalysisTargets = C:\Program Files\dotnet\sdk\7.0.402\Microsoft\VisualStudio\v17.0\CodeAnalysis\Microsoft.CodeAnalysis.targets
                   CommandLineArgsForDesignTimeEvaluation = -langversion:11.0 -define:TRACE
                   CommonOutputGroupsDependsOn = 
                         ;
                         BuildOnlySettings;
                         PrepareForBuild;
                         AssignTargetPaths;
                         ResolveReferences
                       
                   CommonTargetsPath = C:\Program Files\dotnet\sdk\7.0.402\Microsoft.Common.CurrentVersion.targets
                   CommonXamlResourcesDirectory = C:\Program Files\dotnet\sdk\7.0.402\\
                   Company = FurnitureAuthoring.Tool
                   CompileDependsOn = 
                           
                         
                         ResolveReferences;
                         ResolveKeySource;
                         SetWin32ManifestProperties;
                         FindReferenceAssembliesForReferences;
                         _GenerateCompileInputs;
                         BeforeCompile;
                         _TimeStampBeforeCompile;
                         _GenerateCompileDependencyCache;
                         CoreCompile;
                         _TimeStampAfterCompile;
                         AfterCompile;
                       ;
                         _CreateAppHost;
                         _CreateComHost;
                         _GetIjwHostPaths;
                       ;
                           _AfterCompileWinFXInternal
                       
                   CompileLicxFilesDependsOn = 
                   CompilerApiVersion = roslyn4.7
                   CompilerGeneratedFilesOutputPath = 
                   ComputeIntermediateSatelliteAssembliesDependsOn = 
                         CreateManifestResourceNames
                       
                   ComputeNETCoreBuildOutputFiles = true
                   ComReferenceExecuteAsTool = false
                   ComReferenceNoClassMembers = false
                   Configuration = Debug
                   ConfigurationName = Debug
                   Configurations = Debug;Release
                   ConsiderPlatformAsProcessorArchitecture = true
                   ContentFilesProjectOutputGroupDependsOn = PrepareForBuild;AssignTargetPaths
                   ContentPreprocessorOutputDirectory = obj\Debug\net7.0-windows\NuGet\
                   ContentTargetFolders = content;contentFiles
                   ContinueOnError = false
                   CopyBuildOutputToPublishDirectory = true
                   CopyConflictingTransitiveContent = false
                   CopyLocalLockFileAssemblies = true
                   CopyOutputSymbolsToPublishDirectory = true
                   CoreBuildDependsOn = 
                         _CheckForBuildWithNoBuild;
                         
                         BuildOnlySettings;
                         PrepareForBuild;
                         PreBuildEvent;
                         ResolveReferences;
                         PrepareResources;
                         ResolveKeySource;
                         Compile;
                         ExportWindowsMDFile;
                         UnmanagedUnregistration;
                         GenerateSerializationAssemblies;
                         CreateSatelliteAssemblies;
                         GenerateManifests;
                         GetTargetPath;
                         PrepareForRun;
                         UnmanagedRegistration;
                         IncrementalClean;
                         PostBuildEvent
                       ;
                         GenerateBuildDependencyFile;
                         GenerateBuildRuntimeConfigurationFiles
                       
                   CoreCleanDependsOn = 
                         _SdkBeforeClean;
                         
                       
                   CoreCompileDependsOn = ;_ComputeNonExistentFileProperty;ResolveCodeAnalysisRuleSet
                   CoreResGenDependsOn = FindReferenceAssembliesForReferences
                   CreateCustomManifestResourceNamesDependsOn = 
                   CreateHardLinksForCopyAdditionalFilesIfPossible = false
                   CreateManifestResourceNamesDependsOn = 
                   CreateSatelliteAssembliesDependsOn = 
                         
                         _GenerateSatelliteAssemblyInputs;
                         ComputeIntermediateSatelliteAssemblies;
                         GenerateSatelliteAssemblies
                       ;
                         CoreGenerateSatelliteAssemblies
                       
                   CreateSymbolicLinksForCopyAdditionalFilesIfPossible = false
                   CSharpCoreTargetsPath = C:\Program Files\dotnet\sdk\7.0.402\Roslyn\Microsoft.CSharp.Core.targets
                   CSharpDesignTimeTargetsPath = C:\Program Files\dotnet\sdk\7.0.402\\Microsoft\VisualStudio\Managed\Microsoft.CSharp.DesignTime.targets
                   CSharpTargetsPath = C:\Program Files\dotnet\sdk\7.0.402\Microsoft.CSharp.CurrentVersion.targets
                   CustomAfterMicrosoftCommonProps = C:\Program Files\dotnet\sdk\7.0.402\\vCurrent\Custom.After.Microsoft.Common.props
                   CustomAfterMicrosoftCommonTargets = C:\Program Files\dotnet\sdk\7.0.402\\vCurrent\Custom.After.Microsoft.Common.targets
                   CustomAfterMicrosoftCSharpTargets = C:\Program Files\dotnet\sdk\7.0.402\\vCurrent\Custom.After.Microsoft.CSharp.targets
                   CustomBeforeMicrosoftCommonProps = C:\Program Files\dotnet\sdk\7.0.402\\vCurrent\Custom.Before.Microsoft.Common.props
                   CustomBeforeMicrosoftCommonTargets = C:\Program Files\dotnet\sdk\7.0.402\\vCurrent\Custom.Before.Microsoft.Common.targets
                   CustomBeforeMicrosoftCSharpTargets = C:\Program Files\dotnet\sdk\7.0.402\\vCurrent\Custom.Before.Microsoft.CSharp.targets
                   DebugSymbols = true
                   DebugSymbolsProjectOutputGroupDependenciesDependsOn = 
                         ;
                         
                         ;
                         BuildOnlySettings;
                         PrepareForBuild;
                         AssignTargetPaths;
                         ResolveReferences
                       
                       
                   DebugSymbolsProjectOutputGroupDependsOn = 
                   DebugType = portable
                   DefaultAllowedOutputExtensionsInPackageBuildOutputFolder = .dll; .exe; .winmd; .json; .pri; .xml
                   DefaultAppHostRuntimeIdentifier = win-x64
                   DefaultCopyToPublishDirectoryMetadata = true
                   DefaultExcludesInProjectFolder = ;;**/.*/**
                   DefaultImplicitPackages = Microsoft.NETCore.App;NETStandard.Library
                   DefaultItemExcludes = ;bin\Debug\/**;obj\Debug\/**;bin\/**;obj\/**;**/*.user;**/*.*proj;**/*.sln;**/*.vssscc
                   DefaultLanguageSourceExtension = .cs
                   DefaultProjectTypeGuid = {FAE04EC0-301F-11D3-BF4B-00C04F79EFBC}
                   DefaultXamlRuntime = Wpf
                   DefineCommonCapabilities = true
                   DefineCommonItemSchemas = true
                   DefineCommonReferenceSchemas = true
                   DefineConstants = TRACE;DEBUG;NET;NET7_0;NETCOREAPP
                   DelaySign = 
                   DeploymentComputeClickOnceManifestInfoDependsOn = 
                         CleanPublishFolder;
                         _DeploymentGenerateTrustInfo
                         
                       
                   DeploymentType = Installed
                   DesignerRuntimeImplementationProjectOutputGroupDependsOn = 
                         
                         ;
                         
                         ;
                         BuildOnlySettings;
                         PrepareForBuild;
                         AssignTargetPaths;
                         ResolveReferences
                       
                       ;
                         _GenerateDesignerDepsFile;
                         _GenerateDesignerRuntimeConfigFile;
                         GetCopyToOutputDirectoryItems;
                         _GatherDesignerShadowCopyFiles;
                       
                   DesignTimeAssemblySearchPaths = {CandidateAssemblyFiles};{HintPathFromItem};{TargetFrameworkDirectory};{RawFileName}
                   DesignTimeAutoUnify = true
                   DesignTimeResolveAssemblyReferencesDependsOn = 
                         GetFrameworkPaths;
                         GetReferenceAssemblyPaths;
                         ResolveReferences
                       
                   Deterministic = true
                   DevEnvDir = *Undefined*
                   DisableHandlePackageFileConflicts = true
                   DisableLogTaskParameter_ConvertToAbsolutePath_Path = true
                   DisableLogTaskParameter_FindUnderPath_OutOfPath = true
                   DisableLogTaskParameter_RemoveDuplicates_Inputs = true
                   DisableLogTaskParameterItemMetadata_ConvertToAbsolutePath_AbsolutePaths = true
                   DisableLogTaskParameterItemMetadata_Copy_CopiedFiles = true
                   DisableLogTaskParameterItemMetadata_Copy_DestinationFiles = true
                   DisableLogTaskParameterItemMetadata_Copy_SourceFiles = true
                   DisableLogTaskParameterItemMetadata_FindUnderPath_Files = true
                   DisableLogTaskParameterItemMetadata_FindUnderPath_InPath = true
                   DisableLogTaskParameterItemMetadata_GenerateResource_FilesWritten = true
                   DisableLogTaskParameterItemMetadata_Hash_ItemsToHash = true
                   DisableLogTaskParameterItemMetadata_RemoveDuplicates_Filtered = true
                   DisableLogTaskParameterItemMetadata_WriteLinesToFile_Lines = true
                   DisableStandardFrameworkResolution = true
                   DocumentationFile = 
                   DocumentationProjectOutputGroupDependenciesDependsOn = 
                         ;
                         
                         ;
                         BuildOnlySettings;
                         PrepareForBuild;
                         AssignTargetPaths;
                         ResolveReferences
                       
                       
                   DocumentationProjectOutputGroupDependsOn = 
                   DOTNET_CLI_TELEMETRY_SESSIONID = 822af62e-9fd6-4b33-8f38-b249d3d8e132
                   DOTNET_HOST_PATH = C:\Program Files\dotnet\dotnet.exe
                   DotNetApiCompatTaskAssembly = C:\Program Files\dotnet\sdk\7.0.402\Sdks\Microsoft.NET.Sdk\targets\..\tools\net7.0\Microsoft.DotNet.ApiCompat.Task.dll
                   DotnetCliToolTargetFramework = netcoreapp2.2
                   EffectiveAnalysisLevel = 7.0
                   EmbeddedResourceUseDependentUponConvention = true
                   EmbeddedWin32Manifest = 
                   EmitAssetsLogMessages = true
                   EmitCompilerGeneratedFiles = false
                   EmitLegacyAssetsFileItems = false
                   EnableDefaultApplicationDefinition = true
                   EnableDefaultCompileItems = true
                   EnableDefaultEmbeddedResourceItems = true
                   EnableDefaultItems = true
                   EnableDefaultNoneItems = true
                   EnableDefaultPageItems = true
                   EnableFrameworkPathOverride = false
                   EnableNETAnalyzers = true
                   EnableWebSdkImplicitPackageVersions = false
                   EnforceCodeStyleInBuild = false
                   ErrorReport = prompt
                   ExcludeRestorePackageImports = true
                   ExpandSDKAllowedReferenceExtensions = 
                         .winmd;
                         .dll
                       
                   ExpandSDKReferencesDependsOn = 
                         ResolveSDKReferences
                       
                   FileAlignment = 512
                   FindInvalidProjectReferencesDependsOn = 
                         GetReferenceTargetPlatformMonikers
                       
                   Framework20Dir = @(_TargetFramework20DirectoryItem)
                   Framework30Dir = @(_TargetFramework30DirectoryItem)
                   Framework35Dir = @(_TargetFramework35DirectoryItem)
                   Framework40Dir = @(_TargetFramework40DirectoryItem)
                   FrameworkDir = @(_TargetFramework40DirectoryItem)
                   FrameworkPathOverride = 
                   FrameworkRegistryBase = Software\Microsoft\.NETCoreApp
                   FrameworkSDKDir = @(_TargetFrameworkSDKDirectoryItem)
                   FullReferenceAssemblyNames = Full
                   GenerateAssemblyCompanyAttribute = true
                   GenerateAssemblyConfigurationAttribute = true
                   GenerateAssemblyCopyrightAttribute = true
                   GenerateAssemblyDescriptionAttribute = true
                   GenerateAssemblyFileVersionAttribute = true
                   GenerateAssemblyInfo = true
                   GenerateAssemblyInformationalVersionAttribute = true
                   GenerateAssemblyMetadataAttributes = true
                   GenerateAssemblyProductAttribute = true
                   GenerateAssemblyTitleAttribute = true
                   GenerateAssemblyVersionAttribute = true
                   GenerateBindingRedirectsOutputType = true
                   GenerateClickOnceManifests = 
                   GeneratedAssemblyInfoFile = obj\Debug\net7.0-windows\FurnitureAuthoring.Tool.AssemblyInfo.cs
                   GenerateDependencyFile = true
                   GeneratedFileExtension = .g.cs
                   GeneratedGlobalUsingsFile = obj\Debug\net7.0-windows\FurnitureAuthoring.Tool.GlobalUsings.g.cs
                   GenerateDocumentationFile = false
                   GenerateFullPaths = true
                   GenerateInternalsVisibleToAttributes = true
                   GenerateManifestsDependsOn = 
                         SetWin32ManifestProperties;
                         GenerateApplicationManifest;
                         GenerateDeploymentManifest
                       
                   GenerateNeutralResourcesLanguageAttribute = true
                   GenerateNuspecDependsOn = Build;_LoadPackInputItems; _GetTargetFrameworksOutput; _WalkEachTargetPerFramework; _GetPackageFiles; 
                   GeneratePackageOnBuild = false
                   GenerateRepositoryUrlAttribute = true
                   GenerateRequiresPreviewFeaturesAttribute = true
                   GenerateResourceMSBuildArchitecture = CurrentArchitecture
                   GenerateResourceMSBuildRuntime = CurrentRuntime
                   GenerateResourceUsePreserializedResources = true
                   GenerateRuntimeConfigDevFile = false
                   GenerateRuntimeConfigurationFiles = true
                   GenerateSatelliteAssembliesForCore = true
                   GenerateTargetFrameworkAttribute = true
                   GetCopyToOutputDirectoryItemsDependsOn = 
                         AssignTargetPaths;
                         
                         AssignProjectConfiguration;
                         _SplitProjectReferencesByFileExistence
                       ;
                         _GetProjectReferenceTargetFrameworkProperties;
                         _PopulateCommonStateForGetCopyToOutputDirectoryItems
                       
                   GetFrameworkPathsDependsOn = 
                   GetReferenceNearestTargetFrameworkTaskSupportsTargetPlatformParameter = true
                   GetTargetPathDependsOn = 
                   GetTargetPathWithTargetPlatformMonikerDependsOn = 
                   HasRuntimeOutput = true
                   HideWarningsAndErrors = false
                   HighEntropyVA = true
                   HostInBrowser = false
                   ILCompilerTargetsPath = C:\Program Files\dotnet\sdk\7.0.402\Sdks\Microsoft.DotNet.ILCompiler\build\Microsoft.DotNet.ILCompiler.SingleEntry.targets
                   ILLinkTargetsPath = C:\Program Files\dotnet\sdk\7.0.402\Sdks\Microsoft.NET.ILLink.Tasks\build\Microsoft.NET.ILLink.targets
                   ILLinkTasksAssembly = C:\Program Files\dotnet\sdk\7.0.402\Sdks\Microsoft.NET.ILLink.Tasks\build\..\tools\net7.0\ILLink.Tasks.dll
                   ImplicitConfigurationDefine = DEBUG
                   ImplicitFrameworkDefine = NET7_0
                   ImportByWildcardAfterMicrosoftCommonProps = true
                   ImportByWildcardAfterMicrosoftCommonTargets = true
                   ImportByWildcardAfterMicrosoftCSharpTargets = true
                   ImportByWildcardBeforeMicrosoftCommonProps = true
                   ImportByWildcardBeforeMicrosoftCommonTargets = true
                   ImportByWildcardBeforeMicrosoftCSharpTargets = true
                   ImportDirectoryBuildProps = true
                   ImportDirectoryBuildTargets = true
                   ImportDirectoryPackagesProps = true
                   ImportFrameworkWinFXTargets = false
                   ImportNuGetBuildTasksPackTargetsFromSdk = true
                   ImportProjectExtensionProps = true
                   ImportProjectExtensionTargets = true
                   ImportUserLocationsByWildcardAfterMicrosoftCommonProps = true
                   ImportUserLocationsByWildcardAfterMicrosoftCommonTargets = true
                   ImportUserLocationsByWildcardAfterMicrosoftCSharpTargets = true
                   ImportUserLocationsByWildcardBeforeMicrosoftCommonProps = true
                   ImportUserLocationsByWildcardBeforeMicrosoftCommonTargets = true
                   ImportUserLocationsByWildcardBeforeMicrosoftCSharpTargets = true
                   ImportWindowsDesktopTargets = true
                   IncludeBuildOutput = true
                   IncludeContentInPack = true
                   IncludeFileVersionsInDependencyFile = true
                   IncludeMainProjectInDepsFile = true
                   IncludePackageReferencesDuringMarkupCompilation = true
                   IncludeProjectsNotInAssetsFileInDepsFile = true
                   IncludeSourceRevisionInInformationalVersion = true
                   IncludeSymbolsInSingleFile = false
                   InnerBuildProperty = TargetFramework
                   InnerBuildPropertyValues = TargetFrameworks
                   IntermediateLinkDir = obj\Debug\net7.0-windows\linked\
                   IntermediateOutputPath = obj\Debug\net7.0-windows\
                   IsApplication = true
                   IsNetCoreAppTargetingLatestTFM = true
                   IsPackable = true
                   IsPublishable = true
                   IsRestoreTargetsFileLoaded = true
                   IsRidAgnostic = false
                   Language = C#
                   LanguageTargets = C:\Program Files\dotnet\sdk\7.0.402\Microsoft.CSharp.targets
                   LangVersion = 11.0
                   LocalizationDirectivesToLocFile = None
                   MarkPackageReferencesAsExternallyResolved = true
                   MarkupCompilePass2ForMainAssemblyDependsOn = 
                                        GenerateTemporaryTargetAssembly;
                                        MarkupCompilePass2;
                                        AfterMarkupCompilePass2;
                                        CleanupTemporaryTargetAssembly
                          
                   MaxSupportedLangVersion = 11.0
                   MaxTargetPath = 100
                   MicrosoftCommonPropsHasBeenImported = true
                   MicrosoftNETBuildExtensionsTargets = C:\Program Files\dotnet\sdk\7.0.402\\Microsoft\Microsoft.NET.Build.Extensions\Microsoft.NET.Build.Extensions.targets
                   MicrosoftNETBuildExtensionsTasksAssembly = C:\Program Files\dotnet\sdk\7.0.402\Microsoft\Microsoft.NET.Build.Extensions\\tools\net7.0\Microsoft.NET.Build.Extensions.Tasks.dll
                   MicrosoftNETBuildTasksAssembly = C:\Program Files\dotnet\sdk\7.0.402\Sdks\Microsoft.NET.Sdk\targets\..\tools\net7.0\Microsoft.NET.Build.Tasks.dll
                   MicrosoftNETBuildTasksDirectory = C:\Program Files\dotnet\sdk\7.0.402\Sdks\Microsoft.NET.Sdk\targets\..\tools\net7.0\
                   MicrosoftNETBuildTasksDirectoryRoot = C:\Program Files\dotnet\sdk\7.0.402\Sdks\Microsoft.NET.Sdk\targets\..\tools\
                   MicrosoftNETBuildTasksTFM = net7.0
                   MicrosoftNETCrossgenBuildTasksAssembly = C:\Program Files\dotnet\sdk\7.0.402\Sdks\Microsoft.NET.Sdk\targets\..\tasks\net7.0\Microsoft.NET.Sdk.Crossgen.dll
                   MicrosoftNETFrameworkReferenceAssembliesLatestPackageVersion = 1.0.3
                   MicrosoftNETWindowsWorkloadInstalled = true
                   MinimumVisualStudioVersionForUnsupportedTargetFrameworkVersion = 17.8
                   MsAppxPackageTargets = C:\Program Files\dotnet\sdk\7.0.402\Microsoft\VisualStudio\v17.0\AppxPackage\Microsoft.AppXPackage.Targets
                   MSBuildAllProjects = E:\Unity\LH Editor_Refactoring\tools\FurnitureAuthoringTool\src\FurnitureAuthoring.Tool\FurnitureAuthoring.Tool.csproj;;C:\Program Files\dotnet\sdk\7.0.402\Current\Microsoft.Common.targets\ImportAfter\Microsoft.TestPlatform.ImportAfter.targets
                   MSBuildAssemblyVersion = 17.0
                   MSBuildBinPath = C:\Program Files\dotnet\sdk\7.0.402
                   MSBuildCopyContentTransitively = true
                   MSBuildDisableFeaturesFromVersion = 999.999
                   MSBuildEnableWorkloadResolver = true
                   MSBuildFileVersion = 17.7.3.40206
                   MSBuildNodeCount = 12
                   MSBuildProgramFiles32 = C:\Program Files (x86)
                   MSBuildProjectDefaultTargets = Build
                   MSBuildProjectDirectory = E:\Unity\LH Editor_Refactoring\tools\FurnitureAuthoringTool\src\FurnitureAuthoring.Tool
                   MSBuildProjectDirectoryNoRoot = Unity\LH Editor_Refactoring\tools\FurnitureAuthoringTool\src\FurnitureAuthoring.Tool
                   MSBuildProjectExtension = .csproj
                   MSBuildProjectExtensionsPath = E:\Unity\LH Editor_Refactoring\tools\FurnitureAuthoringTool\src\FurnitureAuthoring.Tool\obj\
                   MSBuildProjectFile = FurnitureAuthoring.Tool.csproj
                   MSBuildProjectFullPath = E:\Unity\LH Editor_Refactoring\tools\FurnitureAuthoringTool\src\FurnitureAuthoring.Tool\FurnitureAuthoring.Tool.csproj
                   MSBuildProjectName = FurnitureAuthoring.Tool
                   MSBuildRestoreSessionId = 2cec69aa-2140-4c8a-b19a-2470f2e2dbe1
                   MSBuildRuntimeType = Core
                   MSBuildSDKsPath = C:\Program Files\dotnet\sdk\7.0.402\Sdks
                   MSBuildSemanticVersion = 17.7.3+8ec440e68
                   MSBuildStartupDirectory = E:\Unity\LH Editor_Refactoring
                   MSBuildToolsPath = C:\Program Files\dotnet\sdk\7.0.402
                   MSBuildToolsVersion = Current
                   MSBUILDUSESERVER = 0
                   MSBuildUseVisualStudioDirectoryLayout = False
                   MSBuildVersion = 17.7.3
                   MSBuildWarningsAsErrors = ;NU1605
                   MSBuildWarningsAsMessages = 1701;1702
                   MSBuildWarningsNotAsErrors = 
                   MsTestToolsTargets = C:\Program Files\dotnet\sdk\7.0.402\Microsoft\VisualStudio\v17.0\TeamTest\Microsoft.TeamTest.targets
                   NETCoreAppMaximumVersion = 7.0
                   NetCoreRoot = C:\Program Files\dotnet\
                   NETCoreSdkBundledCliToolsProps = C:\Program Files\dotnet\sdk\7.0.402\Sdks\Microsoft.NET.Sdk\targets\..\..\..\Microsoft.NETCoreSdk.BundledCliTools.props
                   NETCoreSdkBundledVersionsProps = C:\Program Files\dotnet\sdk\7.0.402\Sdks\Microsoft.NET.Sdk\targets\..\..\..\Microsoft.NETCoreSdk.BundledVersions.props
                   NETCoreSdkPortableRuntimeIdentifier = win-x64
                   NETCoreSdkRuntimeIdentifier = win-x64
                   NETCoreSdkVersion = 7.0.402
                   NetCoreTargetingPackRoot = C:\Program Files\dotnet\packs
                   NoCompilerStandardLib = true
                   NoStdLib = true
                   NoWarn = 1701;1702
                   NuGetBuildTasksPackTargets = C:\Program Files\dotnet\sdk\7.0.402\Sdks\Microsoft.NET.Sdk\Sdk\..\..\NuGet.Build.Tasks.Pack\build\NuGet.Build.Tasks.Pack.targets
                   NuGetInteractive = 
                   NuGetPackTaskAssemblyFile = ..\CoreCLR\NuGet.Build.Tasks.Pack.dll
                   NuGetPropsFile = C:\Program Files\dotnet\sdk\7.0.402\NuGet.props
                   NuGetRestoreTargets = C:\Program Files\dotnet\sdk\7.0.402\NuGet.targets
                   NuGetTargetMoniker = .NETCoreApp,Version=v7.0
                   Nullable = enable
                   NuspecOutputPath = obj\Debug\
                   Optimize = false
                   OSVersion = 5.1.2600.0
                   OutDir = bin\Debug\net7.0-windows\
                   OutputPath = bin\Debug\net7.0-windows\
                   OutputType = WinExe
                   OverwriteReadOnlyFiles = false
                   PackageDescription = Package Description
                   PackageDownloadSupported = true
                   PackagedShimOutputRootDirectory = bin\Debug\net7.0-windows\
                   PackageId = FurnitureAuthoring.Tool
                   PackageOutputPath = bin\Debug\
                   PackageRequireLicenseAcceptance = false
                   PackageVersion = 1.0.0
                   PackDependsOn = ; _IntermediatePack; GenerateNuspec; 
                   Platform = AnyCPU
                   PlatformName = AnyCPU
                   Platforms = AnyCPU
                   PostBuildEventDependsOn = 
                   PreBuildEventDependsOn = 
                   Prefer32Bit = false
                   PrepareForBuildDependsOn = ;GetFrameworkPaths;GetReferenceAssemblyPaths;AssignLinkMetadata
                   PrepareForRunDependsOn = 
                         CopyFilesToOutputDirectory
                       
                   PrepareProjectReferencesDependsOn = 
                         AssignProjectConfiguration;
                         _SplitProjectReferencesByFileExistence;
                         _GetProjectReferenceTargetFrameworkProperties;
                         _GetProjectReferencePlatformProperties
                       
                   PrepareResourceNamesDependsOn = 
                                       AssignWinFXEmbeddedResource;
                                       
                         AssignTargetPaths;
                         SplitResourcesByCulture;
                         CreateManifestResourceNames;
                         CreateCustomManifestResourceNames
                       
                         
                   PrepareResourcesDependsOn = 
                                   MarkupCompilePass1;
                                   AfterMarkupCompilePass1;
                                   MarkupCompilePass2ForMainAssembly;
                                   FileClassification;
                                   MainResourcesGeneration;
                                   
                         ResolvePackageDependenciesForBuild;
                         _HandlePackageFileConflicts;
                         
                         ;
                         PrepareResourceNames;
                         ResGen;
                         CompileLicxFiles
                       
                       
                         
                   PreserveCompilationReferences = 
                   ProcessorArchitecture = msil
                   ProcessorArchitectureAsPlatform = AnyCPU
                   ProduceReferenceAssembly = true
                   Product = FurnitureAuthoring.Tool
                   ProjectAssetsCacheFile = E:\Unity\LH Editor_Refactoring\tools\FurnitureAuthoringTool\src\FurnitureAuthoring.Tool\obj\Debug\net7.0-windows\FurnitureAuthoring.Tool.assets.cache
                   ProjectAssetsFile = E:\Unity\LH Editor_Refactoring\tools\FurnitureAuthoringTool\src\FurnitureAuthoring.Tool\obj\project.assets.json
                   ProjectDepsFileName = FurnitureAuthoring.Tool.deps.json
                   ProjectDepsFilePath = E:\Unity\LH Editor_Refactoring\tools\FurnitureAuthoringTool\src\FurnitureAuthoring.Tool\bin\Debug\net7.0-windows\FurnitureAuthoring.Tool.deps.json
                   ProjectDesignTimeAssemblyResolutionSearchPaths = 
                         {CandidateAssemblyFiles};
                         ;
                         {HintPathFromItem};
                         {TargetFrameworkDirectory};
                         {Registry:Software\Microsoft\.NETCoreApp,v7.0,AssemblyFoldersEx};
                         {RawFileName};
                         E:\Unity\LH Editor_Refactoring\tools\FurnitureAuthoringTool\src\FurnitureAuthoring.Tool\bin\Debug\net7.0-windows\
                       
                   ProjectDir = E:\Unity\LH Editor_Refactoring\tools\FurnitureAuthoringTool\src\FurnitureAuthoring.Tool\
                   ProjectExt = .csproj
                   ProjectFileName = FurnitureAuthoring.Tool.csproj
                   ProjectFlavor = Client
                   ProjectName = FurnitureAuthoring.Tool
                   ProjectPath = E:\Unity\LH Editor_Refactoring\tools\FurnitureAuthoringTool\src\FurnitureAuthoring.Tool\FurnitureAuthoring.Tool.csproj
                   ProjectRuntimeConfigFileName = FurnitureAuthoring.Tool.runtimeconfig.json
                   ProjectRuntimeConfigFilePath = E:\Unity\LH Editor_Refactoring\tools\FurnitureAuthoringTool\src\FurnitureAuthoring.Tool\bin\Debug\net7.0-windows\FurnitureAuthoring.Tool.runtimeconfig.json
                   PublishableProject = true
                   PublishAotSupported = true
                   PublishBuildDependsOn = 
                               BuildOnlySettings;
                               PrepareForBuild;
                               ResolveReferences;
                               PrepareResources;
                               ResolveKeySource;
                               PrepareResourcesForSatelliteAssemblies;
                               GenerateSerializationAssemblies;
                               CreateSatelliteAssemblies;
                           
                   PublishDependsOn = 
                         SetGenerateManifests;
                         Build;
                         PublishOnly
                       
                   PublishDir = bin\Debug\net7.0-windows\publish\
                   PublishDirName = publish
                   PublishDocumentationFile = true
                   PublishDocumentationFiles = true
                   PublishItemsOutputGroupDependsOn = 
                         ;
                         ResolveReferences;
                         ComputeResolvedFilesToPublishList;
                         _ComputeFilesToBundle;
                       
                   PublishOnlyDependsOn = 
                         SetGenerateManifests;
                         PublishBuild;
                         BeforePublish;
                         GenerateManifests;
                         CopyFilesToOutputDirectory;
                         _CopyFilesToPublishFolder;
                         _DeploymentGenerateBootstrapper;
                         ResolveKeySource;
                         _DeploymentSignClickOnceDeployment;
                         AfterPublish
                       
                   PublishProfileImported = false
                   PublishReadyToRunComposite = false
                   PublishReadyToRunPerfmapFormatVersion = 1
                   PublishReadyToRunUseCrossgen2 = true
                   PublishReadyToRunUseRuntimePackOptimizationData = true
                   PublishReferencesDocumentationFiles = true
                   RebuildDependsOn = 
                         _SdkBeforeRebuild;
                         
                         BeforeRebuild;
                         Clean;
                         Build;
                         AfterRebuild;
                       
                       
                   RefAssembliesFolderName = refs
                   ReferenceCopyLocalPathsOutputGroupDependsOn = 
                         ;
                         
                         ;
                         BuildOnlySettings;
                         PrepareForBuild;
                         AssignTargetPaths;
                         ResolveReferences
                       
                       
                   ReportingServicesTargets = C:\Program Files\dotnet\sdk\7.0.402\\Microsoft\VisualStudio\v17.0\ReportingServices\Microsoft.ReportingServices.targets
                   ResGenDependsOn = ResolveAssemblyReferences;SplitResourcesByCulture;BeforeResGen;CoreResGen;AfterResGen
                   ResGenExecuteAsTool = false
                   ResolveAssemblyReferenceOutputUnresolvedAssemblyConflicts = true
                   ResolveAssemblyReferencesDependsOn = 
                         
                         
                         ResolveProjectReferences;
                         FindInvalidProjectReferences;
                         GetFrameworkPaths;
                         GetReferenceAssemblyPaths;
                         PrepareForBuild;
                         ResolveSDKReferences;
                         ExpandSDKReferences;
                       ;
                         ResolvePackageDependenciesForBuild;
                         _HandlePackageFileConflicts;
                       ;
                         ResolveTargetingPackAssets;
                       
                   ResolveNuGetPackages = false
                   ResolvePackageDependenciesForBuildDependsOn = 
                         ResolveLockFileReferences;
                         ResolveLockFileAnalyzers;
                         ResolveLockFileCopyLocalFiles;
                         ResolveRuntimePackAssets;
                         RunProduceContentAssets;
                         IncludeTransitiveProjectReferences
                       
                   ResolveReferencesDependsOn = 
                         BeforeResolveReferences;
                         AssignProjectConfiguration;
                         ResolveProjectReferences;
                         FindInvalidProjectReferences;
                         ResolveNativeReferences;
                         ResolveAssemblyReferences;
                         GenerateBindingRedirects;
                         GenerateBindingRedirectsUpdateAppConfig;
                         ResolveComReferences;
                         AfterResolveReferences
                       
                   ResolveSDKReferencesDependsOn = 
                         GetInstalledSDKLocations
                       
                   RestoreBuildInParallel = true
                   RestoreContinueOnError = WarnAndContinue
                   RestoreOutputPath = E:\Unity\LH Editor_Refactoring\tools\FurnitureAuthoringTool\src\FurnitureAuthoring.Tool\obj\
                   RestoreProjectStyle = PackageReference
                   RestoreRecursive = true
                   RestoreTaskAssemblyFile = NuGet.Build.Tasks.dll
                   RestoreUseSkipNonexistentTargets = true
                   RootNamespace = FurnitureAuthoring.Tool
                   RoslynTargetsPath = C:\Program Files\dotnet\sdk\7.0.402\Roslyn
                   RunAfterInstall = true
                   RunArguments = 
                   RunCommand = E:\Unity\LH Editor_Refactoring\tools\FurnitureAuthoringTool\src\FurnitureAuthoring.Tool\bin\Debug\net7.0-windows\FurnitureAuthoring.Tool.exe
                   RunDependsOn = 
                   RunPackageValidationDependsOn = CollectApiCompatInputs;_GetReferencePathFromInnerProjects;
                   RuntimeIdentifierGraphPath = C:\Program Files\dotnet\sdk\7.0.402\RuntimeIdentifierGraph.json
                   RunWorkingDirectory = 
                   SatelliteDllsProjectOutputGroupDependenciesDependsOn = 
                         ;
                         
                         ;
                         BuildOnlySettings;
                         PrepareForBuild;
                         AssignTargetPaths;
                         ResolveReferences
                       
                       
                   SatelliteDllsProjectOutputGroupDependsOn = ;PrepareForBuild;PrepareResourceNames
                   SDKRedistOutputGroupDependsOn = ResolveSDKReferences;ExpandSDKReferences
                   SDKReferenceDirectoryRoot = C:\Users\LIMSOWAN\AppData\Local\Microsoft SDKs;C:\Program Files (x86)\Microsoft SDKs
                   SDKReferenceRegistryRoot = Software\Microsoft\Microsoft SDKs
                   SelfContained = false
                   SGenFilesOutputGroupDependenciesDependsOn = 
                         ;
                         
                         ;
                         BuildOnlySettings;
                         PrepareForBuild;
                         AssignTargetPaths;
                         ResolveReferences
                       
                       
                   SGenFilesOutputGroupDependsOn = 
                   SGenShouldGenerateSerializer = true
                   SGenUseKeep = false
                   SGenUseProxyTypes = true
                   ShouldMarkCertainSDKReferencesAsRuntimeOnly = true
                   SignAssembly = false
                   SkipCopyUnchangedFiles = true
                   SkipImportNuGetBuildTargets = true
                   SkipImportNuGetProps = true
                   SolutionDir = *Undefined*
                   SolutionExt = *Undefined*
                   SolutionFileName = *Undefined*
                   SolutionName = *Undefined*
                   SolutionPath = *Undefined*
                   SourceControlInformationFeatureSupported = true
                   SourceFilesProjectOutputGroupDependsOn = PrepareForBuild;AssignTargetPaths
                   SourceRootMappedPathsFeatureSupported = true
                   SupportedOSPlatformVersion = 7.0
                   SupportsRoslynComponentVersioning = true
                   SuppressDependenciesWhenPacking = false
                   SymbolPackageFormat = symbols.nupkg
                   TargetCulture = *
                   TargetDeployManifestFileName = FurnitureAuthoring.Tool.application
                   TargetDir = E:\Unity\LH Editor_Refactoring\tools\FurnitureAuthoringTool\src\FurnitureAuthoring.Tool\bin\Debug\net7.0-windows\
                   TargetedFrameworkDir = @(_TargetedFrameworkDirectoryItem)
                   TargetedSDKArchitecture = msil
                   TargetedSDKConfiguration = Debug
                   TargetExt = .dll
                   TargetFileName = FurnitureAuthoring.Tool.dll
                   TargetFramework = net7.0-windows
                   TargetFrameworkDirectory = 
                   TargetFrameworkIdentifier = .NETCoreApp
                   TargetFrameworkMoniker = .NETCoreApp,Version=v7.0
                   TargetFrameworkMonikerAssemblyAttributesPath = obj\Debug\net7.0-windows\.NETCoreApp,Version=v7.0.AssemblyAttributes.cs
                   TargetFrameworkMonikerDisplayName = .NET 7.0
                   TargetFrameworkSDKToolsDirectory = 
                   TargetFrameworkVersion = v7.0
                   TargetLatestRuntimePatch = false
                   TargetName = FurnitureAuthoring.Tool
                   TargetPath = E:\Unity\LH Editor_Refactoring\tools\FurnitureAuthoringTool\src\FurnitureAuthoring.Tool\bin\Debug\net7.0-windows\FurnitureAuthoring.Tool.dll
                   TargetPlatformDisplayName = Windows 7.0
                   TargetPlatformIdentifier = Windows
                   TargetPlatformMinVersion = 7.0
                   TargetPlatformMoniker = Windows,Version=7.0
                   TargetPlatformRegistryBase = Software\Microsoft\Microsoft SDKs\Windows
                   TargetPlatformSdkPath = 
                   TargetPlatformVersion = 7.0
                   TargetRefPath = E:\Unity\LH Editor_Refactoring\tools\FurnitureAuthoringTool\src\FurnitureAuthoring.Tool\obj\Debug\net7.0-windows\ref\FurnitureAuthoring.Tool.dll
                   TargetRuntime = Managed
                   TargetsForTfmSpecificContentInPackage = ;PackTool;_PackProjectToolValidation
                   TargetsNet7 = true
                   ToolCommandName = FurnitureAuthoring.Tool
                   ToolDepsJsonGeneratorProject = C:\Program Files\dotnet\sdk\7.0.402\Sdks\Microsoft.NET.Sdk\targets\GenerateDeps\GenerateDeps.proj
                   ToolEntryPoint = FurnitureAuthoring.Tool.dll
                   TreatWarningsAsErrors = false
                   UnmanagedRegistrationDependsOn = 
                   UnmanagedUnregistrationDependsOn = 
                   UnsupportedTargetFrameworkVersion = 8.0
                   UseAppHost = true
                   UseCommonOutputDirectory = false
                   UseDefaultPlatformLookupTables = true
                   UseHostCompilerIfAvailable = true
                   UseOSWinMdReferences = false
                   UserProfileRuntimeStorePath = C:\Users\LIMSOWAN\.dotnet\store
                   UserRuntimeConfig = E:\Unity\LH Editor_Refactoring\tools\FurnitureAuthoringTool\src\FurnitureAuthoring.Tool/runtimeconfig.template.json
                   UseSourcePath = true
                   UseWPF = true
                   UsingILLinkTasksSdk = true
                   UsingMicrosoftNETSdk = true
                   UsingNETSdkDefaults = true
                   Utf8Output = true
                   ValidateRuntimeIdentifierCompatibility = false
                   VerifyMatchingImplicitPackageVersion = true
                   Version = 1.0.0
                   VersionlessImplicitFrameworkDefine = NET
                   VersionPrefix = 1.0.0
                   VisualStudioVersion = 17.0
                   VSTestConsolePath = C:\Program Files\dotnet\sdk\7.0.402\vstest.console.dll
                   VSTestTargets = C:\Program Files\dotnet\sdk\7.0.402\\Microsoft.TestPlatform.targets
                   VSTestTaskAssemblyFile = Microsoft.TestPlatform.Build.dll
                   WarningLevel = 7
                   WarningsAsErrors = ;NU1605;SYSLIB0011
                   WarnOnPackingNonPackableProject = false
                   WebReference_EnableLegacyEventingModel = false
                   WebReference_EnableProperties = true
                   WebReference_EnableSQLTypes = true
                   WMSJSProject = WJProject
                   WMSJSProjectDirectory = JavaScript
                   XamlDebuggingInformation = true
                   YieldDuringToolExecution = true

16:19:02.872     0>초기 항목:
                   _AllDirectoriesAbove
                       E:\
                       E:\Unity
                       E:\Unity\LH Editor_Refactoring
                       E:\Unity\LH Editor_Refactoring\tools
                       E:\Unity\LH Editor_Refactoring\tools\FurnitureAuthoringTool
                       E:\Unity\LH Editor_Refactoring\tools\FurnitureAuthoringTool\src
                       E:\Unity\LH Editor_Refactoring\tools\FurnitureAuthoringTool\src\FurnitureAuthoring.Tool
                       E:\Unity\LH Editor_Refactoring\tools\FurnitureAuthoringTool\src\FurnitureAuthoring.Tool\Models
                       E:\Unity\LH Editor_Refactoring\tools\FurnitureAuthoringTool\src\FurnitureAuthoring.Tool\Services
                       E:\Unity\LH Editor_Refactoring\tools\FurnitureAuthoringTool\src\FurnitureAuthoring.Tool\ViewModels
                   _ApplicationManifestFinal
                       bin\Debug\net7.0-windows\FurnitureAuthoring.Tool.dll.manifest
                           TargetPath = FurnitureAuthoring.Tool.dll.manifest
                   _CurrentRestoreProjectPathItems
                       E:\Unity\LH Editor_Refactoring\tools\FurnitureAuthoringTool\src\FurnitureAuthoring.Application\FurnitureAuthoring.Application.csproj
                       E:\Unity\LH Editor_Refactoring\tools\FurnitureAuthoringTool\src\FurnitureAuthoring.Contracts\FurnitureAuthoring.Contracts.csproj
                       E:\Unity\LH Editor_Refactoring\tools\FurnitureAuthoringTool\src\FurnitureAuthoring.Infrastructure\FurnitureAuthoring.Infrastructure.csproj
                   _DebugSymbolsIntermediatePath
                       obj\Debug\net7.0-windows\FurnitureAuthoring.Tool.pdb
                   _DebugSymbolsOutputPath
                       bin\Debug\net7.0-windows\FurnitureAuthoring.Tool.pdb
                   _DeploymentManifestEntryPoint
                       obj\Debug\net7.0-windows\FurnitureAuthoring.Tool.dll
                           TargetPath = FurnitureAuthoring.Tool.dll
                   _EolNetCoreTargetFrameworkVersions
                       1.0
                       1.1
                       2.0
                       2.1
                       2.2
                       3.0
                       5.0
                   _OutputPathItem
                       bin\Debug\net7.0-windows\
                   _ResolveComReferenceCache
                       obj\Debug\net7.0-windows\FurnitureAuthoring.Tool.csproj.ResolveComReference.cache
                   _RestoreProjectPathItems
                       E:\Unity\LH Editor_Refactoring\tools\FurnitureAuthoringTool\src\FurnitureAuthoring.Application\FurnitureAuthoring.Application.csproj
                       E:\Unity\LH Editor_Refactoring\tools\FurnitureAuthoringTool\src\FurnitureAuthoring.Contracts\FurnitureAuthoring.Contracts.csproj
                       E:\Unity\LH Editor_Refactoring\tools\FurnitureAuthoringTool\src\FurnitureAuthoring.Infrastructure\FurnitureAuthoring.Infrastructure.csproj
                   _UnmanagedRegistrationCache
                       obj\FurnitureAuthoring.Tool.csproj.UnmanagedRegistration.cache
                   _UnsupportedNETCoreAppTargetFramework
                       .NETCoreApp,Version=v1.0
                       .NETCoreApp,Version=v1.1
                       .NETCoreApp,Version=v2.0
                       .NETCoreApp,Version=v2.1
                       .NETCoreApp,Version=v2.2
                   _UnsupportedNETFrameworkTargetFramework
                       .NETFramework,Version=v2.0
                   _UnsupportedNETStandardTargetFramework
                       .NETStandard,Version=v1.0
                           DisplayName = .NET Standard 1.0
                           Alias = netstandard1.0
                       .NETStandard,Version=v1.1
                           DisplayName = .NET Standard 1.1
                           Alias = netstandard1.1
                       .NETStandard,Version=v1.2
                           DisplayName = .NET Standard 1.2
                           Alias = netstandard1.2
                       .NETStandard,Version=v1.3
                           DisplayName = .NET Standard 1.3
                           Alias = netstandard1.3
                       .NETStandard,Version=v1.4
                           DisplayName = .NET Standard 1.4
                           Alias = netstandard1.4
                       .NETStandard,Version=v1.5
                           DisplayName = .NET Standard 1.5
                           Alias = netstandard1.5
                       .NETStandard,Version=v1.6
                           DisplayName = .NET Standard 1.6
                           Alias = netstandard1.6
                       .NETStandard,Version=v2.0
                           DisplayName = .NET Standard 2.0
                           Alias = netstandard2.0
                       .NETStandard,Version=v2.1
                           DisplayName = .NET Standard 2.1
                           Alias = netstandard2.1
                   _ValidProjectsForRestore
                       E:\Unity\LH Editor_Refactoring\tools\FurnitureAuthoringTool\src\FurnitureAuthoring.Tool\FurnitureAuthoring.Tool.csproj
                   AdditionalProbingPath
                       C:\Users\LIMSOWAN\.dotnet\store\|arch|\|tfm|
                   AdditionalTargetFrameworkInfoProperty
                       _IsExecutable
                       _SelfContainedWasSpecified
                       IsRidAgnostic
                       SelfContained
                       ShouldBeValidatedAsExecutableReference
                   Analyzer
                       C:\Program Files\dotnet\sdk\7.0.402\Sdks\Microsoft.NET.Sdk\targets\..\analyzers\Microsoft.CodeAnalysis.CSharp.NetAnalyzers.dll
                           IsImplicitlyDefined = true
                       C:\Program Files\dotnet\sdk\7.0.402\Sdks\Microsoft.NET.Sdk\targets\..\analyzers\Microsoft.CodeAnalysis.NetAnalyzers.dll
                           IsImplicitlyDefined = true
                   AppConfigFileDestination
                       bin\Debug\net7.0-windows\FurnitureAuthoring.Tool.dll.config
                   ApplicationDefinition
                       App.xaml
                           Generator = MSBuild:Compile
                           XamlRuntime = Wpf
                           SubType = Designer
                   ApplicationManifest
                       obj\Debug\net7.0-windows\FurnitureAuthoring.Tool.dll.manifest
                           TargetPath = FurnitureAuthoring.Tool.dll.manifest
                   BuiltProjectOutputGroupKeyOutput
                       E:\Unity\LH Editor_Refactoring\tools\FurnitureAuthoringTool\src\FurnitureAuthoring.Tool\obj\Debug\net7.0-windows\FurnitureAuthoring.Tool.dll
                           IsKeyOutput = true
                           FinalOutputPath = E:\Unity\LH Editor_Refactoring\tools\FurnitureAuthoringTool\src\FurnitureAuthoring.Tool\bin\Debug\net7.0-windows\FurnitureAuthoring.Tool.dll
                           TargetPath = FurnitureAuthoring.Tool.dll
                   ClsidMap
                       obj\Debug\net7.0-windows\FurnitureAuthoring.Tool.clsidmap
                   Compile
                       App.xaml.cs
                       AssemblyInfo.cs
                       MainWindow.xaml.cs
                       Models\ToolSettings.cs
                       Models\UnityBatchBuildResult.cs
                       Services\ToolSettingsStore.cs
                       Services\UnityBatchModeRunner.cs
                       ViewModels\WindowViewModel.cs
                   CompilerVisibleProperty
                       _SupportedPlatformList
                       EnforceExtendedAnalyzerRules
                       InvariantGlobalization
                       PlatformNeutralAssembly
                       ProjectDir
                       ProjectTypeGuids
                       RootNamespace
                       TargetFramework
                       TargetPlatformMinVersion
                       UsingMicrosoftNETSdkWeb
                   Content
                       ..\..\samples\furniture-manifest.sample.json
                           CopyToOutputDirectory = PreserveNewest
                           Link = samples\furniture-manifest.sample.json
                   CopyUpToDateMarker
                       E:\Unity\LH Editor_Refactoring\tools\FurnitureAuthoringTool\src\FurnitureAuthoring.Tool\obj\Debug\net7.0-windows\FurnitureAuthoring.Tool.csproj.CopyComplete
                   CreateDirectory
                       E:\Unity\LH Editor_Refactoring\tools\FurnitureAuthoringTool\src\FurnitureAuthoring.Tool\obj\Debug\net7.0-windows\refint\
                       obj\Debug\net7.0-windows\ref
                   DebugSymbolsProjectOutputGroupOutput
                       E:\Unity\LH Editor_Refactoring\tools\FurnitureAuthoringTool\src\FurnitureAuthoring.Tool\obj\Debug\net7.0-windows\FurnitureAuthoring.Tool.pdb
                           FinalOutputPath = E:\Unity\LH Editor_Refactoring\tools\FurnitureAuthoringTool\src\FurnitureAuthoring.Tool\bin\Debug\net7.0-windows\FurnitureAuthoring.Tool.pdb
                           TargetPath = FurnitureAuthoring.Tool.pdb
                   DeployManifest
                       obj\Debug\net7.0-windows\FurnitureAuthoring.Tool.application
                           TargetPath = FurnitureAuthoring.Tool.application
                   FrameworkReference
                       Microsoft.NETCore.App
                           IsImplicitlyDefined = true
                           PrivateAssets = All
                           Pack = false
                       Microsoft.WindowsDesktop.App.WPF
                           IsImplicitlyDefined = true
                   GenerateRuntimeConfigurationFilesInputs
                       E:\Unity\LH Editor_Refactoring\tools\FurnitureAuthoringTool\src\FurnitureAuthoring.Tool\obj\Debug\net7.0-windows\FurnitureAuthoring.Tool.assets.cache
                       E:\Unity\LH Editor_Refactoring\tools\FurnitureAuthoringTool\src\FurnitureAuthoring.Tool\obj\project.assets.json
                   GlobalAnalyzerConfigFiles
                       E:\.globalconfig
                       E:\Unity\.globalconfig
                       E:\Unity\LH Editor_Refactoring\.globalconfig
                       E:\Unity\LH Editor_Refactoring\tools\.globalconfig
                       E:\Unity\LH Editor_Refactoring\tools\FurnitureAuthoringTool\.globalconfig
                       E:\Unity\LH Editor_Refactoring\tools\FurnitureAuthoringTool\src\.globalconfig
                       E:\Unity\LH Editor_Refactoring\tools\FurnitureAuthoringTool\src\FurnitureAuthoring.Tool\.globalconfig
                       E:\Unity\LH Editor_Refactoring\tools\FurnitureAuthoringTool\src\FurnitureAuthoring.Tool\Models\.globalconfig
                       E:\Unity\LH Editor_Refactoring\tools\FurnitureAuthoringTool\src\FurnitureAuthoring.Tool\Services\.globalconfig
                       E:\Unity\LH Editor_Refactoring\tools\FurnitureAuthoringTool\src\FurnitureAuthoring.Tool\ViewModels\.globalconfig
                   ImplicitPackageReferenceVersion
                       Microsoft.AspNetCore.All
                           LatestVersion = 2.1.30
                           DefaultVersion = 2.1.1
                           TargetFrameworkVersion = 2.1
                       Microsoft.AspNetCore.All
                           LatestVersion = 2.2.8
                           DefaultVersion = 2.2.0
                           TargetFrameworkVersion = 2.2
                       Microsoft.AspNetCore.App
                           LatestVersion = 2.1.30
                           DefaultVersion = 2.1.1
                           TargetFrameworkVersion = 2.1
                       Microsoft.AspNetCore.App
                           LatestVersion = 2.2.8
                           DefaultVersion = 2.2.0
                           TargetFrameworkVersion = 2.2
                       Microsoft.NETCore.App
                           LatestVersion = 1.0.16
                           DefaultVersion = 1.0.5
                           TargetFrameworkVersion = 1.0
                       Microsoft.NETCore.App
                           LatestVersion = 1.1.13
                           DefaultVersion = 1.1.2
                           TargetFrameworkVersion = 1.1
                       Microsoft.NETCore.App
                           LatestVersion = 2.0.9
                           DefaultVersion = 2.0.0
                           TargetFrameworkVersion = 2.0
                       Microsoft.NETCore.App
                           LatestVersion = 2.1.30
                           DefaultVersion = 2.1.0
                           TargetFrameworkVersion = 2.1
                       Microsoft.NETCore.App
                           LatestVersion = 2.2.8
                           DefaultVersion = 2.2.0
                           TargetFrameworkVersion = 2.2
                   IntermediateAssembly
                       obj\Debug\net7.0-windows\FurnitureAuthoring.Tool.dll
                   IntermediateRefAssembly
                       obj\Debug\net7.0-windows\refint\FurnitureAuthoring.Tool.dll
                   KnownAppHostPack
                       Microsoft.NETCore.App
                           ExcludedRuntimeIdentifiers = android
                           AppHostRuntimeIdentifiers = linux-arm;linux-arm64;linux-musl-arm64;linux-musl-x64;linux-x64;osx-x64;rhel.6-x64;tizen.4.0.0-armel;tizen.5.0.0-armel;win-arm;win-arm64;win-x64;win-x86;linux-musl-arm;osx-arm64;linux-s390x;linux-bionic-arm;linux-bionic-arm64;linux-bionic-x64;linux-bionic-x86;linux-ppc64le
                           TargetFramework = net7.0
                           AppHostPackNamePattern = Microsoft.NETCore.App.Host.**RID**
                           AppHostPackVersion = 7.0.12
                       Microsoft.NETCore.App
                           ExcludedRuntimeIdentifiers = android
                           AppHostRuntimeIdentifiers = linux-arm;linux-arm64;linux-musl-arm64;linux-musl-x64;linux-x64;osx-x64;rhel.6-x64;tizen.4.0.0-armel;tizen.5.0.0-armel;win-arm;win-arm64;win-x64;win-x86;linux-musl-arm;osx-arm64;linux-s390x
                           TargetFramework = net6.0
                           AppHostPackNamePattern = Microsoft.NETCore.App.Host.**RID**
                           AppHostPackVersion = 6.0.23
                       Microsoft.NETCore.App
                           AppHostRuntimeIdentifiers = linux-arm;linux-arm64;linux-musl-arm64;linux-musl-x64;linux-x64;osx-x64;rhel.6-x64;tizen.4.0.0-armel;tizen.5.0.0-armel;win-arm;win-arm64;win-x64;win-x86;linux-musl-arm
                           TargetFramework = net5.0
                           AppHostPackNamePattern = Microsoft.NETCore.App.Host.**RID**
                           AppHostPackVersion = 5.0.17
                       Microsoft.NETCore.App
                           AppHostRuntimeIdentifiers = linux-arm;linux-arm64;linux-musl-arm64;linux-musl-x64;linux-x64;osx-x64;rhel.6-x64;tizen.4.0.0-armel;tizen.5.0.0-armel;win-arm;win-arm64;win-x64;win-x86
                           TargetFramework = netcoreapp3.1
                           AppHostPackNamePattern = Microsoft.NETCore.App.Host.**RID**
                           AppHostPackVersion = 3.1.32
                       Microsoft.NETCore.App
                           AppHostRuntimeIdentifiers = linux-arm;linux-arm64;linux-musl-arm64;linux-musl-x64;linux-x64;osx-x64;rhel.6-x64;tizen.4.0.0-armel;tizen.5.0.0-armel;win-arm;win-arm64;win-x64;win-x86
                           TargetFramework = netcoreapp3.0
                           AppHostPackNamePattern = Microsoft.NETCore.App.Host.**RID**
                           AppHostPackVersion = 3.0.3
                   KnownCrossgen2Pack
                       Microsoft.NETCore.App.Crossgen2
                           Crossgen2RuntimeIdentifiers = linux-musl-x64;linux-x64;win-x64;linux-arm;linux-arm64;linux-musl-arm;linux-musl-arm64;osx-arm64;osx-x64;win-arm;win-arm64;win-x86
                           TargetFramework = net7.0
                           Crossgen2PackNamePattern = Microsoft.NETCore.App.Crossgen2.**RID**
                           Crossgen2PackVersion = 7.0.12
                       Microsoft.NETCore.App.Crossgen2
                           Crossgen2RuntimeIdentifiers = linux-musl-x64;linux-x64;win-x64;linux-arm;linux-arm64;linux-musl-arm;linux-musl-arm64;osx-arm64;osx-x64;win-arm;win-arm64;win-x86
                           TargetFramework = net6.0
                           Crossgen2PackNamePattern = Microsoft.NETCore.App.Crossgen2.**RID**
                           Crossgen2PackVersion = 6.0.23
                       Microsoft.NETCore.App.Crossgen2
                           Crossgen2RuntimeIdentifiers = linux-musl-x64;linux-x64;win-x64
                           TargetFramework = net5.0
                           Crossgen2PackNamePattern = Microsoft.NETCore.App.Crossgen2.**RID**
                           Crossgen2PackVersion = 5.0.17
                   KnownFrameworkReference
                       Microsoft.AspNetCore.App
                           TargetFramework = net5.0
                           DefaultRuntimeFrameworkVersion = 5.0.0
                           TargetingPackName = Microsoft.AspNetCore.App.Ref
                           LatestRuntimeFrameworkVersion = 5.0.17
                           RuntimePackRuntimeIdentifiers = win-x64;win-x86;win-arm;osx-x64;linux-musl-x64;linux-musl-arm64;linux-x64;linux-arm;linux-arm64;linux-musl-arm;win-arm64
                           RuntimePackNamePatterns = Microsoft.AspNetCore.App.Runtime.**RID**
                           TargetingPackVersion = 5.0.0
                           RuntimeFrameworkName = Microsoft.AspNetCore.App
                       Microsoft.AspNetCore.App
                           TargetFramework = netcoreapp3.0
                           DefaultRuntimeFrameworkVersion = 3.0.0
                           TargetingPackName = Microsoft.AspNetCore.App.Ref
                           LatestRuntimeFrameworkVersion = 3.0.3
                           RuntimePackRuntimeIdentifiers = win-x64;win-x86;win-arm;osx-x64;linux-musl-x64;linux-musl-arm64;linux-x64;linux-arm;linux-arm64
                           RuntimePackNamePatterns = Microsoft.AspNetCore.App.Runtime.**RID**
                           TargetingPackVersion = 3.0.1
                           RuntimeFrameworkName = Microsoft.AspNetCore.App
                       Microsoft.AspNetCore.App
                           TargetFramework = netcoreapp3.1
                           DefaultRuntimeFrameworkVersion = 3.1.0
                           TargetingPackName = Microsoft.AspNetCore.App.Ref
                           LatestRuntimeFrameworkVersion = 3.1.32
                           RuntimePackRuntimeIdentifiers = win-x64;win-x86;win-arm;osx-x64;linux-musl-x64;linux-musl-arm64;linux-x64;linux-arm;linux-arm64
                           RuntimePackNamePatterns = Microsoft.AspNetCore.App.Runtime.**RID**
                           TargetingPackVersion = 3.1.10
                           RuntimeFrameworkName = Microsoft.AspNetCore.App
                       Microsoft.AspNetCore.App
                           TargetFramework = net7.0
                           DefaultRuntimeFrameworkVersion = 7.0.0
                           TargetingPackName = Microsoft.AspNetCore.App.Ref
                           LatestRuntimeFrameworkVersion = 7.0.12
                           RuntimePackExcludedRuntimeIdentifiers = android
                           RuntimePackRuntimeIdentifiers = win-x64;win-x86;win-arm;osx-x64;linux-musl-x64;linux-musl-arm64;linux-x64;linux-arm;linux-arm64;linux-musl-arm;win-arm64;osx-arm64;linux-s390x;linux-ppc64le
                           RuntimePackNamePatterns = Microsoft.AspNetCore.App.Runtime.**RID**
                           TargetingPackVersion = 7.0.12
                           RuntimeFrameworkName = Microsoft.AspNetCore.App
                       Microsoft.AspNetCore.App
                           TargetFramework = net6.0
                           DefaultRuntimeFrameworkVersion = 6.0.0
                           TargetingPackName = Microsoft.AspNetCore.App.Ref
                           LatestRuntimeFrameworkVersion = 6.0.23
                           RuntimePackRuntimeIdentifiers = win-x64;win-x86;win-arm;osx-x64;linux-musl-x64;linux-musl-arm64;linux-x64;linux-arm;linux-arm64;linux-musl-arm;win-arm64;osx-arm64;linux-s390x
                           RuntimePackNamePatterns = Microsoft.AspNetCore.App.Runtime.**RID**
                           TargetingPackVersion = 6.0.23
                           RuntimeFrameworkName = Microsoft.AspNetCore.App
                       Microsoft.NETCore.App
                           TargetFramework = net5.0
                           DefaultRuntimeFrameworkVersion = 5.0.0
                           TargetingPackName = Microsoft.NETCore.App.Ref
                           LatestRuntimeFrameworkVersion = 5.0.17
                           RuntimePackRuntimeIdentifiers = linux-arm;linux-arm64;linux-musl-arm64;linux-musl-x64;linux-x64;osx-x64;rhel.6-x64;tizen.4.0.0-armel;tizen.5.0.0-armel;win-arm;win-arm64;win-x64;win-x86;linux-musl-arm;browser-wasm
                           RuntimePackNamePatterns = Microsoft.NETCore.App.Runtime.**RID**
                           TargetingPackVersion = 5.0.0
                           IsTrimmable = true
                           RuntimeFrameworkName = Microsoft.NETCore.App
                       Microsoft.NETCore.App
                           TargetFramework = net6.0
                           DefaultRuntimeFrameworkVersion = 6.0.0
                           TargetingPackName = Microsoft.NETCore.App.Ref
                           LatestRuntimeFrameworkVersion = 6.0.23
                           RuntimePackRuntimeIdentifiers = linux-arm;linux-arm64;linux-musl-arm64;linux-musl-x64;linux-x64;osx-x64;rhel.6-x64;tizen.4.0.0-armel;tizen.5.0.0-armel;win-arm;win-arm64;win-x64;win-x86;linux-musl-arm;osx-arm64;maccatalyst-x64;maccatalyst-arm64;linux-s390x;linux-bionic-arm;linux-bionic-arm64;linux-bionic-x64;linux-bionic-x86;linux-ppc64le
                           RuntimePackNamePatterns = Microsoft.NETCore.App.Runtime.**RID**
                           TargetingPackVersion = 6.0.23
                           RuntimeFrameworkName = Microsoft.NETCore.App
                       Microsoft.NETCore.App
                           TargetFramework = netcoreapp3.1
                           DefaultRuntimeFrameworkVersion = 3.1.0
                           TargetingPackName = Microsoft.NETCore.App.Ref
                           LatestRuntimeFrameworkVersion = 3.1.32
                           RuntimePackRuntimeIdentifiers = linux-arm;linux-arm64;linux-musl-arm64;linux-musl-x64;linux-x64;osx-x64;rhel.6-x64;tizen.4.0.0-armel;tizen.5.0.0-armel;win-arm;win-arm64;win-x64;win-x86
                           RuntimePackNamePatterns = Microsoft.NETCore.App.Runtime.**RID**
                           TargetingPackVersion = 3.1.0
                           IsTrimmable = true
                           RuntimeFrameworkName = Microsoft.NETCore.App
                       Microsoft.NETCore.App
                           TargetFramework = netcoreapp3.0
                           DefaultRuntimeFrameworkVersion = 3.0.0
                           TargetingPackName = Microsoft.NETCore.App.Ref
                           LatestRuntimeFrameworkVersion = 3.0.3
                           RuntimePackRuntimeIdentifiers = linux-arm;linux-arm64;linux-musl-arm64;linux-musl-x64;linux-x64;osx-x64;rhel.6-x64;tizen.4.0.0-armel;tizen.5.0.0-armel;win-arm;win-arm64;win-x64;win-x86
                           RuntimePackNamePatterns = Microsoft.NETCore.App.Runtime.**RID**
                           TargetingPackVersion = 3.0.0
                           IsTrimmable = true
                           RuntimeFrameworkName = Microsoft.NETCore.App
                       Microsoft.NETCore.App
                           TargetFramework = net7.0
                           DefaultRuntimeFrameworkVersion = 7.0.0
                           TargetingPackName = Microsoft.NETCore.App.Ref
                           LatestRuntimeFrameworkVersion = 7.0.12
                           RuntimePackRuntimeIdentifiers = linux-arm;linux-arm64;linux-musl-arm64;linux-musl-x64;linux-x64;osx-x64;rhel.6-x64;tizen.4.0.0-armel;tizen.5.0.0-armel;win-arm;win-arm64;win-x64;win-x86;linux-musl-arm;osx-arm64;maccatalyst-x64;maccatalyst-arm64;linux-s390x;linux-bionic-arm;linux-bionic-arm64;linux-bionic-x64;linux-bionic-x86;linux-ppc64le
                           RuntimePackNamePatterns = Microsoft.NETCore.App.Runtime.**RID**
                           TargetingPackVersion = 7.0.12
                           RuntimeFrameworkName = Microsoft.NETCore.App
                       Microsoft.Windows.SDK.NET.Ref
                           RuntimePackAlwaysCopyLocal = true
                           TargetFramework = net7.0-windows10.0.18362.0
                           DefaultRuntimeFrameworkVersion = 10.0.18362.29
                           TargetingPackName = Microsoft.Windows.SDK.NET.Ref
                           IsWindowsOnly = true
                           LatestRuntimeFrameworkVersion = 10.0.18362.29
                           RuntimePackRuntimeIdentifiers = any
                           RuntimePackNamePatterns = Microsoft.Windows.SDK.NET.Ref
                           TargetingPackVersion = 10.0.18362.29
                           RuntimeFrameworkName = Microsoft.Windows.SDK.NET.Ref
                       Microsoft.Windows.SDK.NET.Ref
                           RuntimePackAlwaysCopyLocal = true
                           TargetFramework = net5.0-windows10.0.17763.0
                           DefaultRuntimeFrameworkVersion = 10.0.17763.29
                           TargetingPackName = Microsoft.Windows.SDK.NET.Ref
                           IsWindowsOnly = true
                           LatestRuntimeFrameworkVersion = 10.0.17763.29
                           RuntimePackRuntimeIdentifiers = any
                           RuntimePackNamePatterns = Microsoft.Windows.SDK.NET.Ref
                           TargetingPackVersion = 10.0.17763.29
                           RuntimeFrameworkName = Microsoft.Windows.SDK.NET.Ref
                       Microsoft.Windows.SDK.NET.Ref
                           RuntimePackAlwaysCopyLocal = true
                           TargetFramework = net5.0-windows10.0.19041.0
                           DefaultRuntimeFrameworkVersion = 10.0.19041.29
                           TargetingPackName = Microsoft.Windows.SDK.NET.Ref
                           IsWindowsOnly = true
                           LatestRuntimeFrameworkVersion = 10.0.19041.29
                           RuntimePackRuntimeIdentifiers = any
                           RuntimePackNamePatterns = Microsoft.Windows.SDK.NET.Ref
                           TargetingPackVersion = 10.0.19041.29
                           RuntimeFrameworkName = Microsoft.Windows.SDK.NET.Ref
                       Microsoft.Windows.SDK.NET.Ref
                           RuntimePackAlwaysCopyLocal = true
                           TargetFramework = net7.0-windows10.0.17763.0
                           DefaultRuntimeFrameworkVersion = 10.0.17763.29
                           TargetingPackName = Microsoft.Windows.SDK.NET.Ref
                           IsWindowsOnly = true
                           LatestRuntimeFrameworkVersion = 10.0.17763.29
                           RuntimePackRuntimeIdentifiers = any
                           RuntimePackNamePatterns = Microsoft.Windows.SDK.NET.Ref
                           TargetingPackVersion = 10.0.17763.29
                           RuntimeFrameworkName = Microsoft.Windows.SDK.NET.Ref
                       Microsoft.Windows.SDK.NET.Ref
                           RuntimePackAlwaysCopyLocal = true
                           TargetFramework = net6.0-windows10.0.17763.0
                           DefaultRuntimeFrameworkVersion = 10.0.17763.29
                           TargetingPackName = Microsoft.Windows.SDK.NET.Ref
                           IsWindowsOnly = true
                           LatestRuntimeFrameworkVersion = 10.0.17763.29
                           RuntimePackRuntimeIdentifiers = any
                           RuntimePackNamePatterns = Microsoft.Windows.SDK.NET.Ref
                           TargetingPackVersion = 10.0.17763.29
                           RuntimeFrameworkName = Microsoft.Windows.SDK.NET.Ref
                       Microsoft.Windows.SDK.NET.Ref
                           RuntimePackAlwaysCopyLocal = true
                           TargetFramework = net6.0-windows10.0.18362.0
                           DefaultRuntimeFrameworkVersion = 10.0.18362.29
                           TargetingPackName = Microsoft.Windows.SDK.NET.Ref
                           IsWindowsOnly = true
                           LatestRuntimeFrameworkVersion = 10.0.18362.29
                           RuntimePackRuntimeIdentifiers = any
                           RuntimePackNamePatterns = Microsoft.Windows.SDK.NET.Ref
                           TargetingPackVersion = 10.0.18362.29
                           RuntimeFrameworkName = Microsoft.Windows.SDK.NET.Ref
                       Microsoft.Windows.SDK.NET.Ref
                           RuntimePackAlwaysCopyLocal = true
                           TargetFramework = net6.0-windows10.0.19041.0
                           DefaultRuntimeFrameworkVersion = 10.0.19041.29
                           TargetingPackName = Microsoft.Windows.SDK.NET.Ref
                           IsWindowsOnly = true
                           LatestRuntimeFrameworkVersion = 10.0.19041.29
                           RuntimePackRuntimeIdentifiers = any
                           RuntimePackNamePatterns = Microsoft.Windows.SDK.NET.Ref
                           TargetingPackVersion = 10.0.19041.29
                           RuntimeFrameworkName = Microsoft.Windows.SDK.NET.Ref
                       Microsoft.Windows.SDK.NET.Ref
                           RuntimePackAlwaysCopyLocal = true
                           TargetFramework = net5.0-windows10.0.18362.0
                           DefaultRuntimeFrameworkVersion = 10.0.18362.29
                           TargetingPackName = Microsoft.Windows.SDK.NET.Ref
                           IsWindowsOnly = true
                           LatestRuntimeFrameworkVersion = 10.0.18362.29
                           RuntimePackRuntimeIdentifiers = any
                           RuntimePackNamePatterns = Microsoft.Windows.SDK.NET.Ref
                           TargetingPackVersion = 10.0.18362.29
                           RuntimeFrameworkName = Microsoft.Windows.SDK.NET.Ref
                       Microsoft.Windows.SDK.NET.Ref
                           RuntimePackAlwaysCopyLocal = true
                           TargetFramework = net7.0-windows10.0.19041.0
                           DefaultRuntimeFrameworkVersion = 10.0.19041.29
                           TargetingPackName = Microsoft.Windows.SDK.NET.Ref
                           IsWindowsOnly = true
                           LatestRuntimeFrameworkVersion = 10.0.19041.29
                           RuntimePackRuntimeIdentifiers = any
                           RuntimePackNamePatterns = Microsoft.Windows.SDK.NET.Ref
                           TargetingPackVersion = 10.0.19041.29
                           RuntimeFrameworkName = Microsoft.Windows.SDK.NET.Ref
                       Microsoft.WindowsDesktop.App
                           TargetFramework = netcoreapp3.1
                           DefaultRuntimeFrameworkVersion = 3.1.0
                           TargetingPackName = Microsoft.WindowsDesktop.App.Ref
                           IsWindowsOnly = true
                           LatestRuntimeFrameworkVersion = 3.1.32
                           RuntimePackRuntimeIdentifiers = win-x64;win-x86
                           RuntimePackNamePatterns = Microsoft.WindowsDesktop.App.Runtime.**RID**
                           TargetingPackVersion = 3.1.0
                           RuntimeFrameworkName = Microsoft.WindowsDesktop.App
                       Microsoft.WindowsDesktop.App
                           TargetFramework = netcoreapp3.0
                           DefaultRuntimeFrameworkVersion = 3.0.0
                           TargetingPackName = Microsoft.WindowsDesktop.App.Ref
                           IsWindowsOnly = true
                           LatestRuntimeFrameworkVersion = 3.0.3
                           RuntimePackRuntimeIdentifiers = win-x64;win-x86
                           RuntimePackNamePatterns = Microsoft.WindowsDesktop.App.Runtime.**RID**
                           TargetingPackVersion = 3.0.0
                           RuntimeFrameworkName = Microsoft.WindowsDesktop.App
                       Microsoft.WindowsDesktop.App
                           TargetFramework = net5.0
                           DefaultRuntimeFrameworkVersion = 5.0.0
                           TargetingPackName = Microsoft.WindowsDesktop.App.Ref
                           IsWindowsOnly = true
                           LatestRuntimeFrameworkVersion = 5.0.17
                           RuntimePackRuntimeIdentifiers = win-x64;win-x86;win-arm64
                           RuntimePackNamePatterns = Microsoft.WindowsDesktop.App.Runtime.**RID**
                           TargetingPackVersion = 5.0.0
                           RuntimeFrameworkName = Microsoft.WindowsDesktop.App
                       Microsoft.WindowsDesktop.App
                           TargetFramework = net6.0
                           DefaultRuntimeFrameworkVersion = 6.0.0
                           TargetingPackName = Microsoft.WindowsDesktop.App.Ref
                           IsWindowsOnly = true
                           LatestRuntimeFrameworkVersion = 6.0.23
                           RuntimePackRuntimeIdentifiers = win-x64;win-x86;win-arm64
                           RuntimePackNamePatterns = Microsoft.WindowsDesktop.App.Runtime.**RID**
                           TargetingPackVersion = 6.0.23
                           RuntimeFrameworkName = Microsoft.WindowsDesktop.App
                       Microsoft.WindowsDesktop.App
                           TargetFramework = net7.0
                           DefaultRuntimeFrameworkVersion = 7.0.0
                           TargetingPackName = Microsoft.WindowsDesktop.App.Ref
                           IsWindowsOnly = true
                           LatestRuntimeFrameworkVersion = 7.0.12
                           RuntimePackRuntimeIdentifiers = win-x64;win-x86;win-arm64
                           RuntimePackNamePatterns = Microsoft.WindowsDesktop.App.Runtime.**RID**
                           TargetingPackVersion = 7.0.12
                           RuntimeFrameworkName = Microsoft.WindowsDesktop.App
                       Microsoft.WindowsDesktop.App.WindowsForms
                           TargetFramework = net6.0
                           DefaultRuntimeFrameworkVersion = 6.0.0
                           TargetingPackName = Microsoft.WindowsDesktop.App.Ref
                           IsWindowsOnly = true
                           LatestRuntimeFrameworkVersion = 6.0.23
                           RuntimePackRuntimeIdentifiers = win-x64;win-x86;win-arm64
                           RuntimePackNamePatterns = Microsoft.WindowsDesktop.App.Runtime.**RID**
                           TargetingPackVersion = 6.0.23
                           Profile = WindowsForms
                           RuntimeFrameworkName = Microsoft.WindowsDesktop.App
                       Microsoft.WindowsDesktop.App.WindowsForms
                           TargetFramework = netcoreapp3.1
                           DefaultRuntimeFrameworkVersion = 3.1.0
                           TargetingPackName = Microsoft.WindowsDesktop.App.Ref
                           IsWindowsOnly = true
                           LatestRuntimeFrameworkVersion = 3.1.32
                           RuntimePackRuntimeIdentifiers = win-x64;win-x86
                           RuntimePackNamePatterns = Microsoft.WindowsDesktop.App.Runtime.**RID**
                           TargetingPackVersion = 3.1.0
                           Profile = WindowsForms
                           RuntimeFrameworkName = Microsoft.WindowsDesktop.App
                       Microsoft.WindowsDesktop.App.WindowsForms
                           TargetFramework = net7.0
                           DefaultRuntimeFrameworkVersion = 7.0.0
                           TargetingPackName = Microsoft.WindowsDesktop.App.Ref
                           IsWindowsOnly = true
                           LatestRuntimeFrameworkVersion = 7.0.12
                           RuntimePackRuntimeIdentifiers = win-x64;win-x86;win-arm64
                           RuntimePackNamePatterns = Microsoft.WindowsDesktop.App.Runtime.**RID**
                           TargetingPackVersion = 7.0.12
                           Profile = WindowsForms
                           RuntimeFrameworkName = Microsoft.WindowsDesktop.App
                       Microsoft.WindowsDesktop.App.WindowsForms
                           TargetFramework = netcoreapp3.0
                           DefaultRuntimeFrameworkVersion = 3.0.0
                           TargetingPackName = Microsoft.WindowsDesktop.App.Ref
                           IsWindowsOnly = true
                           LatestRuntimeFrameworkVersion = 3.0.3
                           RuntimePackRuntimeIdentifiers = win-x64;win-x86
                           RuntimePackNamePatterns = Microsoft.WindowsDesktop.App.Runtime.**RID**
                           TargetingPackVersion = 3.0.0
                           Profile = WindowsForms
                           RuntimeFrameworkName = Microsoft.WindowsDesktop.App
                       Microsoft.WindowsDesktop.App.WindowsForms
                           TargetFramework = net5.0
                           DefaultRuntimeFrameworkVersion = 5.0.0
                           TargetingPackName = Microsoft.WindowsDesktop.App.Ref
                           IsWindowsOnly = true
                           LatestRuntimeFrameworkVersion = 5.0.17
                           RuntimePackRuntimeIdentifiers = win-x64;win-x86;win-arm64
                           RuntimePackNamePatterns = Microsoft.WindowsDesktop.App.Runtime.**RID**
                           TargetingPackVersion = 5.0.0
                           Profile = WindowsForms
                           RuntimeFrameworkName = Microsoft.WindowsDesktop.App
                       Microsoft.WindowsDesktop.App.WPF
                           TargetFramework = net5.0
                           DefaultRuntimeFrameworkVersion = 5.0.0
                           TargetingPackName = Microsoft.WindowsDesktop.App.Ref
                           IsWindowsOnly = true
                           LatestRuntimeFrameworkVersion = 5.0.17
                           RuntimePackRuntimeIdentifiers = win-x64;win-x86;win-arm64
                           RuntimePackNamePatterns = Microsoft.WindowsDesktop.App.Runtime.**RID**
                           TargetingPackVersion = 5.0.0
                           Profile = WPF
                           RuntimeFrameworkName = Microsoft.WindowsDesktop.App
                       Microsoft.WindowsDesktop.App.WPF
                           TargetFramework = net6.0
                           DefaultRuntimeFrameworkVersion = 6.0.0
                           TargetingPackName = Microsoft.WindowsDesktop.App.Ref
                           IsWindowsOnly = true
                           LatestRuntimeFrameworkVersion = 6.0.23
                           RuntimePackRuntimeIdentifiers = win-x64;win-x86;win-arm64
                           RuntimePackNamePatterns = Microsoft.WindowsDesktop.App.Runtime.**RID**
                           TargetingPackVersion = 6.0.23
                           Profile = WPF
                           RuntimeFrameworkName = Microsoft.WindowsDesktop.App
                       Microsoft.WindowsDesktop.App.WPF
                           TargetFramework = netcoreapp3.1
                           DefaultRuntimeFrameworkVersion = 3.1.0
                           TargetingPackName = Microsoft.WindowsDesktop.App.Ref
                           IsWindowsOnly = true
                           LatestRuntimeFrameworkVersion = 3.1.32
                           RuntimePackRuntimeIdentifiers = win-x64;win-x86
                           RuntimePackNamePatterns = Microsoft.WindowsDesktop.App.Runtime.**RID**
                           TargetingPackVersion = 3.1.0
                           Profile = WPF
                           RuntimeFrameworkName = Microsoft.WindowsDesktop.App
                       Microsoft.WindowsDesktop.App.WPF
                           TargetFramework = net7.0
                           DefaultRuntimeFrameworkVersion = 7.0.0
                           TargetingPackName = Microsoft.WindowsDesktop.App.Ref
                           IsWindowsOnly = true
                           LatestRuntimeFrameworkVersion = 7.0.12
                           RuntimePackRuntimeIdentifiers = win-x64;win-x86;win-arm64
                           RuntimePackNamePatterns = Microsoft.WindowsDesktop.App.Runtime.**RID**
                           TargetingPackVersion = 7.0.12
                           Profile = WPF
                           RuntimeFrameworkName = Microsoft.WindowsDesktop.App
                       Microsoft.WindowsDesktop.App.WPF
                           TargetFramework = netcoreapp3.0
                           DefaultRuntimeFrameworkVersion = 3.0.0
                           TargetingPackName = Microsoft.WindowsDesktop.App.Ref
                           IsWindowsOnly = true
                           LatestRuntimeFrameworkVersion = 3.0.3
                           RuntimePackRuntimeIdentifiers = win-x64;win-x86
                           RuntimePackNamePatterns = Microsoft.WindowsDesktop.App.Runtime.**RID**
                           TargetingPackVersion = 3.0.0
                           Profile = WPF
                           RuntimeFrameworkName = Microsoft.WindowsDesktop.App
                       NETStandard.Library
                           TargetFramework = netstandard2.1
                           TargetingPackName = NETStandard.Library.Ref
                           TargetingPackVersion = 2.1.0
                   KnownILCompilerPack
                       Microsoft.DotNet.ILCompiler
                           ILCompilerPackNamePattern = runtime.**RID**.Microsoft.DotNet.ILCompiler
                           TargetFramework = net7.0
                           ILCompilerPackVersion = 7.0.12
                           ILCompilerRuntimeIdentifiers = linux-musl-x64;linux-x64;win-x64;linux-arm;linux-arm64;linux-musl-arm;linux-musl-arm64;osx-arm64;osx-x64;win-arm;win-arm64;win-x86
                   KnownRuntimePack
                       Microsoft.NETCore.App
                           TargetFramework = net7.0
                           LatestRuntimeFrameworkVersion = 7.0.12
                           RuntimePackRuntimeIdentifiers = linux-arm;linux-arm64;linux-musl-arm64;linux-musl-x64;linux-x64;osx-x64;rhel.6-x64;win-arm;win-arm64;win-x64;win-x86;linux-musl-arm;osx-arm64;maccatalyst-x64;maccatalyst-arm64;linux-s390x;linux-bionic-arm;linux-bionic-arm64;linux-bionic-x64;linux-bionic-x86;linux-ppc64le;browser-wasm;ios-arm64;ios-arm;iossimulator-arm64;iossimulator-x64;iossimulator-x86;tvos-arm64;tvossimulator-arm64;tvossimulator-x64;android-arm64;android-arm;android-x64;android-x86
                           RuntimePackNamePatterns = Microsoft.NETCore.App.Runtime.Mono.**RID**
                           RuntimePackLabels = Mono
                           RuntimeFrameworkName = Microsoft.NETCore.App
                       Microsoft.NETCore.App
                           TargetFramework = net6.0
                           LatestRuntimeFrameworkVersion = 6.0.23
                           RuntimePackRuntimeIdentifiers = linux-arm;linux-arm64;linux-musl-arm64;linux-musl-x64;linux-x64;osx-x64;rhel.6-x64;win-arm;win-arm64;win-x64;win-x86;linux-musl-arm;osx-arm64;maccatalyst-x64;maccatalyst-arm64;linux-s390x;linux-bionic-arm;linux-bionic-arm64;linux-bionic-x64;linux-bionic-x86;linux-ppc64le;browser-wasm;ios-arm64;ios-arm;iossimulator-arm64;iossimulator-x64;iossimulator-x86;tvos-arm64;tvossimulator-arm64;tvossimulator-x64;android-arm64;android-arm;android-x64;android-x86
                           RuntimePackNamePatterns = Microsoft.NETCore.App.Runtime.Mono.**RID**
                           RuntimePackLabels = Mono
                           RuntimeFrameworkName = Microsoft.NETCore.App
                   PackageConflictOverrides
                       NETStandard.Library
                           OverriddenPackages = 
                           Microsoft.Win32.Primitives|4.3.0;
                           System.AppContext|4.3.0;
                           System.Collections|4.3.0;
                           System.Collections.Concurrent|4.3.0;
                           System.Collections.Immutable|1.4.0;
                           System.Collections.NonGeneric|4.3.0;
                           System.Collections.Specialized|4.3.0;
                           System.ComponentModel|4.3.0;
                           System.ComponentModel.EventBasedAsync|4.3.0;
                           System.ComponentModel.Primitives|4.3.0;
                           System.ComponentModel.TypeConverter|4.3.0;
                           System.Console|4.3.0;
                           System.Data.Common|4.3.0;
                           System.Diagnostics.Contracts|4.3.0;
                           System.Diagnostics.Debug|4.3.0;
                           System.Diagnostics.FileVersionInfo|4.3.0;
                           System.Diagnostics.Process|4.3.0;
                           System.Diagnostics.StackTrace|4.3.0;
                           System.Diagnostics.TextWriterTraceListener|4.3.0;
                           System.Diagnostics.Tools|4.3.0;
                           System.Diagnostics.TraceSource|4.3.0;
                           System.Diagnostics.Tracing|4.3.0;
                           System.Dynamic.Runtime|4.3.0;
                           System.Globalization|4.3.0;
                           System.Globalization.Calendars|4.3.0;
                           System.Globalization.Extensions|4.3.0;
                           System.IO|4.3.0;
                           System.IO.Compression|4.3.0;
                           System.IO.Compression.ZipFile|4.3.0;
                           System.IO.FileSystem|4.3.0;
                           System.IO.FileSystem.DriveInfo|4.3.0;
                           System.IO.FileSystem.Primitives|4.3.0;
                           System.IO.FileSystem.Watcher|4.3.0;
                           System.IO.IsolatedStorage|4.3.0;
                           System.IO.MemoryMappedFiles|4.3.0;
                           System.IO.Pipes|4.3.0;
                           System.IO.UnmanagedMemoryStream|4.3.0;
                           System.Linq|4.3.0;
                           System.Linq.Expressions|4.3.0;
                           System.Linq.Queryable|4.3.0;
                           System.Net.Http|4.3.0;
                           System.Net.NameResolution|4.3.0;
                           System.Net.Primitives|4.3.0;
                           System.Net.Requests|4.3.0;
                           System.Net.Security|4.3.0;
                           System.Net.Sockets|4.3.0;
                           System.Net.WebHeaderCollection|4.3.0;
                           System.ObjectModel|4.3.0;
                           System.Private.DataContractSerialization|4.3.0;
                           System.Reflection|4.3.0;
                           System.Reflection.Emit|4.3.0;
                           System.Reflection.Emit.ILGeneration|4.3.0;
                           System.Reflection.Emit.Lightweight|4.3.0;
                           System.Reflection.Extensions|4.3.0;
                           System.Reflection.Primitives|4.3.0;
                           System.Reflection.TypeExtensions|4.3.0;
                           System.Resources.ResourceManager|4.3.0;
                           System.Runtime|4.3.0;
                           System.Runtime.Extensions|4.3.0;
                           System.Runtime.Handles|4.3.0;
                           System.Runtime.InteropServices|4.3.0;
                           System.Runtime.InteropServices.RuntimeInformation|4.3.0;
                           System.Runtime.Loader|4.3.0;
                           System.Runtime.Numerics|4.3.0;
                           System.Runtime.Serialization.Formatters|4.3.0;
                           System.Runtime.Serialization.Json|4.3.0;
                           System.Runtime.Serialization.Primitives|4.3.0;
                           System.Security.AccessControl|4.4.0;
                           System.Security.Claims|4.3.0;
                           System.Security.Cryptography.Algorithms|4.3.0;
                           System.Security.Cryptography.Csp|4.3.0;
                           System.Security.Cryptography.Encoding|4.3.0;
                           System.Security.Cryptography.Primitives|4.3.0;
                           System.Security.Cryptography.X509Certificates|4.3.0;
                           System.Security.Cryptography.Xml|4.4.0;
                           System.Security.Principal|4.3.0;
                           System.Security.Principal.Windows|4.4.0;
                           System.Text.Encoding|4.3.0;
                           System.Text.Encoding.Extensions|4.3.0;
                           System.Text.RegularExpressions|4.3.0;
                           System.Threading|4.3.0;
                           System.Threading.Overlapped|4.3.0;
                           System.Threading.Tasks|4.3.0;
                           System.Threading.Tasks.Extensions|4.3.0;
                           System.Threading.Tasks.Parallel|4.3.0;
                           System.Threading.Thread|4.3.0;
                           System.Threading.ThreadPool|4.3.0;
                           System.Threading.Timer|4.3.0;
                           System.ValueTuple|4.3.0;
                           System.Xml.ReaderWriter|4.3.0;
                           System.Xml.XDocument|4.3.0;
                           System.Xml.XmlDocument|4.3.0;
                           System.Xml.XmlSerializer|4.3.0;
                           System.Xml.XPath|4.3.0;
                           System.Xml.XPath.XDocument|4.3.0;
                         
                   Page
                       MainWindow.xaml
                           Generator = MSBuild:Compile
                           XamlRuntime = Wpf
                           SubType = Designer
                   PotentialEditorConfigFiles
                       E:\.editorconfig
                       E:\Unity\.editorconfig
                       E:\Unity\LH Editor_Refactoring\.editorconfig
                       E:\Unity\LH Editor_Refactoring\tools\.editorconfig
                       E:\Unity\LH Editor_Refactoring\tools\FurnitureAuthoringTool\.editorconfig
                       E:\Unity\LH Editor_Refactoring\tools\FurnitureAuthoringTool\src\.editorconfig
                       E:\Unity\LH Editor_Refactoring\tools\FurnitureAuthoringTool\src\FurnitureAuthoring.Tool\.editorconfig
                       E:\Unity\LH Editor_Refactoring\tools\FurnitureAuthoringTool\src\FurnitureAuthoring.Tool\Models\.editorconfig
                       E:\Unity\LH Editor_Refactoring\tools\FurnitureAuthoringTool\src\FurnitureAuthoring.Tool\Services\.editorconfig
                       E:\Unity\LH Editor_Refactoring\tools\FurnitureAuthoringTool\src\FurnitureAuthoring.Tool\ViewModels\.editorconfig
                   PreprocessorValue
                       assemblyname
                           Value = FurnitureAuthoring.Tool
                       filename
                           Value = FurnitureAuthoring.Tool.csproj
                       fullpath
                           Value = E:\Unity\LH Editor_Refactoring\tools\FurnitureAuthoringTool\src\FurnitureAuthoring.Tool
                       outputfilename
                           Value = FurnitureAuthoring.Tool.dll
                       rootnamespace
                           Value = FurnitureAuthoring.Tool
                   ProjectCapability
                       AllTargetOutputGroups
                       AssemblyReferences
                       BuildWindowsDesktopTarget
                       COMReferences
                       CrossPlatformExecutable
                       CSharp
                       DeclaredSourceItems
                       GenerateDocumentationFile
                       LanguageService
                       Managed
                       OutputGroups
                       Pack
                       ProjectReferences
                       ReferencesFolder
                       RelativePathDerivedDefaultNamespace
                       SharedProjectReferences
                       SingleFileGenerators
                       SupportsHotReload
                       UserSourceItems
                       VisualStudioWellKnownOutputGroups
                   ProjectReference
                       ..\FurnitureAuthoring.Application\FurnitureAuthoring.Application.csproj
                           ReferenceSourceTarget = ProjectReference
                           OutputItemType = 
                           Targets = 
                       ..\FurnitureAuthoring.Contracts\FurnitureAuthoring.Contracts.csproj
                           ReferenceSourceTarget = ProjectReference
                           OutputItemType = 
                           Targets = 
                       ..\FurnitureAuthoring.Infrastructure\FurnitureAuthoring.Infrastructure.csproj
                           ReferenceSourceTarget = ProjectReference
                           OutputItemType = 
                           Targets = 
                   PropertyPageSchema
                       C:\Program Files\dotnet\sdk\7.0.402\\assemblyreference.xaml
                           Context = ;BrowseObject
                       C:\Program Files\dotnet\sdk\7.0.402\\COMReference.xaml
                           Context = ;BrowseObject
                       C:\Program Files\dotnet\sdk\7.0.402\\Content.xaml
                           Context = File;BrowseObject
                       C:\Program Files\dotnet\sdk\7.0.402\\CSharp.BrowseObject.xaml
                           Context = BrowseObject
                       C:\Program Files\dotnet\sdk\7.0.402\\CSharp.ProjectItemsSchema.xaml
                       C:\Program Files\dotnet\sdk\7.0.402\\CSharp.xaml
                           Context = File
                       C:\Program Files\dotnet\sdk\7.0.402\\Debugger_General.xaml
                           Context = Project
                       C:\Program Files\dotnet\sdk\7.0.402\\EmbeddedResource.xaml
                           Context = File;BrowseObject
                       C:\Program Files\dotnet\sdk\7.0.402\\Folder.xaml
                           Context = File;BrowseObject
                       C:\Program Files\dotnet\sdk\7.0.402\\General_File.xaml
                           Context = File
                       C:\Program Files\dotnet\sdk\7.0.402\\General.BrowseObject.xaml
                           Context = BrowseObject
                       C:\Program Files\dotnet\sdk\7.0.402\\General.xaml
                           Context = Project
                       C:\Program Files\dotnet\sdk\7.0.402\\None.xaml
                           Context = File;BrowseObject
                       C:\Program Files\dotnet\sdk\7.0.402\\ProjectItemsSchema.xaml
                       C:\Program Files\dotnet\sdk\7.0.402\\ProjectReference.xaml
                           Context = ;BrowseObject
                       C:\Program Files\dotnet\sdk\7.0.402\\ResolvedAssemblyReference.xaml
                           Context = ProjectSubscriptionService;BrowseObject
                       C:\Program Files\dotnet\sdk\7.0.402\\ResolvedCOMReference.xaml
                           Context = ProjectSubscriptionService;BrowseObject
                       C:\Program Files\dotnet\sdk\7.0.402\\ResolvedProjectReference.xaml
                           Context = ProjectSubscriptionService;BrowseObject
                       C:\Program Files\dotnet\sdk\7.0.402\\SCC.xaml
                           Context = Invisible
                       C:\Program Files\dotnet\sdk\7.0.402\\SpecialFolder.xaml
                           Context = File;ProjectSubscriptionService
                   RegFreeComManifest
                       obj\Debug\net7.0-windows\FurnitureAuthoring.Tool.X.manifest
                   SdkSupportedTargetPlatformIdentifier
                       android
                           DisplayName = Android
                       ios
                           DisplayName = iOS
                       maccatalyst
                           DisplayName = Mac Catalyst
                       macos
                           DisplayName = macOS
                       tvos
                           DisplayName = tvOS
                       windows
                           DisplayName = Windows
                   SdkSupportedTargetPlatformVersion
                       10.0.17763.0
                           WindowsSdkPackageVersion = 10.0.17763.29
                           MinimumNETVersion = 6.0
                       10.0.17763.0
                           WindowsSdkPackageVersion = 10.0.17763.26
                           MinimumNETVersion = 5.0
                       10.0.18362.0
                           WindowsSdkPackageVersion = 10.0.18362.29
                           MinimumNETVersion = 6.0
                       10.0.18362.0
                           WindowsSdkPackageVersion = 10.0.18362.26
                           MinimumNETVersion = 5.0
                       10.0.19041.0
                           WindowsSdkPackageVersion = 10.0.19041.29
                           MinimumNETVersion = 6.0
                       10.0.19041.0
                           WindowsSdkPackageVersion = 10.0.19041.26
                           MinimumNETVersion = 5.0
                       10.0.20348.0
                           WindowsSdkPackageVersion = 10.0.20348.29
                           MinimumNETVersion = 6.0
                       10.0.20348.0
                           WindowsSdkPackageVersion = 10.0.20348.26
                           MinimumNETVersion = 5.0
                       10.0.22000.0
                           WindowsSdkPackageVersion = 10.0.22000.29
                           MinimumNETVersion = 6.0
                       10.0.22000.0
                           WindowsSdkPackageVersion = 10.0.22000.26
                           MinimumNETVersion = 5.0
                       10.0.22621.0
                           WindowsSdkPackageVersion = 10.0.22621.29
                           MinimumNETVersion = 6.0
                       7.0
                       8.0
                   SupportedNETCoreAppTargetFramework
                       .NETCoreApp,Version=v3.0
                           DisplayName = .NET Core 3.0
                           Alias = netcoreapp3.0
                       .NETCoreApp,Version=v3.1
                           DisplayName = .NET Core 3.1
                           Alias = netcoreapp3.1
                       .NETCoreApp,Version=v5.0
                           DisplayName = .NET 5.0
                           Alias = net5.0
                       .NETCoreApp,Version=v6.0
                           DisplayName = .NET 6.0
                           Alias = net6.0
                       .NETCoreApp,Version=v7.0
                           DisplayName = .NET 7.0
                           Alias = net7.0
                   SupportedNETFrameworkTargetFramework
                       .NETFramework,Version=v3.0
                           DisplayName = .NET Framework 3.0
                           Alias = net30
                       .NETFramework,Version=v3.5
                           DisplayName = .NET Framework 3.5
                           Alias = net35
                       .NETFramework,Version=v4.0
                           DisplayName = .NET Framework 4.0
                           Alias = net40
                       .NETFramework,Version=v4.5
                           DisplayName = .NET Framework 4.5
                           Alias = net45
                       .NETFramework,Version=v4.5.1
                           DisplayName = .NET Framework 4.5.1
                           Alias = net451
                       .NETFramework,Version=v4.5.2
                           DisplayName = .NET Framework 4.5.2
                           Alias = net452
                       .NETFramework,Version=v4.6
                           DisplayName = .NET Framework 4.6
                           Alias = net46
                       .NETFramework,Version=v4.6.1
                           DisplayName = .NET Framework 4.6.1
                           Alias = net461
                       .NETFramework,Version=v4.6.2
                           DisplayName = .NET Framework 4.6.2
                           Alias = net462
                       .NETFramework,Version=v4.7
                           DisplayName = .NET Framework 4.7
                           Alias = net47
                       .NETFramework,Version=v4.7.1
                           DisplayName = .NET Framework 4.7.1
                           Alias = net471
                       .NETFramework,Version=v4.7.2
                           DisplayName = .NET Framework 4.7.2
                           Alias = net472
                       .NETFramework,Version=v4.8
                           DisplayName = .NET Framework 4.8
                           Alias = net48
                       .NETFramework,Version=v4.8.1
                           DisplayName = .NET Framework 4.8.1
                           Alias = net481
                   SupportedPlatform
                       Linux
                       macOS
                       Windows
                   SupportedTargetFramework
                       .NETCoreApp,Version=v3.0
                           DisplayName = .NET Core 3.0
                           Alias = netcoreapp3.0
                       .NETCoreApp,Version=v3.1
                           DisplayName = .NET Core 3.1
                           Alias = netcoreapp3.1
                       .NETCoreApp,Version=v5.0
                           DisplayName = .NET 5.0
                           Alias = net5.0
                       .NETCoreApp,Version=v6.0
                           DisplayName = .NET 6.0
                           Alias = net6.0
                       .NETCoreApp,Version=v7.0
                           DisplayName = .NET 7.0
                           Alias = net7.0
                       .NETFramework,Version=v3.0
                           DisplayName = .NET Framework 3.0
                           Alias = net30
                       .NETFramework,Version=v3.5
                           DisplayName = .NET Framework 3.5
                           Alias = net35
                       .NETFramework,Version=v4.0
                           DisplayName = .NET Framework 4.0
                           Alias = net40
                       .NETFramework,Version=v4.5
                           DisplayName = .NET Framework 4.5
                           Alias = net45
                       .NETFramework,Version=v4.5.1
                           DisplayName = .NET Framework 4.5.1
                           Alias = net451
                       .NETFramework,Version=v4.5.2
                           DisplayName = .NET Framework 4.5.2
                           Alias = net452
                       .NETFramework,Version=v4.6
                           DisplayName = .NET Framework 4.6
                           Alias = net46
                       .NETFramework,Version=v4.6.1
                           DisplayName = .NET Framework 4.6.1
                           Alias = net461
                       .NETFramework,Version=v4.6.2
                           DisplayName = .NET Framework 4.6.2
                           Alias = net462
                       .NETFramework,Version=v4.7
                           DisplayName = .NET Framework 4.7
                           Alias = net47
                       .NETFramework,Version=v4.7.1
                           DisplayName = .NET Framework 4.7.1
                           Alias = net471
                       .NETFramework,Version=v4.7.2
                           DisplayName = .NET Framework 4.7.2
                           Alias = net472
                       .NETFramework,Version=v4.8
                           DisplayName = .NET Framework 4.8
                           Alias = net48
                       .NETFramework,Version=v4.8.1
                           DisplayName = .NET Framework 4.8.1
                           Alias = net481
                   WindowsSdkSupportedTargetPlatformVersion
                       10.0.17763.0
                           WindowsSdkPackageVersion = 10.0.17763.29
                           MinimumNETVersion = 6.0
                       10.0.17763.0
                           WindowsSdkPackageVersion = 10.0.17763.26
                           MinimumNETVersion = 5.0
                       10.0.18362.0
                           WindowsSdkPackageVersion = 10.0.18362.29
                           MinimumNETVersion = 6.0
                       10.0.18362.0
                           WindowsSdkPackageVersion = 10.0.18362.26
                           MinimumNETVersion = 5.0
                       10.0.19041.0
                           WindowsSdkPackageVersion = 10.0.19041.29
                           MinimumNETVersion = 6.0
                       10.0.19041.0
                           WindowsSdkPackageVersion = 10.0.19041.26
                           MinimumNETVersion = 5.0
                       10.0.20348.0
                           WindowsSdkPackageVersion = 10.0.20348.29
                           MinimumNETVersion = 6.0
                       10.0.20348.0
                           WindowsSdkPackageVersion = 10.0.20348.26
                           MinimumNETVersion = 5.0
                       10.0.22000.0
                           WindowsSdkPackageVersion = 10.0.22000.29
                           MinimumNETVersion = 6.0
                       10.0.22000.0
                           WindowsSdkPackageVersion = 10.0.22000.26
                           MinimumNETVersion = 5.0
                       10.0.22621.0
                           WindowsSdkPackageVersion = 10.0.22621.29
                           MinimumNETVersion = 6.0
                       7.0
                       8.0

16:19:02.796     1>"E:\Unity\LH Editor_Refactoring\tools\FurnitureAuthoringTool\src\FurnitureAuthoring.Tool\FurnitureAuthoring.Tool.csproj"(1) 프로젝트가 1 노드에서 "E:\Unity\LH Editor_Refactoring\tools\FurnitureAuthoringTool\src\FurnitureAuthoring.Tool\FurnitureAuthoring.Tool.csproj"(1:2)을(를) 빌드하고 있습니다(_IsProjectRestoreSupported 대상).
16:19:02.872   1:2>"E:\Unity\LH Editor_Refactoring\tools\FurnitureAuthoringTool\src\FurnitureAuthoring.Tool\FurnitureAuthoring.Tool.csproj" 프로젝트의 "C:\Program Files\dotnet\sdk\7.0.402\NuGet.targets" 파일에 있는 "_IsProjectRestoreSupported: (대상 ID:4)" 대상(진입점):
16:19:02.872   1:2>추가된 항목: _ValidProjectsForRestore=E:\Unity\LH Editor_Refactoring\tools\FurnitureAuthoringTool\src\FurnitureAuthoring.Tool\FurnitureAuthoring.Tool.csproj
16:19:02.872   1:2>"FurnitureAuthoring.Tool.csproj" 프로젝트에 "_IsProjectRestoreSupported" 대상을 빌드했습니다.: (대상 ID:4)
16:19:02.873   1:2>"E:\Unity\LH Editor_Refactoring\tools\FurnitureAuthoringTool\src\FurnitureAuthoring.Tool\FurnitureAuthoring.Tool.csproj" 프로젝트를 빌드했습니다(_IsProjectRestoreSupported 대상).
16:19:02.822     1>_FilterRestoreGraphProjectInputItems: (대상 ID:3)
                     출력 항목: 
                         FilteredRestoreGraphProjectInputItems=
                             E:\Unity\LH Editor_Refactoring\tools\FurnitureAuthoringTool\src\FurnitureAuthoring.Tool\FurnitureAuthoring.Tool.csproj
                                     MSBuildSourceProjectFile=E:\Unity\LH Editor_Refactoring\tools\FurnitureAuthoringTool\src\FurnitureAuthoring.Tool\FurnitureAuthoring.Tool.csproj
                                     MSBuildSourceTargetName=_IsProjectRestoreSupported
                                     OriginalItemSpec=E:\Unity\LH Editor_Refactoring\tools\FurnitureAuthoringTool\src\FurnitureAuthoring.Tool\FurnitureAuthoring.Tool.csproj(작업 ID:3)
                   "MSBuild" 작업을 실행했습니다.(작업 ID:3)
                   조건이 잘못되어 "MSBuild" 작업을 건너뜁니다. ( '$(RestoreUseSkipNonexistentTargets)' != 'true' )이(가) ( 'true' != 'true' )(으)로 확인되었습니다.
                   TaskRun 동안 로드된 어셈블리: NuGet.Build.Tasks, Version=6.7.0.127, Culture=neutral, PublicKeyToken=31bf3856ad364e35(위치: C:\Program Files\dotnet\sdk\7.0.402\NuGet.Build.Tasks.dll%1, MVID: de2aeb77-d26a-4069-b387-3bab46593613%2, AppDomain: [Default]%2).
                   TaskRun 동안 로드된 어셈블리: NuGet.Common, Version=6.7.0.127, Culture=neutral, PublicKeyToken=31bf3856ad364e35(위치: C:\Program Files\dotnet\sdk\7.0.402\NuGet.Common.dll%1, MVID: a7b6e070-215b-42b0-ab97-91f6063375d4%2, AppDomain: [Default]%2).
                   TaskRun 동안 로드된 어셈블리: NuGet.Commands, Version=6.7.0.127, Culture=neutral, PublicKeyToken=31bf3856ad364e35(위치: C:\Program Files\dotnet\sdk\7.0.402\NuGet.Commands.dll%1, MVID: 28c923d4-8080-4c7f-9826-e84a3162883e%2, AppDomain: [Default]%2).
                   TaskRun 동안 로드된 어셈블리: NuGet.ProjectModel, Version=6.7.0.127, Culture=neutral, PublicKeyToken=31bf3856ad364e35(위치: C:\Program Files\dotnet\sdk\7.0.402\NuGet.ProjectModel.dll%1, MVID: 69a833cc-c0bf-4f10-b281-ac5b94868c5f%2, AppDomain: [Default]%2).
                   "C:\Program Files\dotnet\sdk\7.0.402\NuGet.Build.Tasks.dll" 어셈블리에서 "WarnForInvalidProjectsTask" 작업을 사용합니다.
                   "WarnForInvalidProjectsTask" 작업(작업 ID:4)
                     작업 매개 변수:AllProjects=E:\Unity\LH Editor_Refactoring\tools\FurnitureAuthoringTool\src\FurnitureAuthoring.Tool\FurnitureAuthoring.Tool.csproj(작업 ID:4)
                     작업 매개 변수:
                         ValidProjects=
                             E:\Unity\LH Editor_Refactoring\tools\FurnitureAuthoringTool\src\FurnitureAuthoring.Tool\FurnitureAuthoring.Tool.csproj
                                     MSBuildSourceProjectFile=E:\Unity\LH Editor_Refactoring\tools\FurnitureAuthoringTool\src\FurnitureAuthoring.Tool\FurnitureAuthoring.Tool.csproj
                                     MSBuildSourceTargetName=_IsProjectRestoreSupported
                                     OriginalItemSpec=E:\Unity\LH Editor_Refactoring\tools\FurnitureAuthoringTool\src\FurnitureAuthoring.Tool\FurnitureAuthoring.Tool.csproj(작업 ID:4)
                     (in) AllProjects 'E:\Unity\LH Editor_Refactoring\tools\FurnitureAuthoringTool\src\FurnitureAuthoring.Tool\FurnitureAuthoring.Tool.csproj'(작업 ID:4)
                     (in) ValidProjects 'E:\Unity\LH Editor_Refactoring\tools\FurnitureAuthoringTool\src\FurnitureAuthoring.Tool\FurnitureAuthoring.Tool.csproj'(작업 ID:4)
                   "WarnForInvalidProjectsTask" 작업을 실행했습니다.(작업 ID:4)
16:19:02.887     1>"FurnitureAuthoring.Tool.csproj" 프로젝트에 "_FilterRestoreGraphProjectInputItems" 대상을 빌드했습니다.: (대상 ID:3)
                   "_FilterRestoreGraphProjectInputItems" 대상을 건너뜁니다. 이전에 빌드되었습니다.
16:19:02.888     1>"E:\Unity\LH Editor_Refactoring\tools\FurnitureAuthoringTool\src\FurnitureAuthoring.Tool\FurnitureAuthoring.Tool.csproj" 프로젝트의 "C:\Program Files\dotnet\sdk\7.0.402\NuGet.targets" 파일에 있는 "_GetAllRestoreProjectPathItems: (대상 ID:5)" 대상("_GenerateRestoreGraph" 대상이 종속됨):
                   "C:\Program Files\dotnet\sdk\7.0.402\NuGet.Build.Tasks.dll" 어셈블리에서 "NuGetMessageTask" 작업을 사용합니다.
                   "NuGetMessageTask" 작업(작업 ID:5)
                     작업 매개 변수:Importance=High(작업 ID:5)
                     작업 매개 변수:Name=DeterminingProjectsToRestore(작업 ID:5)
                     TaskRun (NuGet.Build.Tasks.NuGetMessageTask) 동안 로드된 어셈블리: NuGet.Build.Tasks.resources, Version=6.0.0.278, Culture=ko, PublicKeyToken=31bf3856ad364e35, processorArchitecture=MSIL(위치: C:\Program Files\dotnet\sdk\7.0.402\ko\NuGet.Build.Tasks.resources.dll%1, MVID: 3eb1ebc5-5f11-4962-8e0a-1f3ea840db0e%2, AppDomain: [Default]%2).(작업 ID:5)
                     복원할 프로젝트를 확인하는 중...(작업 ID:5)
                   "NuGetMessageTask" 작업을 실행했습니다.(작업 ID:5)
                   "MSBuild" 작업(작업 ID:6)
                     작업 매개 변수:Targets=_GenerateRestoreProjectPathWalk(작업 ID:6)
                     작업 매개 변수:BuildInParallel=True(작업 ID:6)
                     작업 매개 변수:
                         Projects=
                             E:\Unity\LH Editor_Refactoring\tools\FurnitureAuthoringTool\src\FurnitureAuthoring.Tool\FurnitureAuthoring.Tool.csproj
                                     MSBuildSourceProjectFile=E:\Unity\LH Editor_Refactoring\tools\FurnitureAuthoringTool\src\FurnitureAuthoring.Tool\FurnitureAuthoring.Tool.csproj
                                     MSBuildSourceTargetName=_IsProjectRestoreSupported
                                     OriginalItemSpec=E:\Unity\LH Editor_Refactoring\tools\FurnitureAuthoringTool\src\FurnitureAuthoring.Tool\FurnitureAuthoring.Tool.csproj(작업 ID:6)
                     작업 매개 변수:SkipNonexistentTargets=True(작업 ID:6)
                     작업 매개 변수:SkipNonexistentProjects=true(작업 ID:6)
                     작업 매개 변수:Properties=ExcludeRestorePackageImports=true(작업 ID:6)
                     전역 속성:(작업 ID:6)
                       ExcludeRestorePackageImports=true(작업 ID:6)
16:19:02.796     1>"E:\Unity\LH Editor_Refactoring\tools\FurnitureAuthoringTool\src\FurnitureAuthoring.Tool\FurnitureAuthoring.Tool.csproj"(1) 프로젝트가 1 노드에서 "E:\Unity\LH Editor_Refactoring\tools\FurnitureAuthoringTool\src\FurnitureAuthoring.Tool\FurnitureAuthoring.Tool.csproj"(1:3)을(를) 빌드하고 있습니다(_GenerateRestoreProjectPathWalk 대상).
16:19:02.891   1:3>조건이 잘못되어 "_GenerateRestoreProjectPathItemsAllFrameworks" 대상을 건너뜁니다. ( '$(TargetFrameworks)' != '' )이(가) ( '' != '' )(으)로 확인되었습니다.
16:19:02.891   1:3>"E:\Unity\LH Editor_Refactoring\tools\FurnitureAuthoringTool\src\FurnitureAuthoring.Tool\FurnitureAuthoring.Tool.csproj" 프로젝트의 "C:\Program Files\dotnet\sdk\7.0.402\NuGet.targets" 파일에 있는 "_GenerateRestoreProjectPathItemsPerFramework: (대상 ID:6)" 대상("_GenerateRestoreProjectPathItemsCurrentProject" 대상이 종속됨):
                   "Microsoft.Build.Tasks.Core, Version=15.1.0.0, Culture=neutral, PublicKeyToken=b03f5f7f11d50a3a" 어셈블리에서 "ConvertToAbsolutePath" 작업을 사용합니다.
                   "ConvertToAbsolutePath" 작업(작업 ID:7)
                     작업 매개 변수:
                         Paths=
                             E:\Unity\LH Editor_Refactoring\tools\FurnitureAuthoringTool\src\FurnitureAuthoring.Application\FurnitureAuthoring.Application.csproj
                                     OutputItemType=
                                     ReferenceSourceTarget=ProjectReference
                                     Targets=
                             E:\Unity\LH Editor_Refactoring\tools\FurnitureAuthoringTool\src\FurnitureAuthoring.Contracts\FurnitureAuthoring.Contracts.csproj
                                     OutputItemType=
                                     ReferenceSourceTarget=ProjectReference
                                     Targets=
                             E:\Unity\LH Editor_Refactoring\tools\FurnitureAuthoringTool\src\FurnitureAuthoring.Infrastructure\FurnitureAuthoring.Infrastructure.csproj
                                     OutputItemType=
                                     ReferenceSourceTarget=ProjectReference
                                     Targets=(작업 ID:7)
                     출력 속성: _RestoreGraphAbsoluteProjectPaths=E:\Unity\LH Editor_Refactoring\tools\FurnitureAuthoringTool\src\FurnitureAuthoring.Application\FurnitureAuthoring.Application.csproj;E:\Unity\LH Editor_Refactoring\tools\FurnitureAuthoringTool\src\FurnitureAuthoring.Contracts\FurnitureAuthoring.Contracts.csproj;E:\Unity\LH Editor_Refactoring\tools\FurnitureAuthoringTool\src\FurnitureAuthoring.Infrastructure\FurnitureAuthoring.Infrastructure.csproj(작업 ID:7)
                   "ConvertToAbsolutePath" 작업을 실행했습니다.(작업 ID:7)
                   추가된 항목: 
                       _RestoreProjectPathItems=
                           E:\Unity\LH Editor_Refactoring\tools\FurnitureAuthoringTool\src\FurnitureAuthoring.Application\FurnitureAuthoring.Application.csproj
                           E:\Unity\LH Editor_Refactoring\tools\FurnitureAuthoringTool\src\FurnitureAuthoring.Contracts\FurnitureAuthoring.Contracts.csproj
                           E:\Unity\LH Editor_Refactoring\tools\FurnitureAuthoringTool\src\FurnitureAuthoring.Infrastructure\FurnitureAuthoring.Infrastructure.csproj
16:19:02.892   1:3>"FurnitureAuthoring.Tool.csproj" 프로젝트에 "_GenerateRestoreProjectPathItemsPerFramework" 대상을 빌드했습니다.: (대상 ID:6)
16:19:02.892   1:3>"E:\Unity\LH Editor_Refactoring\tools\FurnitureAuthoringTool\src\FurnitureAuthoring.Tool\FurnitureAuthoring.Tool.csproj" 프로젝트의 "C:\Program Files\dotnet\sdk\7.0.402\NuGet.targets" 파일에 있는 "_GenerateRestoreProjectPathItemsCurrentProject: (대상 ID:7)" 대상("_GenerateRestoreProjectPathItems" 대상이 종속됨):
16:19:02.892   1:3>"FurnitureAuthoring.Tool.csproj" 프로젝트에 "_GenerateRestoreProjectPathItemsCurrentProject" 대상을 빌드했습니다.: (대상 ID:7)
16:19:02.892   1:3>"E:\Unity\LH Editor_Refactoring\tools\FurnitureAuthoringTool\src\FurnitureAuthoring.Tool\FurnitureAuthoring.Tool.csproj" 프로젝트의 "C:\Program Files\dotnet\sdk\7.0.402\NuGet.targets" 파일에 있는 "_GenerateRestoreProjectPathItems: (대상 ID:8)" 대상("_GenerateRestoreProjectPathWalk" 대상이 종속됨):
                   "RemoveDuplicates" 작업(작업 ID:8)
                     출력 항목: 
                         _CurrentRestoreProjectPathItems=
                             E:\Unity\LH Editor_Refactoring\tools\FurnitureAuthoringTool\src\FurnitureAuthoring.Application\FurnitureAuthoring.Application.csproj
                             E:\Unity\LH Editor_Refactoring\tools\FurnitureAuthoringTool\src\FurnitureAuthoring.Contracts\FurnitureAuthoring.Contracts.csproj
                             E:\Unity\LH Editor_Refactoring\tools\FurnitureAuthoringTool\src\FurnitureAuthoring.Infrastructure\FurnitureAuthoring.Infrastructure.csproj(작업 ID:8)
                   "RemoveDuplicates" 작업을 실행했습니다.(작업 ID:8)
16:19:02.892   1:3>"FurnitureAuthoring.Tool.csproj" 프로젝트에 "_GenerateRestoreProjectPathItems" 대상을 빌드했습니다.: (대상 ID:8)
16:19:02.892   1:3>"E:\Unity\LH Editor_Refactoring\tools\FurnitureAuthoringTool\src\FurnitureAuthoring.Tool\FurnitureAuthoring.Tool.csproj" 프로젝트의 "C:\Program Files\dotnet\sdk\7.0.402\NuGet.targets" 파일에 있는 "_GenerateRestoreProjectPathWalk: (대상 ID:9)" 대상(진입점):
                   "MSBuild" 작업(작업 ID:9)
                     작업 매개 변수:Targets=_GenerateRestoreProjectPathWalk(작업 ID:9)
                     작업 매개 변수:BuildInParallel=True(작업 ID:9)
                     작업 매개 변수:
                         Projects=
                             E:\Unity\LH Editor_Refactoring\tools\FurnitureAuthoringTool\src\FurnitureAuthoring.Application\FurnitureAuthoring.Application.csproj
                             E:\Unity\LH Editor_Refactoring\tools\FurnitureAuthoringTool\src\FurnitureAuthoring.Contracts\FurnitureAuthoring.Contracts.csproj
                             E:\Unity\LH Editor_Refactoring\tools\FurnitureAuthoringTool\src\FurnitureAuthoring.Infrastructure\FurnitureAuthoring.Infrastructure.csproj(작업 ID:9)
                     작업 매개 변수:SkipNonexistentTargets=True(작업 ID:9)
                     작업 매개 변수:SkipNonexistentProjects=true(작업 ID:9)
                     작업 매개 변수:Properties=ExcludeRestorePackageImports=true(작업 ID:9)
                     전역 속성:(작업 ID:9)
                       ExcludeRestorePackageImports=true(작업 ID:9)
16:19:02.894     0>환경에서 값이 'MSBuildExtensionsPath'인 속성 'C:\Program Files\dotnet\sdk\7.0.402\'이(가) 확장되었습니다.
                   속성 재할당: $(MSBuildProjectExtensionsPath)=C:\Program Files\dotnet\sdk\7.0.402\Current\Microsoft.Common.props(60,5)의 "E:\Unity\LH Editor_Refactoring\tools\FurnitureAuthoringTool\src\FurnitureAuthoring.Application\obj\"(이전 값: "obj\")
                   속성 재할당: $(AssemblySearchPaths)=C:\Program Files\dotnet\sdk\7.0.402\Sdks\Microsoft.NET.Sdk\targets\Microsoft.NET.Sdk.props(82,5)의 "{CandidateAssemblyFiles};{HintPathFromItem}"(이전 값: "{CandidateAssemblyFiles}")
                   속성 재할당: $(AssemblySearchPaths)=C:\Program Files\dotnet\sdk\7.0.402\Sdks\Microsoft.NET.Sdk\targets\Microsoft.NET.Sdk.props(83,5)의 "{CandidateAssemblyFiles};{HintPathFromItem};{TargetFrameworkDirectory}"(이전 값: "{CandidateAssemblyFiles};{HintPathFromItem}")
                   속성 재할당: $(AssemblySearchPaths)=C:\Program Files\dotnet\sdk\7.0.402\Sdks\Microsoft.NET.Sdk\targets\Microsoft.NET.Sdk.props(84,5)의 "{CandidateAssemblyFiles};{HintPathFromItem};{TargetFrameworkDirectory};{RawFileName}"(이전 값: "{CandidateAssemblyFiles};{HintPathFromItem};{TargetFrameworkDirectory}")
                   속성 재할당: $(PublishAotSupported)=C:\Program Files\dotnet\sdk\7.0.402\Sdks\Microsoft.NET.Sdk\targets\Microsoft.NET.Sdk.props(120,5)의 "true"(이전 값: "false")
                   속성 재할당: $(TargetsForTfmSpecificContentInPackage)=C:\Program Files\dotnet\sdk\7.0.402\Sdks\Microsoft.NET.Sdk\targets\Microsoft.NET.PackProjectTool.props(15,5)의 ";PackTool;_PackProjectToolValidation"(이전 값: ";PackTool")
                   속성 재할당: $(PublishProfileImported)=C:\Program Files\dotnet\sdk\7.0.402\Sdks\Microsoft.NET.Sdk\targets\Microsoft.NET.Sdk.ImportPublishProfile.targets(28,5)의 "false"(이전 값: "true")
                   속성 재할당: $(TargetPlatformVersion)=C:\Program Files\dotnet\sdk\7.0.402\Sdks\Microsoft.NET.Sdk\targets\Microsoft.NET.TargetFrameworkInference.targets(64,5)의 "0.0"(이전 값: "0.0.0.0")
                   속성 재할당: $(TargetPlatformVersion)=C:\Program Files\dotnet\sdk\7.0.402\Sdks\Microsoft.NET.Sdk\targets\Microsoft.NET.TargetFrameworkInference.targets(65,5)의 ""(이전 값: "0.0")
                   속성 재할당: $(TargetPlatformIdentifier)=C:\Program Files\dotnet\sdk\7.0.402\Sdks\Microsoft.NET.Sdk\targets\Microsoft.NET.TargetFrameworkInference.targets(67,5)의 "Windows"(이전 값: "windows")
                   속성 재할당: $(DefaultItemExcludes)=C:\Program Files\dotnet\sdk\7.0.402\Sdks\Microsoft.NET.Sdk\targets\Microsoft.NET.TargetFrameworkInference.targets(247,5)의 ";bin\Debug\/**;obj\Debug\/**"(이전 값: ";bin\Debug\/**")
                   속성 재할당: $(IntermediateOutputPath)=C:\Program Files\dotnet\sdk\7.0.402\Sdks\Microsoft.NET.Sdk\targets\Microsoft.NET.TargetFrameworkInference.targets(266,5)의 "obj\Debug\net7.0-windows\"(이전 값: "obj\Debug\")
                   속성 재할당: $(OutputPath)=C:\Program Files\dotnet\sdk\7.0.402\Sdks\Microsoft.NET.Sdk\targets\Microsoft.NET.TargetFrameworkInference.targets(267,5)의 "bin\Debug\net7.0-windows\"(이전 값: "bin\Debug\")
                   속성 재할당: $(_FrameworkIdentifierForImplicitDefine)=C:\Program Files\dotnet\sdk\7.0.402\Sdks\Microsoft.NET.Sdk\targets\Microsoft.NET.Sdk.BeforeCommon.targets(180,5)의 "NET"(이전 값: "NETCOREAPP")
                   속성 재할당: $(_FrameworkVersionForImplicitDefine)=C:\Program Files\dotnet\sdk\7.0.402\Sdks\Microsoft.NET.Sdk\targets\Microsoft.NET.Sdk.BeforeCommon.targets(185,5)의 "7_0"(이전 값: "7.0")
                   속성 재할당: $(CommandLineArgsForDesignTimeEvaluation)=C:\Program Files\dotnet\sdk\7.0.402\Roslyn\Microsoft.CSharp.Core.targets(192,5)의 "-langversion:11.0 -define:TRACE"(이전 값: "-langversion:11.0")
                   속성 재할당: $(_DebugSymbolsProduced)=C:\Program Files\dotnet\sdk\7.0.402\Microsoft.Common.CurrentVersion.targets(175,5)의 "true"(이전 값: "false")
                   속성 재할당: $(_DocumentationFileProduced)=C:\Program Files\dotnet\sdk\7.0.402\Microsoft.Common.CurrentVersion.targets(185,5)의 "false"(이전 값: "true")
                   속성 재할당: $(ProcessorArchitecture)=C:\Program Files\dotnet\sdk\7.0.402\Microsoft.Common.CurrentVersion.targets(529,5)의 "msil"(이전 값: "")
                   속성 재할당: $(DelaySign)=C:\Program Files\dotnet\sdk\7.0.402\Microsoft.Common.CurrentVersion.targets(568,5)의 ""(이전 값: "false")
                   환경에서 값이 'LOCALAPPDATA'인 속성 'C:\Users\LIMSOWAN\AppData\Local'이(가) 확장되었습니다.
                   속성 재할당: $(_SGenGenerateSerializationAssembliesConfig)=C:\Program Files\dotnet\sdk\7.0.402\Microsoft.Common.CurrentVersion.targets(3806,5)의 "Auto"(이전 값: "")
                   속성 재할당: $(_SGenGenerateSerializationAssembliesConfig)=C:\Program Files\dotnet\sdk\7.0.402\Microsoft.Common.CurrentVersion.targets(3807,5)의 "Off"(이전 값: "Auto")
                   속성 재할당: $(_TargetsThatPrepareProjectReferences)=C:\Program Files\dotnet\sdk\7.0.402\Microsoft.Common.CurrentVersion.targets(4944,5)의 "
                         AssignProjectConfiguration;
                         _SplitProjectReferencesByFileExistence
                       "(이전 값: "_SplitProjectReferencesByFileExistence")
                   환경에서 값이 'MSBuildExtensionsPath32'인 속성 'C:\Program Files\dotnet\sdk\7.0.402'이(가) 확장되었습니다.
                   속성 재할당: $(ProjectAssetsFile)=C:\Program Files\dotnet\sdk\7.0.402\Sdks\Microsoft.NET.Sdk\targets\Microsoft.PackageDependencyResolution.targets(24,5)의 "E:\Unity\LH Editor_Refactoring\tools\FurnitureAuthoringTool\src\FurnitureAuthoring.Application\obj\project.assets.json"(이전 값: "E:\Unity\LH Editor_Refactoring\tools\FurnitureAuthoringTool\src\FurnitureAuthoring.Application\obj\/project.assets.json")
                   속성 재할당: $(ProjectAssetsCacheFile)=C:\Program Files\dotnet\sdk\7.0.402\Sdks\Microsoft.NET.Sdk\targets\Microsoft.PackageDependencyResolution.targets(29,5)의 "E:\Unity\LH Editor_Refactoring\tools\FurnitureAuthoringTool\src\FurnitureAuthoring.Application\obj\Debug\net7.0-windows\FurnitureAuthoring.Application.assets.cache"(이전 값: "obj\Debug\net7.0-windows\FurnitureAuthoring.Application.assets.cache")
                   속성 재할당: $(ResolveAssemblyReferencesDependsOn)=C:\Program Files\dotnet\sdk\7.0.402\Sdks\Microsoft.NET.Sdk\targets\Microsoft.PackageDependencyResolution.targets(80,5)의 "
                         
                         ResolveProjectReferences;
                         FindInvalidProjectReferences;
                         GetFrameworkPaths;
                         GetReferenceAssemblyPaths;
                         PrepareForBuild;
                         ResolveSDKReferences;
                         ExpandSDKReferences;
                       ;
                         ResolvePackageDependenciesForBuild;
                         _HandlePackageFileConflicts;
                       "(이전 값: "
                         ResolveProjectReferences;
                         FindInvalidProjectReferences;
                         GetFrameworkPaths;
                         GetReferenceAssemblyPaths;
                         PrepareForBuild;
                         ResolveSDKReferences;
                         ExpandSDKReferences;
                       ")
                   속성 재할당: $(PrepareResourcesDependsOn)=C:\Program Files\dotnet\sdk\7.0.402\Sdks\Microsoft.NET.Sdk\targets\Microsoft.PackageDependencyResolution.targets(86,5)의 "
                         ResolvePackageDependenciesForBuild;
                         _HandlePackageFileConflicts;
                         
                         ;
                         PrepareResourceNames;
                         ResGen;
                         CompileLicxFiles
                       
                       "(이전 값: "
                         ;
                         PrepareResourceNames;
                         ResGen;
                         CompileLicxFiles
                       ")
                   속성 재할당: $(DefaultItemExcludes)=C:\Program Files\dotnet\sdk\7.0.402\Sdks\Microsoft.NET.Sdk\targets\Microsoft.NET.Sdk.DefaultItems.targets(27,5)의 ";bin\Debug\/**;obj\Debug\/**;bin\/**"(이전 값: ";bin\Debug\/**;obj\Debug\/**")
                   속성 재할당: $(DefaultItemExcludes)=C:\Program Files\dotnet\sdk\7.0.402\Sdks\Microsoft.NET.Sdk\targets\Microsoft.NET.Sdk.DefaultItems.targets(29,5)의 ";bin\Debug\/**;obj\Debug\/**;bin\/**;obj\/**"(이전 값: ";bin\Debug\/**;obj\Debug\/**;bin\/**")
                   속성 재할당: $(DefaultItemExcludes)=C:\Program Files\dotnet\sdk\7.0.402\Sdks\Microsoft.NET.Sdk\targets\Microsoft.NET.Sdk.DefaultItems.targets(32,5)의 ";bin\Debug\/**;obj\Debug\/**;bin\/**;obj\/**;**/*.user"(이전 값: ";bin\Debug\/**;obj\Debug\/**;bin\/**;obj\/**")
                   속성 재할당: $(DefaultItemExcludes)=C:\Program Files\dotnet\sdk\7.0.402\Sdks\Microsoft.NET.Sdk\targets\Microsoft.NET.Sdk.DefaultItems.targets(33,5)의 ";bin\Debug\/**;obj\Debug\/**;bin\/**;obj\/**;**/*.user;**/*.*proj"(이전 값: ";bin\Debug\/**;obj\Debug\/**;bin\/**;obj\/**;**/*.user")
                   속성 재할당: $(DefaultItemExcludes)=C:\Program Files\dotnet\sdk\7.0.402\Sdks\Microsoft.NET.Sdk\targets\Microsoft.NET.Sdk.DefaultItems.targets(34,5)의 ";bin\Debug\/**;obj\Debug\/**;bin\/**;obj\/**;**/*.user;**/*.*proj;**/*.sln"(이전 값: ";bin\Debug\/**;obj\Debug\/**;bin\/**;obj\/**;**/*.user;**/*.*proj")
                   속성 재할당: $(DefaultItemExcludes)=C:\Program Files\dotnet\sdk\7.0.402\Sdks\Microsoft.NET.Sdk\targets\Microsoft.NET.Sdk.DefaultItems.targets(35,5)의 ";bin\Debug\/**;obj\Debug\/**;bin\/**;obj\/**;**/*.user;**/*.*proj;**/*.sln;**/*.vssscc"(이전 값: ";bin\Debug\/**;obj\Debug\/**;bin\/**;obj\/**;**/*.user;**/*.*proj;**/*.sln")
                   속성 재할당: $(ResolveAssemblyReferencesDependsOn)=C:\Program Files\dotnet\sdk\7.0.402\Sdks\Microsoft.NET.Sdk\targets\Microsoft.NET.Sdk.FrameworkReferenceResolution.targets(14,5)의 "
                         
                         
                         ResolveProjectReferences;
                         FindInvalidProjectReferences;
                         GetFrameworkPaths;
                         GetReferenceAssemblyPaths;
                         PrepareForBuild;
                         ResolveSDKReferences;
                         ExpandSDKReferences;
                       ;
                         ResolvePackageDependenciesForBuild;
                         _HandlePackageFileConflicts;
                       ;
                         ResolveTargetingPackAssets;
                       "(이전 값: "
                         
                         ResolveProjectReferences;
                         FindInvalidProjectReferences;
                         GetFrameworkPaths;
                         GetReferenceAssemblyPaths;
                         PrepareForBuild;
                         ResolveSDKReferences;
                         ExpandSDKReferences;
                       ;
                         ResolvePackageDependenciesForBuild;
                         _HandlePackageFileConflicts;
                       ")
                   속성 재할당: $(_GenerateRuntimeConfigurationPropertyInputsCache)=C:\Program Files\dotnet\sdk\7.0.402\Sdks\Microsoft.NET.Sdk\targets\Microsoft.NET.Sdk.targets(44,5)의 "E:\Unity\LH Editor_Refactoring\tools\FurnitureAuthoringTool\src\FurnitureAuthoring.Application\obj\Debug\net7.0-windows\FurnitureAuthoring.Application.genruntimeconfig.cache"(이전 값: "obj\Debug\net7.0-windows\FurnitureAuthoring.Application.genruntimeconfig.cache")
                   속성 재할당: $(GenerateRuntimeConfigDevFile)=C:\Program Files\dotnet\sdk\7.0.402\Sdks\Microsoft.NET.Sdk\targets\Microsoft.NET.Sdk.targets(61,5)의 "false"(이전 값: "true")
                   환경에서 값이 'USERPROFILE'인 속성 'C:\Users\LIMSOWAN'이(가) 확장되었습니다.
                   속성 재할당: $(_DefaultUserProfileRuntimeStorePath)=C:\Program Files\dotnet\sdk\7.0.402\Sdks\Microsoft.NET.Sdk\targets\Microsoft.NET.Sdk.targets(77,5)의 "C:\Users\LIMSOWAN"(이전 값: "")
                   속성 재할당: $(_DefaultUserProfileRuntimeStorePath)=C:\Program Files\dotnet\sdk\7.0.402\Sdks\Microsoft.NET.Sdk\targets\Microsoft.NET.Sdk.targets(78,5)의 "C:\Users\LIMSOWAN\.dotnet\store"(이전 값: "C:\Users\LIMSOWAN")
                   속성 재할당: $(AvailablePlatforms)=C:\Program Files\dotnet\sdk\7.0.402\Sdks\Microsoft.NET.Sdk\targets\Microsoft.NET.Sdk.targets(112,5)의 "Any CPU,x86,x64,ARM32"(이전 값: "Any CPU,x86,x64")
                   속성 재할당: $(AvailablePlatforms)=C:\Program Files\dotnet\sdk\7.0.402\Sdks\Microsoft.NET.Sdk\targets\Microsoft.NET.Sdk.targets(116,5)의 "Any CPU,x86,x64,ARM32,ARM64"(이전 값: "Any CPU,x86,x64,ARM32")
                   속성 재할당: $(CoreBuildDependsOn)=C:\Program Files\dotnet\sdk\7.0.402\Sdks\Microsoft.NET.Sdk\targets\Microsoft.NET.Sdk.targets(134,5)의 "
                         _CheckForBuildWithNoBuild;
                         
                         BuildOnlySettings;
                         PrepareForBuild;
                         PreBuildEvent;
                         ResolveReferences;
                         PrepareResources;
                         ResolveKeySource;
                         Compile;
                         ExportWindowsMDFile;
                         UnmanagedUnregistration;
                         GenerateSerializationAssemblies;
                         CreateSatelliteAssemblies;
                         GenerateManifests;
                         GetTargetPath;
                         PrepareForRun;
                         UnmanagedRegistration;
                         IncrementalClean;
                         PostBuildEvent
                       ;
                         GenerateBuildDependencyFile;
                         GenerateBuildRuntimeConfigurationFiles
                       "(이전 값: "
                         BuildOnlySettings;
                         PrepareForBuild;
                         PreBuildEvent;
                         ResolveReferences;
                         PrepareResources;
                         ResolveKeySource;
                         Compile;
                         ExportWindowsMDFile;
                         UnmanagedUnregistration;
                         GenerateSerializationAssemblies;
                         CreateSatelliteAssemblies;
                         GenerateManifests;
                         GetTargetPath;
                         PrepareForRun;
                         UnmanagedRegistration;
                         IncrementalClean;
                         PostBuildEvent
                       ")
                   속성 재할당: $(CoreCleanDependsOn)=C:\Program Files\dotnet\sdk\7.0.402\Sdks\Microsoft.NET.Sdk\targets\Microsoft.NET.Sdk.targets(143,5)의 "
                         _SdkBeforeClean;
                         
                       "(이전 값: "")
                   속성 재할당: $(RebuildDependsOn)=C:\Program Files\dotnet\sdk\7.0.402\Sdks\Microsoft.NET.Sdk\targets\Microsoft.NET.Sdk.targets(150,5)의 "
                         _SdkBeforeRebuild;
                         
                         BeforeRebuild;
                         Clean;
                         Build;
                         AfterRebuild;
                       
                       "(이전 값: "
                         BeforeRebuild;
                         Clean;
                         Build;
                         AfterRebuild;
                       ")
                   속성 재할당: $(CompileDependsOn)=C:\Program Files\dotnet\sdk\7.0.402\Sdks\Microsoft.NET.Sdk\targets\Microsoft.NET.Sdk.targets(564,5)의 "
                         
                         ResolveReferences;
                         ResolveKeySource;
                         SetWin32ManifestProperties;
                         FindReferenceAssembliesForReferences;
                         _GenerateCompileInputs;
                         BeforeCompile;
                         _TimeStampBeforeCompile;
                         _GenerateCompileDependencyCache;
                         CoreCompile;
                         _TimeStampAfterCompile;
                         AfterCompile;
                       ;
                         _CreateAppHost;
                         _CreateComHost;
                         _GetIjwHostPaths;
                       "(이전 값: "
                         ResolveReferences;
                         ResolveKeySource;
                         SetWin32ManifestProperties;
                         FindReferenceAssembliesForReferences;
                         _GenerateCompileInputs;
                         BeforeCompile;
                         _TimeStampBeforeCompile;
                         _GenerateCompileDependencyCache;
                         CoreCompile;
                         _TimeStampAfterCompile;
                         AfterCompile;
                       ")
                   속성 재할당: $(CreateSatelliteAssembliesDependsOn)=C:\Program Files\dotnet\sdk\7.0.402\Sdks\Microsoft.NET.Sdk\targets\Microsoft.NET.Sdk.targets(950,5)의 "
                         
                         _GenerateSatelliteAssemblyInputs;
                         ComputeIntermediateSatelliteAssemblies;
                         GenerateSatelliteAssemblies
                       ;
                         CoreGenerateSatelliteAssemblies
                       "(이전 값: "
                         _GenerateSatelliteAssemblyInputs;
                         ComputeIntermediateSatelliteAssemblies;
                         GenerateSatelliteAssemblies
                       ")
                   속성 재할당: $(DesignerRuntimeImplementationProjectOutputGroupDependsOn)=C:\Program Files\dotnet\sdk\7.0.402\Sdks\Microsoft.NET.Sdk\targets\Microsoft.NET.DesignerSupport.targets(21,5)의 "
                         
                         ;
                         
                         ;
                         BuildOnlySettings;
                         PrepareForBuild;
                         AssignTargetPaths;
                         ResolveReferences
                       
                       ;
                         _GenerateDesignerDepsFile;
                         _GenerateDesignerRuntimeConfigFile;
                         GetCopyToOutputDirectoryItems;
                         _GatherDesignerShadowCopyFiles;
                       "(이전 값: "
                         ;
                         
                         ;
                         BuildOnlySettings;
                         PrepareForBuild;
                         AssignTargetPaths;
                         ResolveReferences
                       
                       ")
                   속성 재할당: $(_ShimInputCacheFile)=C:\Program Files\dotnet\sdk\7.0.402\Sdks\Microsoft.NET.Sdk\targets\Microsoft.NET.PackTool.targets(115,5)의 "E:\Unity\LH Editor_Refactoring\tools\FurnitureAuthoringTool\src\FurnitureAuthoring.Application\obj\Debug\net7.0-windows\FurnitureAuthoring.Application.shiminput.cache"(이전 값: "obj\Debug\net7.0-windows\FurnitureAuthoring.Application.shiminput.cache")
                   속성 재할당: $(_ShimCreatedSentinelFile)=C:\Program Files\dotnet\sdk\7.0.402\Sdks\Microsoft.NET.Sdk\targets\Microsoft.NET.PackTool.targets(117,5)의 "E:\Unity\LH Editor_Refactoring\tools\FurnitureAuthoringTool\src\FurnitureAuthoring.Application\obj\Debug\net7.0-windows\FurnitureAuthoring.Application.shimcreated.sentinel"(이전 값: "obj\Debug\net7.0-windows\FurnitureAuthoring.Application.shimcreated.sentinel")
                   속성 재할당: $(DefineConstants)=C:\Program Files\dotnet\sdk\7.0.402\Sdks\Microsoft.NET.Sdk\targets\Microsoft.NET.Sdk.CSharp.targets(31,5)의 "TRACE;DEBUG"(이전 값: "TRACE")
                   속성 재할당: $(DefineConstants)=C:\Program Files\dotnet\sdk\7.0.402\Sdks\Microsoft.NET.Sdk\targets\Microsoft.NET.Sdk.CSharp.targets(34,5)의 "TRACE;DEBUG;NET;NET7_0;NETCOREAPP"(이전 값: "TRACE;DEBUG")
                   속성 재할당: $(WarningsAsErrors)=C:\Program Files\dotnet\sdk\7.0.402\Sdks\Microsoft.NET.Sdk\targets\Microsoft.NET.Sdk.CSharp.targets(48,5)의 ";NU1605;SYSLIB0011"(이전 값: ";NU1605")
                   속성 재할당: $(TargetPlatformVersion)=C:\Program Files\dotnet\sdk\7.0.402\Sdks\Microsoft.NET.Sdk\targets\Microsoft.NET.Windows.targets(34,5)의 "7.0"(이전 값: "")
                   속성 재할당: $(SupportedOSPlatformVersion)=C:\Program Files\dotnet\sdk\7.0.402\Sdks\Microsoft.NET.Sdk\targets\Microsoft.NET.Windows.targets(44,5)의 "7.0"(이전 값: "")
                   속성 재할당: $(TargetPlatformMinVersion)=C:\Program Files\dotnet\sdk\7.0.402\Sdks\Microsoft.NET.Sdk\targets\Microsoft.NET.Windows.targets(45,5)의 "7.0"(이전 값: "")
                   속성 재할당: $(TargetPlatformDisplayName)=C:\Program Files\dotnet\sdk\7.0.402\Sdks\Microsoft.NET.Sdk\targets\Microsoft.NET.Sdk.targets(1232,5)의 "Windows 7.0"(이전 값: "Windows ")
                   속성 재할당: $(PackageDescription)=C:\Program Files\dotnet\sdk\7.0.402\Sdks\NuGet.Build.Tasks.Pack\build\NuGet.Build.Tasks.Pack.targets(34,5)의 "Package Description"(이전 값: "")
                   속성 재할당: $(GenerateNuspecDependsOn)=C:\Program Files\dotnet\sdk\7.0.402\Sdks\NuGet.Build.Tasks.Pack\build\NuGet.Build.Tasks.Pack.targets(59,5)의 "Build;_LoadPackInputItems; _GetTargetFrameworksOutput; _WalkEachTargetPerFramework; _GetPackageFiles; "(이전 값: "_LoadPackInputItems; _GetTargetFrameworksOutput; _WalkEachTargetPerFramework; _GetPackageFiles; ")
                   "C:\Program Files\dotnet\sdk-manifests\7.0.100\microsoft.net.workload.mono.toolchain.net6\WorkloadManifest.targets" 프로젝트의 "_CheckBrowserWorkloadNeededButNotAvailable" 대상을 "C:\Program Files\dotnet\sdk-manifests\7.0.100\microsoft.net.workload.mono.toolchain.net7\WorkloadManifest.targets" 프로젝트의 "_CheckBrowserWorkloadNeededButNotAvailable" 대상으로 재정의하고 있습니다.
                   "C:\Program Files\dotnet\sdk-manifests\7.0.100\microsoft.net.workload.mono.toolchain.net6\WorkloadManifest.targets" 프로젝트의 "_ErrorDisabledWorkload" 대상을 "C:\Program Files\dotnet\sdk-manifests\7.0.100\microsoft.net.workload.mono.toolchain.net7\WorkloadManifest.targets" 프로젝트의 "_ErrorDisabledWorkload" 대상으로 재정의하고 있습니다.
                   "C:\Program Files\dotnet\sdk\7.0.402\Microsoft.Common.CurrentVersion.targets" 프로젝트의 "ResolveFrameworkReferences" 대상을 "C:\Program Files\dotnet\sdk\7.0.402\Sdks\Microsoft.NET.Sdk\targets\Microsoft.NET.Sdk.FrameworkReferenceResolution.targets" 프로젝트의 "ResolveFrameworkReferences" 대상으로 재정의하고 있습니다.
                   "C:\Program Files\dotnet\sdk\7.0.402\Microsoft.Common.CurrentVersion.targets" 프로젝트의 "Run" 대상을 "C:\Program Files\dotnet\sdk\7.0.402\Sdks\Microsoft.NET.Sdk\targets\Microsoft.NET.Sdk.targets" 프로젝트의 "Run" 대상으로 재정의하고 있습니다.
                   "C:\Program Files\dotnet\sdk\7.0.402\Microsoft.Common.CurrentVersion.targets" 프로젝트의 "GenerateSupportedTargetFrameworkAlias" 대상을 "C:\Program Files\dotnet\sdk\7.0.402\Sdks\Microsoft.NET.Sdk\targets\Microsoft.NET.Sdk.targets" 프로젝트의 "GenerateSupportedTargetFrameworkAlias" 대상으로 재정의하고 있습니다.
                   "C:\Program Files\dotnet\sdk\7.0.402\Microsoft.Common.CurrentVersion.targets" 프로젝트의 "GetReferenceAssemblyPaths" 대상을 "C:\Program Files\dotnet\sdk\7.0.402\Sdks\Microsoft.NET.Sdk\targets\Microsoft.NET.DisableStandardFrameworkResolution.targets" 프로젝트의 "GetReferenceAssemblyPaths" 대상으로 재정의하고 있습니다.
                   "C:\Program Files\dotnet\sdk\7.0.402\Microsoft.Common.CurrentVersion.targets" 프로젝트의 "GetFrameworkPaths" 대상을 "C:\Program Files\dotnet\sdk\7.0.402\Sdks\Microsoft.NET.Sdk\targets\Microsoft.NET.DisableStandardFrameworkResolution.targets" 프로젝트의 "GetFrameworkPaths" 대상으로 재정의하고 있습니다.
                   "C:\Program Files\dotnet\sdk\7.0.402\Microsoft.Common.CurrentVersion.targets" 프로젝트의 "DesignerRuntimeImplementationProjectOutputGroup" 대상을 "C:\Program Files\dotnet\sdk\7.0.402\Sdks\Microsoft.NET.Sdk\targets\Microsoft.NET.DesignerSupport.targets" 프로젝트의 "DesignerRuntimeImplementationProjectOutputGroup" 대상으로 재정의하고 있습니다.
                   "C:\Program Files\dotnet\sdk\7.0.402\Microsoft.Common.CurrentVersion.targets" 프로젝트의 "Publish" 대상을 "C:\Program Files\dotnet\sdk\7.0.402\Sdks\Microsoft.NET.Sdk\targets\Microsoft.NET.Publish.targets" 프로젝트의 "Publish" 대상으로 재정의하고 있습니다.
                   "C:\Program Files\dotnet\sdk\7.0.402\Sdks\Microsoft.NET.Sdk\targets\Microsoft.NET.CrossGen.targets" 프로젝트의 "ResolveReadyToRunCompilers" 대상을 "C:\Program Files\dotnet\sdk\7.0.402\Sdks\Microsoft.NET.Sdk\targets\Microsoft.NET.Publish.targets" 프로젝트의 "ResolveReadyToRunCompilers" 대상으로 재정의하고 있습니다.
                   "C:\Program Files\dotnet\sdk\7.0.402\Microsoft.Common.CurrentVersion.targets" 프로젝트의 "GetCopyToPublishDirectoryItems" 대상을 "C:\Program Files\dotnet\sdk\7.0.402\Sdks\Microsoft.NET.Sdk\targets\Microsoft.NET.Publish.targets" 프로젝트의 "GetCopyToPublishDirectoryItems" 대상으로 재정의하고 있습니다.
16:19:02.906     0>초기 속성:
                   __DisableWorkloadResolverSentinelPath = C:\Program Files\dotnet\sdk\7.0.402\DisableWorkloadResolver.sentinel
                   __WindowsAppSdkDefaultImageIncludes = **/*.png;**/*.bmp;**/*.jpg;**/*.dds;**/*.tif;**/*.tga;**/*.gif
                   _BeforePublishNoBuildTargets = 
                         BuildOnlySettings;
                         _PreventProjectReferencesFromBuilding;
                         ResolveReferences;
                         PrepareResourceNames;
                         ComputeIntermediateSatelliteAssemblies;
                         ComputeEmbeddedApphostPaths;
                       
                   _BrowserWorkloadDisabled7 = 
                   _CorePublishTargets = 
                         PrepareForPublish;
                         ComputeAndCopyFilesToPublishDirectory;
                         ;
                         PublishItemsOutputGroup;
                       
                   _DebugSymbolsProduced = true
                   _DefaultUserProfileRuntimeStorePath = C:\Users\LIMSOWAN\.dotnet\store
                   _DeploymentApplicationManifestIdentity = Native.FurnitureAuthoring.Application
                   _DeploymentBuiltUpdateInterval = 0
                   _DeploymentBuiltUpdateIntervalUnits = Days
                   _DeploymentDeployManifestIdentity = FurnitureAuthoring.Application.application
                   _DeploymentFileMappingExtension = 
                   _DeploymentLauncherBased = true
                   _DeploymentTargetApplicationManifestFileName = Native.FurnitureAuthoring.Application.manifest
                   _DeploymentUrl = 
                   _DesignerDepsFileName = FurnitureAuthoring.Application.designer.deps.json
                   _DesignerDepsFilePath = obj\Debug\net7.0-windows\FurnitureAuthoring.Application.designer.deps.json
                   _DesignerRuntimeConfigFileName = FurnitureAuthoring.Application.designer.runtimeconfig.json
                   _DesignerRuntimeConfigFilePath = obj\Debug\net7.0-windows\FurnitureAuthoring.Application.designer.runtimeconfig.json
                   _DirectoryBuildPropsBasePath = 
                   _DirectoryBuildPropsFile = Directory.Build.props
                   _DirectoryBuildTargetsBasePath = 
                   _DirectoryBuildTargetsFile = Directory.Build.targets
                   _DirectoryPackagesPropsBasePath = 
                   _DirectoryPackagesPropsFile = Directory.Packages.props
                   _DocumentationFileProduced = false
                   _DotNetAppHostExecutableName = apphost
                   _DotNetAppHostExecutableNameWithoutExtension = apphost
                   _DotNetComHostLibraryName = comhost
                   _DotNetComHostLibraryNameWithoutExtension = comhost
                   _DotNetHostExecutableName = dotnet
                   _DotNetHostFxrLibraryName = libhostfxr.so
                   _DotNetHostPolicyLibraryName = libhostpolicy.so
                   _DotNetIjwHostLibraryName = Ijwhost
                   _DotNetIjwHostLibraryNameWithoutExtension = Ijwhost
                   _DotNetSingleFileHostExecutableNameWithoutExtension = singlefilehost
                   _EnableDefaultWindowsPlatform = false
                   _FrameworkIdentifierForImplicitDefine = NET
                   _FrameworkVersionForImplicitDefine = 7_0
                   _GenerateBindingRedirectsIntermediateAppConfig = obj\Debug\net7.0-windows\FurnitureAuthoring.Application.dll.config
                   _GenerateRestoreGraphProjectEntryInputProperties = ExcludeRestorePackageImports=true
                   _GenerateRuntimeConfigurationPropertyInputsCache = E:\Unity\LH Editor_Refactoring\tools\FurnitureAuthoringTool\src\FurnitureAuthoring.Application\obj\Debug\net7.0-windows\FurnitureAuthoring.Application.genruntimeconfig.cache
                   _GenerateSupportedRuntimeIntermediateAppConfig = obj\Debug\net7.0-windows\FurnitureAuthoring.Application.dll.withSupportedRuntime.config
                   _GetChildProjectCopyToOutputDirectoryItems = true
                   _GetChildProjectCopyToPublishDirectoryItems = true
                   _InitialBaseIntermediateOutputPath = obj\
                   _InitialMSBuildProjectExtensionsPath = E:\Unity\LH Editor_Refactoring\tools\FurnitureAuthoringTool\src\FurnitureAuthoring.Application\obj\
                   _IsNETCoreOrNETStandard = true
                   _LatestAnalysisLevel = 7.0
                   _LinkSemaphore = obj\Debug\net7.0-windows\linked\Link.semaphore
                   _MaxSupportedLangVersion = 11.0
                   _NativeLibraryExtension = .so
                   _NativeLibraryPrefix = lib
                   _NETAnalyzersSDKAssemblyVersion = 7.0.4
                   _NETCoreSdkIsPreview = false
                   _NetFrameworkHostedCompilersVersion = 4.7.0-3.23416.9
                   _NoneAnalysisLevel = 4.0
                   _NugetFallbackFolder = C:\Program Files\dotnet\sdk\7.0.402\Sdks\Microsoft.NET.Sdk\targets\..\..\..\..\NuGetFallbackFolder
                   _NugetTargetMonikerAndRID = .NETCoreApp,Version=v7.0
                   _OriginalConfiguration = Debug
                   _OriginalPlatform = AnyCPU
                   _PackToolPublishDependency = _PublishBuildAlternative
                   _PlatformWithoutConfigurationInference = AnyCPU
                   _PreviewAnalysisLevel = 8.0
                   _ProjectDefaultTargets = Build
                   _PublishNoBuildAlternativeDependsOn = 
                         BuildOnlySettings;
                         _PreventProjectReferencesFromBuilding;
                         ResolveReferences;
                         PrepareResourceNames;
                         ComputeIntermediateSatelliteAssemblies;
                         ComputeEmbeddedApphostPaths;
                       ;
                         PrepareForPublish;
                         ComputeAndCopyFilesToPublishDirectory;
                         ;
                         PublishItemsOutputGroup;
                       
                   _PublishProfileDesignerFolder = Properties
                   _PublishProfileRootFolder = E:\Unity\LH Editor_Refactoring\tools\FurnitureAuthoringTool\src\FurnitureAuthoring.Application\Properties\PublishProfiles\
                   _RecursiveTargetForContentCopying = GetCopyToOutputDirectoryItems
                   _ResolveReferenceDependencies = false
                   _RuntimePackInWorkloadVersion6 = 6.0.23
                   _RuntimePackInWorkloadVersion7 = 7.0.12
                   _SGenDllCreated = false
                   _SGenDllName = FurnitureAuthoring.Application.XmlSerializers.dll
                   _SGenGenerateSerializationAssembliesConfig = Off
                   _ShimCreatedSentinelFile = E:\Unity\LH Editor_Refactoring\tools\FurnitureAuthoringTool\src\FurnitureAuthoring.Application\obj\Debug\net7.0-windows\FurnitureAuthoring.Application.shimcreated.sentinel
                   _ShimInputCacheFile = E:\Unity\LH Editor_Refactoring\tools\FurnitureAuthoringTool\src\FurnitureAuthoring.Application\obj\Debug\net7.0-windows\FurnitureAuthoring.Application.shiminput.cache
                   _SupportedPlatformList = @(SupportedPlatform, ',')
                   _TargetFrameworkDirectories = 
                   _TargetFrameworkVersionValue = 0.0
                   _TargetFrameworkVersionWithoutV = 7.0
                   _TargetLatestRuntimePatchIsDefault = true
                   _TargetsThatPrepareProjectReferences = 
                         AssignProjectConfiguration;
                         _SplitProjectReferencesByFileExistence
                       
                   _ToolsSettingsFilePath = obj\DotnetToolSettings.xml
                   _UseAttributeForTargetFrameworkInfoPropertyNames = true
                   _UsingDefaultForHasRuntimeOutput = true
                   _UsingDefaultPlatformTarget = true
                   _WindowsDesktopSdkTargetFrameworkVersionFloor = 3.0
                   _WorkloadLibraryPacksFolder = C:\Program Files\dotnet\library-packs
                   AddAdditionalExplicitAssemblyReferences = false
                   AllowedOutputExtensionsInPackageBuildOutputFolder = .dll; .exe; .winmd; .json; .pri; .xml ;
                   AllowedOutputExtensionsInSymbolsPackageBuildOutputFolder = .pdb; .mdb; .dll; .exe; .winmd; .json; .pri; .xml ;; 
                   AllowedReferenceAssemblyFileExtensions = 
                         .winmd;
                         .dll;
                         .exe
                       
                   AllowedReferenceRelatedFileExtensions = 
                         .pdb;
                         .xml;
                         .pri;
                         .dll.config;
                         .exe.config
                       
                   AllowUnsafeBlocks = false
                   AlwaysIncludeCoreFrameworkInRuntimeConfig = true
                   AlwaysUseNumericalSuffixInItemNames = true
                   AnalysisLevel = latest
                   AotRuntimePackageLoadedViaSDK = true
                   ApiCompatValidatePackageSemaphoreFile = obj\Debug\net7.0-windows\Microsoft.NET.ApiCompat.ValidatePackage.semaphore
                   AppDesignerFolder = Properties
                   AppendRuntimeIdentifierToOutputPath = true
                   AppendTargetFrameworkToOutputPath = true
                   AssemblyFoldersConfigFile = C:\Program Files\dotnet\sdk\7.0.402\AssemblyFolders.config
                   AssemblyFoldersSuffix = AssemblyFoldersEx
                   AssemblyName = FurnitureAuthoring.Application
                   AssemblySearchPaths = {CandidateAssemblyFiles};{HintPathFromItem};{TargetFrameworkDirectory};{RawFileName}
                   AssemblyTitle = FurnitureAuthoring.Application
                   AssetTargetFallback = ;net461;net462;net47;net471;net472;net48;net481
                   AssignTargetPathsDependsOn = 
                   Authors = FurnitureAuthoring.Application
                   AutomaticallyUseReferenceAssemblyPackages = true
                   AutoUnifyAssemblyReferences = true
                   AvailablePlatforms = Any CPU,x86,x64,ARM32,ARM64
                   BackwardsCompatFrameworkDefine = NETCOREAPP
                   BaseIntermediateOutputPath = obj\
                   BaseOutputPath = bin\
                   BaseOutputPathWasSpecified = true
                   BuildCompileAction = Build
                   BuildDependsOn = 
                         BeforeBuild;
                         CoreBuild;
                         AfterBuild
                       
                   BuildGenerateSourcesAction = Build
                   BuildingProject = false
                   BuildInParallel = true
                   BuildLinkAction = Build
                   BuildOutputTargetFolder = lib
                   BuildProjectReferences = true
                   BuiltProjectOutputGroupDependenciesDependsOn = 
                         ;
                         
                         ;
                         BuildOnlySettings;
                         PrepareForBuild;
                         AssignTargetPaths;
                         ResolveReferences
                       
                       
                   BuiltProjectOutputGroupDependsOn = PrepareForBuild
                   BundledNETCoreAppPackageVersion = 7.0.12
                   BundledNETCoreAppTargetFrameworkVersion = 7.0
                   BundledNETCorePlatformsPackageVersion = 7.0.4
                   BundledNETStandardPackageVersion = 2.1.0
                   BundledNETStandardTargetFrameworkVersion = 2.1
                   BundledRuntimeIdentifierGraphFile = C:\Program Files\dotnet\sdk\7.0.402\RuntimeIdentifierGraph.json
                   CheckEolTargetFramework = true
                   CheckEolWorkloads = true
                   CheckForOverflowUnderflow = false
                   CleanDependsOn = 
                         BeforeClean;
                         UnmanagedUnregistration;
                         CoreClean;
                         CleanReferencedProjects;
                         CleanPublishFolder;
                         AfterClean
                       
                   CleanFile = FurnitureAuthoring.Application.csproj.FileListAbsolute.txt
                   ClickOncePublishDir = bin\Debug\net7.0-windows\publish\
                   CodeAnalysisRuleIds = CA1000;CA1001;CA1002;CA1003;CA1005;CA1008;CA1010;CA1012;CA1014;CA1016;CA1017;CA1018;CA1019;CA1021;CA1024;CA1027;CA1028;CA1030;CA1031;CA1032;CA1033;CA1034;CA1036;CA1040;CA1041;CA1043;CA1044;CA1045;CA1046;CA1047;CA1050;CA1051;CA1052;CA1054;CA1055;CA1056;CA1058;CA1060;CA1061;CA1062;CA1063;CA1064;CA1065;CA1066;CA1067;CA1068;CA1069;CA1070;CA1200;CA1303;CA1304;CA1305;CA1307;CA1308;CA1309;CA1310;CA1311;CA1401;CA1416;CA1417;CA1418;CA1419;CA1420;CA1421;CA1422;CA1501;CA1502;CA1505;CA1506;CA1507;CA1508;CA1509;CA1700;CA1707;CA1708;CA1710;CA1711;CA1712;CA1713;CA1715;CA1716;CA1720;CA1721;CA1724;CA1725;CA1727;CA1802;CA1805;CA1806;CA1810;CA1812;CA1813;CA1814;CA1815;CA1816;CA1819;CA1820;CA1821;CA1822;CA1823;CA1824;CA1825;CA1826;CA1827;CA1828;CA1829;CA1830;CA1831;CA1832;CA1833;CA1834;CA1835;CA1836;CA1837;CA1838;CA1839;CA1840;CA1841;CA1842;CA1843;CA1844;CA1845;CA1846;CA1847;CA1848;CA1849;CA1850;CA1851;CA1852;CA1853;CA1854;CA1855;CA2000;CA2002;CA2007;CA2008;CA2009;CA2011;CA2012;CA2013;CA2014;CA2015;CA2016;CA2017;CA2018;CA2019;CA2020;CA2100;CA2101;CA2109;CA2119;CA2153;CA2200;CA2201;CA2207;CA2208;CA2211;CA2213;CA2214;CA2215;CA2216;CA2217;CA2218;CA2219;CA2224;CA2225;CA2226;CA2227;CA2229;CA2231;CA2234;CA2235;CA2237;CA2241;CA2242;CA2243;CA2244;CA2245;CA2246;CA2247;CA2248;CA2249;CA2250;CA2251;CA2252;CA2253;CA2254;CA2255;CA2256;CA2257;CA2258;CA2259;CA2260;CA2300;CA2301;CA2302;CA2305;CA2310;CA2311;CA2312;CA2315;CA2321;CA2322;CA2326;CA2327;CA2328;CA2329;CA2330;CA2350;CA2351;CA2352;CA2353;CA2354;CA2355;CA2356;CA2361;CA2362;CA3001;CA3002;CA3003;CA3004;CA3005;CA3006;CA3007;CA3008;CA3009;CA3010;CA3011;CA3012;CA3061;CA3075;CA3076;CA3077;CA3147;CA5350;CA5351;CA5358;CA5359;CA5360;CA5361;CA5362;CA5363;CA5364;CA5365;CA5366;CA5367;CA5368;CA5369;CA5370;CA5371;CA5372;CA5373;CA5374;CA5375;CA5376;CA5377;CA5378;CA5379;CA5380;CA5381;CA5382;CA5383;CA5384;CA5385;CA5386;CA5387;CA5388;CA5389;CA5390;CA5391;CA5392;CA5393;CA5394;CA5395;CA5396;CA5397;CA5398;CA5399;CA5400;CA5401;CA5402;CA5403;CA5404;CA5405
                   CodeAnalysisTargets = C:\Program Files\dotnet\sdk\7.0.402\Microsoft\VisualStudio\v17.0\CodeAnalysis\Microsoft.CodeAnalysis.targets
                   CommandLineArgsForDesignTimeEvaluation = -langversion:11.0 -define:TRACE
                   CommonOutputGroupsDependsOn = 
                         ;
                         BuildOnlySettings;
                         PrepareForBuild;
                         AssignTargetPaths;
                         ResolveReferences
                       
                   CommonTargetsPath = C:\Program Files\dotnet\sdk\7.0.402\Microsoft.Common.CurrentVersion.targets
                   CommonXamlResourcesDirectory = C:\Program Files\dotnet\sdk\7.0.402\\
                   Company = FurnitureAuthoring.Application
                   CompileDependsOn = 
                         
                         ResolveReferences;
                         ResolveKeySource;
                         SetWin32ManifestProperties;
                         FindReferenceAssembliesForReferences;
                         _GenerateCompileInputs;
                         BeforeCompile;
                         _TimeStampBeforeCompile;
                         _GenerateCompileDependencyCache;
                         CoreCompile;
                         _TimeStampAfterCompile;
                         AfterCompile;
                       ;
                         _CreateAppHost;
                         _CreateComHost;
                         _GetIjwHostPaths;
                       
                   CompileLicxFilesDependsOn = 
                   CompilerApiVersion = roslyn4.7
                   CompilerGeneratedFilesOutputPath = 
                   ComputeIntermediateSatelliteAssembliesDependsOn = 
                         CreateManifestResourceNames
                       
                   ComputeNETCoreBuildOutputFiles = true
                   ComReferenceExecuteAsTool = false
                   ComReferenceNoClassMembers = false
                   Configuration = Debug
                   ConfigurationName = Debug
                   Configurations = Debug;Release
                   ConsiderPlatformAsProcessorArchitecture = true
                   ContentFilesProjectOutputGroupDependsOn = PrepareForBuild;AssignTargetPaths
                   ContentPreprocessorOutputDirectory = obj\Debug\net7.0-windows\NuGet\
                   ContentTargetFolders = content;contentFiles
                   ContinueOnError = false
                   CopyBuildOutputToPublishDirectory = true
                   CopyConflictingTransitiveContent = false
                   CopyLocalLockFileAssemblies = false
                   CopyOutputSymbolsToPublishDirectory = true
                   CoreBuildDependsOn = 
                         _CheckForBuildWithNoBuild;
                         
                         BuildOnlySettings;
                         PrepareForBuild;
                         PreBuildEvent;
                         ResolveReferences;
                         PrepareResources;
                         ResolveKeySource;
                         Compile;
                         ExportWindowsMDFile;
                         UnmanagedUnregistration;
                         GenerateSerializationAssemblies;
                         CreateSatelliteAssemblies;
                         GenerateManifests;
                         GetTargetPath;
                         PrepareForRun;
                         UnmanagedRegistration;
                         IncrementalClean;
                         PostBuildEvent
                       ;
                         GenerateBuildDependencyFile;
                         GenerateBuildRuntimeConfigurationFiles
                       
                   CoreCleanDependsOn = 
                         _SdkBeforeClean;
                         
                       
                   CoreCompileDependsOn = ;_ComputeNonExistentFileProperty;ResolveCodeAnalysisRuleSet
                   CoreResGenDependsOn = FindReferenceAssembliesForReferences
                   CreateCustomManifestResourceNamesDependsOn = 
                   CreateHardLinksForCopyAdditionalFilesIfPossible = false
                   CreateManifestResourceNamesDependsOn = 
                   CreateSatelliteAssembliesDependsOn = 
                         
                         _GenerateSatelliteAssemblyInputs;
                         ComputeIntermediateSatelliteAssemblies;
                         GenerateSatelliteAssemblies
                       ;
                         CoreGenerateSatelliteAssemblies
                       
                   CreateSymbolicLinksForCopyAdditionalFilesIfPossible = false
                   CSharpCoreTargetsPath = C:\Program Files\dotnet\sdk\7.0.402\Roslyn\Microsoft.CSharp.Core.targets
                   CSharpDesignTimeTargetsPath = C:\Program Files\dotnet\sdk\7.0.402\\Microsoft\VisualStudio\Managed\Microsoft.CSharp.DesignTime.targets
                   CSharpTargetsPath = C:\Program Files\dotnet\sdk\7.0.402\Microsoft.CSharp.CurrentVersion.targets
                   CustomAfterMicrosoftCommonProps = C:\Program Files\dotnet\sdk\7.0.402\\vCurrent\Custom.After.Microsoft.Common.props
                   CustomAfterMicrosoftCommonTargets = C:\Program Files\dotnet\sdk\7.0.402\\vCurrent\Custom.After.Microsoft.Common.targets
                   CustomAfterMicrosoftCSharpTargets = C:\Program Files\dotnet\sdk\7.0.402\\vCurrent\Custom.After.Microsoft.CSharp.targets
                   CustomBeforeMicrosoftCommonProps = C:\Program Files\dotnet\sdk\7.0.402\\vCurrent\Custom.Before.Microsoft.Common.props
                   CustomBeforeMicrosoftCommonTargets = C:\Program Files\dotnet\sdk\7.0.402\\vCurrent\Custom.Before.Microsoft.Common.targets
                   CustomBeforeMicrosoftCSharpTargets = C:\Program Files\dotnet\sdk\7.0.402\\vCurrent\Custom.Before.Microsoft.CSharp.targets
                   DebugSymbols = true
                   DebugSymbolsProjectOutputGroupDependenciesDependsOn = 
                         ;
                         
                         ;
                         BuildOnlySettings;
                         PrepareForBuild;
                         AssignTargetPaths;
                         ResolveReferences
                       
                       
                   DebugSymbolsProjectOutputGroupDependsOn = 
                   DebugType = portable
                   DefaultAllowedOutputExtensionsInPackageBuildOutputFolder = .dll; .exe; .winmd; .json; .pri; .xml
                   DefaultCopyToPublishDirectoryMetadata = true
                   DefaultExcludesInProjectFolder = ;;**/.*/**
                   DefaultImplicitPackages = Microsoft.NETCore.App;NETStandard.Library
                   DefaultItemExcludes = ;bin\Debug\/**;obj\Debug\/**;bin\/**;obj\/**;**/*.user;**/*.*proj;**/*.sln;**/*.vssscc
                   DefaultLanguageSourceExtension = .cs
                   DefaultProjectTypeGuid = {FAE04EC0-301F-11D3-BF4B-00C04F79EFBC}
                   DefineCommonCapabilities = true
                   DefineCommonItemSchemas = true
                   DefineCommonReferenceSchemas = true
                   DefineConstants = TRACE;DEBUG;NET;NET7_0;NETCOREAPP
                   DelaySign = 
                   DeploymentComputeClickOnceManifestInfoDependsOn = 
                         CleanPublishFolder;
                         _DeploymentGenerateTrustInfo
                         
                       
                   DesignerRuntimeImplementationProjectOutputGroupDependsOn = 
                         
                         ;
                         
                         ;
                         BuildOnlySettings;
                         PrepareForBuild;
                         AssignTargetPaths;
                         ResolveReferences
                       
                       ;
                         _GenerateDesignerDepsFile;
                         _GenerateDesignerRuntimeConfigFile;
                         GetCopyToOutputDirectoryItems;
                         _GatherDesignerShadowCopyFiles;
                       
                   DesignTimeAssemblySearchPaths = {CandidateAssemblyFiles};{HintPathFromItem};{TargetFrameworkDirectory};{RawFileName}
                   DesignTimeAutoUnify = true
                   DesignTimeResolveAssemblyReferencesDependsOn = 
                         GetFrameworkPaths;
                         GetReferenceAssemblyPaths;
                         ResolveReferences
                       
                   Deterministic = true
                   DevEnvDir = *Undefined*
                   DisableHandlePackageFileConflicts = true
                   DisableLogTaskParameter_ConvertToAbsolutePath_Path = true
                   DisableLogTaskParameter_FindUnderPath_OutOfPath = true
                   DisableLogTaskParameter_RemoveDuplicates_Inputs = true
                   DisableLogTaskParameterItemMetadata_ConvertToAbsolutePath_AbsolutePaths = true
                   DisableLogTaskParameterItemMetadata_Copy_CopiedFiles = true
                   DisableLogTaskParameterItemMetadata_Copy_DestinationFiles = true
                   DisableLogTaskParameterItemMetadata_Copy_SourceFiles = true
                   DisableLogTaskParameterItemMetadata_FindUnderPath_Files = true
                   DisableLogTaskParameterItemMetadata_FindUnderPath_InPath = true
                   DisableLogTaskParameterItemMetadata_GenerateResource_FilesWritten = true
                   DisableLogTaskParameterItemMetadata_Hash_ItemsToHash = true
                   DisableLogTaskParameterItemMetadata_RemoveDuplicates_Filtered = true
                   DisableLogTaskParameterItemMetadata_WriteLinesToFile_Lines = true
                   DisableStandardFrameworkResolution = true
                   DocumentationFile = 
                   DocumentationProjectOutputGroupDependenciesDependsOn = 
                         ;
                         
                         ;
                         BuildOnlySettings;
                         PrepareForBuild;
                         AssignTargetPaths;
                         ResolveReferences
                       
                       
                   DocumentationProjectOutputGroupDependsOn = 
                   DOTNET_CLI_TELEMETRY_SESSIONID = 822af62e-9fd6-4b33-8f38-b249d3d8e132
                   DOTNET_HOST_PATH = C:\Program Files\dotnet\dotnet.exe
                   DotNetApiCompatTaskAssembly = C:\Program Files\dotnet\sdk\7.0.402\Sdks\Microsoft.NET.Sdk\targets\..\tools\net7.0\Microsoft.DotNet.ApiCompat.Task.dll
                   DotnetCliToolTargetFramework = netcoreapp2.2
                   EffectiveAnalysisLevel = 7.0
                   EmbeddedResourceUseDependentUponConvention = true
                   EmbeddedWin32Manifest = 
                   EmitAssetsLogMessages = true
                   EmitCompilerGeneratedFiles = false
                   EmitLegacyAssetsFileItems = false
                   EnableDefaultCompileItems = true
                   EnableDefaultEmbeddedResourceItems = true
                   EnableDefaultItems = true
                   EnableDefaultNoneItems = true
                   EnableFrameworkPathOverride = false
                   EnableNETAnalyzers = true
                   EnableWebSdkImplicitPackageVersions = false
                   EnforceCodeStyleInBuild = false
                   ErrorReport = prompt
                   ExcludeRestorePackageImports = true
                   ExpandSDKAllowedReferenceExtensions = 
                         .winmd;
                         .dll
                       
                   ExpandSDKReferencesDependsOn = 
                         ResolveSDKReferences
                       
                   FileAlignment = 512
                   FindInvalidProjectReferencesDependsOn = 
                         GetReferenceTargetPlatformMonikers
                       
                   Framework20Dir = @(_TargetFramework20DirectoryItem)
                   Framework30Dir = @(_TargetFramework30DirectoryItem)
                   Framework35Dir = @(_TargetFramework35DirectoryItem)
                   Framework40Dir = @(_TargetFramework40DirectoryItem)
                   FrameworkDir = @(_TargetFramework40DirectoryItem)
                   FrameworkPathOverride = 
                   FrameworkRegistryBase = Software\Microsoft\.NETCoreApp
                   FrameworkSDKDir = @(_TargetFrameworkSDKDirectoryItem)
                   FullReferenceAssemblyNames = Full
                   GenerateAssemblyCompanyAttribute = true
                   GenerateAssemblyConfigurationAttribute = true
                   GenerateAssemblyCopyrightAttribute = true
                   GenerateAssemblyDescriptionAttribute = true
                   GenerateAssemblyFileVersionAttribute = true
                   GenerateAssemblyInfo = true
                   GenerateAssemblyInformationalVersionAttribute = true
                   GenerateAssemblyMetadataAttributes = true
                   GenerateAssemblyProductAttribute = true
                   GenerateAssemblyTitleAttribute = true
                   GenerateAssemblyVersionAttribute = true
                   GeneratedAssemblyInfoFile = obj\Debug\net7.0-windows\FurnitureAuthoring.Application.AssemblyInfo.cs
                   GenerateDependencyFile = true
                   GeneratedGlobalUsingsFile = obj\Debug\net7.0-windows\FurnitureAuthoring.Application.GlobalUsings.g.cs
                   GenerateDocumentationFile = false
                   GenerateFullPaths = true
                   GenerateInternalsVisibleToAttributes = true
                   GenerateManifestsDependsOn = 
                         SetWin32ManifestProperties;
                         GenerateApplicationManifest;
                         GenerateDeploymentManifest
                       
                   GenerateNeutralResourcesLanguageAttribute = true
                   GenerateNuspecDependsOn = Build;_LoadPackInputItems; _GetTargetFrameworksOutput; _WalkEachTargetPerFramework; _GetPackageFiles; 
                   GeneratePackageOnBuild = false
                   GenerateRepositoryUrlAttribute = true
                   GenerateRequiresPreviewFeaturesAttribute = true
                   GenerateResourceMSBuildArchitecture = CurrentArchitecture
                   GenerateResourceMSBuildRuntime = CurrentRuntime
                   GenerateResourceUsePreserializedResources = true
                   GenerateRuntimeConfigDevFile = false
                   GenerateSatelliteAssembliesForCore = true
                   GenerateTargetFrameworkAttribute = true
                   GetCopyToOutputDirectoryItemsDependsOn = 
                         AssignTargetPaths;
                         
                         AssignProjectConfiguration;
                         _SplitProjectReferencesByFileExistence
                       ;
                         _GetProjectReferenceTargetFrameworkProperties;
                         _PopulateCommonStateForGetCopyToOutputDirectoryItems
                       
                   GetFrameworkPathsDependsOn = 
                   GetReferenceNearestTargetFrameworkTaskSupportsTargetPlatformParameter = true
                   GetTargetPathDependsOn = 
                   GetTargetPathWithTargetPlatformMonikerDependsOn = 
                   HasRuntimeOutput = 
                   HideWarningsAndErrors = false
                   HighEntropyVA = true
                   ILCompilerTargetsPath = C:\Program Files\dotnet\sdk\7.0.402\Sdks\Microsoft.DotNet.ILCompiler\build\Microsoft.DotNet.ILCompiler.SingleEntry.targets
                   ILLinkTargetsPath = C:\Program Files\dotnet\sdk\7.0.402\Sdks\Microsoft.NET.ILLink.Tasks\build\Microsoft.NET.ILLink.targets
                   ILLinkTasksAssembly = C:\Program Files\dotnet\sdk\7.0.402\Sdks\Microsoft.NET.ILLink.Tasks\build\..\tools\net7.0\ILLink.Tasks.dll
                   ImplicitConfigurationDefine = DEBUG
                   ImplicitFrameworkDefine = NET7_0
                   ImplicitUsings = enable
                   ImportByWildcardAfterMicrosoftCommonProps = true
                   ImportByWildcardAfterMicrosoftCommonTargets = true
                   ImportByWildcardAfterMicrosoftCSharpTargets = true
                   ImportByWildcardBeforeMicrosoftCommonProps = true
                   ImportByWildcardBeforeMicrosoftCommonTargets = true
                   ImportByWildcardBeforeMicrosoftCSharpTargets = true
                   ImportDirectoryBuildProps = true
                   ImportDirectoryBuildTargets = true
                   ImportDirectoryPackagesProps = true
                   ImportFrameworkWinFXTargets = false
                   ImportNuGetBuildTasksPackTargetsFromSdk = true
                   ImportProjectExtensionProps = true
                   ImportProjectExtensionTargets = true
                   ImportUserLocationsByWildcardAfterMicrosoftCommonProps = true
                   ImportUserLocationsByWildcardAfterMicrosoftCommonTargets = true
                   ImportUserLocationsByWildcardAfterMicrosoftCSharpTargets = true
                   ImportUserLocationsByWildcardBeforeMicrosoftCommonProps = true
                   ImportUserLocationsByWildcardBeforeMicrosoftCommonTargets = true
                   ImportUserLocationsByWildcardBeforeMicrosoftCSharpTargets = true
                   IncludeBuildOutput = true
                   IncludeContentInPack = true
                   IncludeFileVersionsInDependencyFile = true
                   IncludeMainProjectInDepsFile = true
                   IncludeProjectsNotInAssetsFileInDepsFile = true
                   IncludeSourceRevisionInInformationalVersion = true
                   IncludeSymbolsInSingleFile = false
                   InnerBuildProperty = TargetFramework
                   InnerBuildPropertyValues = TargetFrameworks
                   IntermediateLinkDir = obj\Debug\net7.0-windows\linked\
                   IntermediateOutputPath = obj\Debug\net7.0-windows\
                   IsNetCoreAppTargetingLatestTFM = true
                   IsPackable = true
                   IsPublishable = true
                   IsRestoreTargetsFileLoaded = true
                   IsRidAgnostic = true
                   Language = C#
                   LanguageTargets = C:\Program Files\dotnet\sdk\7.0.402\Microsoft.CSharp.targets
                   LangVersion = 11.0
                   MarkPackageReferencesAsExternallyResolved = true
                   MaxSupportedLangVersion = 11.0
                   MaxTargetPath = 100
                   MicrosoftCommonPropsHasBeenImported = true
                   MicrosoftNETBuildExtensionsTargets = C:\Program Files\dotnet\sdk\7.0.402\\Microsoft\Microsoft.NET.Build.Extensions\Microsoft.NET.Build.Extensions.targets
                   MicrosoftNETBuildExtensionsTasksAssembly = C:\Program Files\dotnet\sdk\7.0.402\Microsoft\Microsoft.NET.Build.Extensions\\tools\net7.0\Microsoft.NET.Build.Extensions.Tasks.dll
                   MicrosoftNETBuildTasksAssembly = C:\Program Files\dotnet\sdk\7.0.402\Sdks\Microsoft.NET.Sdk\targets\..\tools\net7.0\Microsoft.NET.Build.Tasks.dll
                   MicrosoftNETBuildTasksDirectory = C:\Program Files\dotnet\sdk\7.0.402\Sdks\Microsoft.NET.Sdk\targets\..\tools\net7.0\
                   MicrosoftNETBuildTasksDirectoryRoot = C:\Program Files\dotnet\sdk\7.0.402\Sdks\Microsoft.NET.Sdk\targets\..\tools\
                   MicrosoftNETBuildTasksTFM = net7.0
                   MicrosoftNETCrossgenBuildTasksAssembly = C:\Program Files\dotnet\sdk\7.0.402\Sdks\Microsoft.NET.Sdk\targets\..\tasks\net7.0\Microsoft.NET.Sdk.Crossgen.dll
                   MicrosoftNETFrameworkReferenceAssembliesLatestPackageVersion = 1.0.3
                   MicrosoftNETWindowsWorkloadInstalled = true
                   MinimumVisualStudioVersionForUnsupportedTargetFrameworkVersion = 17.8
                   MsAppxPackageTargets = C:\Program Files\dotnet\sdk\7.0.402\Microsoft\VisualStudio\v17.0\AppxPackage\Microsoft.AppXPackage.Targets
                   MSBuildAllProjects = E:\Unity\LH Editor_Refactoring\tools\FurnitureAuthoringTool\src\FurnitureAuthoring.Application\FurnitureAuthoring.Application.csproj;;C:\Program Files\dotnet\sdk\7.0.402\Current\Microsoft.Common.targets\ImportAfter\Microsoft.TestPlatform.ImportAfter.targets
                   MSBuildAssemblyVersion = 17.0
                   MSBuildBinPath = C:\Program Files\dotnet\sdk\7.0.402
                   MSBuildCopyContentTransitively = true
                   MSBuildDisableFeaturesFromVersion = 999.999
                   MSBuildEnableWorkloadResolver = true
                   MSBuildFileVersion = 17.7.3.40206
                   MSBuildNodeCount = 12
                   MSBuildProgramFiles32 = C:\Program Files (x86)
                   MSBuildProjectDefaultTargets = Build
                   MSBuildProjectDirectory = E:\Unity\LH Editor_Refactoring\tools\FurnitureAuthoringTool\src\FurnitureAuthoring.Application
                   MSBuildProjectDirectoryNoRoot = Unity\LH Editor_Refactoring\tools\FurnitureAuthoringTool\src\FurnitureAuthoring.Application
                   MSBuildProjectExtension = .csproj
                   MSBuildProjectExtensionsPath = E:\Unity\LH Editor_Refactoring\tools\FurnitureAuthoringTool\src\FurnitureAuthoring.Application\obj\
                   MSBuildProjectFile = FurnitureAuthoring.Application.csproj
                   MSBuildProjectFullPath = E:\Unity\LH Editor_Refactoring\tools\FurnitureAuthoringTool\src\FurnitureAuthoring.Application\FurnitureAuthoring.Application.csproj
                   MSBuildProjectName = FurnitureAuthoring.Application
                   MSBuildRestoreSessionId = 2cec69aa-2140-4c8a-b19a-2470f2e2dbe1
                   MSBuildRuntimeType = Core
                   MSBuildSDKsPath = C:\Program Files\dotnet\sdk\7.0.402\Sdks
                   MSBuildSemanticVersion = 17.7.3+8ec440e68
                   MSBuildStartupDirectory = E:\Unity\LH Editor_Refactoring
                   MSBuildToolsPath = C:\Program Files\dotnet\sdk\7.0.402
                   MSBuildToolsVersion = Current
                   MSBUILDUSESERVER = 0
                   MSBuildUseVisualStudioDirectoryLayout = False
                   MSBuildVersion = 17.7.3
                   MSBuildWarningsAsErrors = ;NU1605
                   MSBuildWarningsAsMessages = 1701;1702
                   MSBuildWarningsNotAsErrors = 
                   MsTestToolsTargets = C:\Program Files\dotnet\sdk\7.0.402\Microsoft\VisualStudio\v17.0\TeamTest\Microsoft.TeamTest.targets
                   NETCoreAppMaximumVersion = 7.0
                   NetCoreRoot = C:\Program Files\dotnet\
                   NETCoreSdkBundledCliToolsProps = C:\Program Files\dotnet\sdk\7.0.402\Sdks\Microsoft.NET.Sdk\targets\..\..\..\Microsoft.NETCoreSdk.BundledCliTools.props
                   NETCoreSdkBundledVersionsProps = C:\Program Files\dotnet\sdk\7.0.402\Sdks\Microsoft.NET.Sdk\targets\..\..\..\Microsoft.NETCoreSdk.BundledVersions.props
                   NETCoreSdkPortableRuntimeIdentifier = win-x64
                   NETCoreSdkRuntimeIdentifier = win-x64
                   NETCoreSdkVersion = 7.0.402
                   NetCoreTargetingPackRoot = C:\Program Files\dotnet\packs
                   NoCompilerStandardLib = true
                   NoStdLib = true
                   NoWarn = 1701;1702
                   NuGetBuildTasksPackTargets = C:\Program Files\dotnet\sdk\7.0.402\Sdks\Microsoft.NET.Sdk\Sdk\..\..\NuGet.Build.Tasks.Pack\build\NuGet.Build.Tasks.Pack.targets
                   NuGetInteractive = 
                   NuGetPackTaskAssemblyFile = ..\CoreCLR\NuGet.Build.Tasks.Pack.dll
                   NuGetPropsFile = C:\Program Files\dotnet\sdk\7.0.402\NuGet.props
                   NuGetRestoreTargets = C:\Program Files\dotnet\sdk\7.0.402\NuGet.targets
                   NuGetTargetMoniker = .NETCoreApp,Version=v7.0
                   Nullable = enable
                   NuspecOutputPath = obj\Debug\
                   Optimize = false
                   OutDir = bin\Debug\net7.0-windows\
                   OutputPath = bin\Debug\net7.0-windows\
                   OutputType = Library
                   OverwriteReadOnlyFiles = false
                   PackageDescription = Package Description
                   PackageDownloadSupported = true
                   PackagedShimOutputRootDirectory = bin\Debug\net7.0-windows\
                   PackageId = FurnitureAuthoring.Application
                   PackageOutputPath = bin\Debug\
                   PackageRequireLicenseAcceptance = false
                   PackageVersion = 1.0.0
                   PackDependsOn = ; _IntermediatePack; GenerateNuspec; 
                   Platform = AnyCPU
                   PlatformName = AnyCPU
                   Platforms = AnyCPU
                   PostBuildEventDependsOn = 
                   PreBuildEventDependsOn = 
                   Prefer32Bit = false
                   PrepareForBuildDependsOn = ;GetFrameworkPaths;GetReferenceAssemblyPaths;AssignLinkMetadata
                   PrepareForRunDependsOn = 
                         CopyFilesToOutputDirectory
                       
                   PrepareProjectReferencesDependsOn = 
                         AssignProjectConfiguration;
                         _SplitProjectReferencesByFileExistence;
                         _GetProjectReferenceTargetFrameworkProperties;
                         _GetProjectReferencePlatformProperties
                       
                   PrepareResourceNamesDependsOn = 
                         AssignTargetPaths;
                         SplitResourcesByCulture;
                         CreateManifestResourceNames;
                         CreateCustomManifestResourceNames
                       
                   PrepareResourcesDependsOn = 
                         ResolvePackageDependenciesForBuild;
                         _HandlePackageFileConflicts;
                         
                         ;
                         PrepareResourceNames;
                         ResGen;
                         CompileLicxFiles
                       
                       
                   PreserveCompilationReferences = 
                   ProcessorArchitecture = msil
                   ProcessorArchitectureAsPlatform = AnyCPU
                   ProduceReferenceAssembly = true
                   Product = FurnitureAuthoring.Application
                   ProjectAssetsCacheFile = E:\Unity\LH Editor_Refactoring\tools\FurnitureAuthoringTool\src\FurnitureAuthoring.Application\obj\Debug\net7.0-windows\FurnitureAuthoring.Application.assets.cache
                   ProjectAssetsFile = E:\Unity\LH Editor_Refactoring\tools\FurnitureAuthoringTool\src\FurnitureAuthoring.Application\obj\project.assets.json
                   ProjectDepsFileName = FurnitureAuthoring.Application.deps.json
                   ProjectDepsFilePath = E:\Unity\LH Editor_Refactoring\tools\FurnitureAuthoringTool\src\FurnitureAuthoring.Application\bin\Debug\net7.0-windows\FurnitureAuthoring.Application.deps.json
                   ProjectDesignTimeAssemblyResolutionSearchPaths = 
                         {CandidateAssemblyFiles};
                         ;
                         {HintPathFromItem};
                         {TargetFrameworkDirectory};
                         {Registry:Software\Microsoft\.NETCoreApp,v7.0,AssemblyFoldersEx};
                         {RawFileName};
                         E:\Unity\LH Editor_Refactoring\tools\FurnitureAuthoringTool\src\FurnitureAuthoring.Application\bin\Debug\net7.0-windows\
                       
                   ProjectDir = E:\Unity\LH Editor_Refactoring\tools\FurnitureAuthoringTool\src\FurnitureAuthoring.Application\
                   ProjectExt = .csproj
                   ProjectFileName = FurnitureAuthoring.Application.csproj
                   ProjectFlavor = Client
                   ProjectName = FurnitureAuthoring.Application
                   ProjectPath = E:\Unity\LH Editor_Refactoring\tools\FurnitureAuthoringTool\src\FurnitureAuthoring.Application\FurnitureAuthoring.Application.csproj
                   ProjectRuntimeConfigFileName = FurnitureAuthoring.Application.runtimeconfig.json
                   ProjectRuntimeConfigFilePath = E:\Unity\LH Editor_Refactoring\tools\FurnitureAuthoringTool\src\FurnitureAuthoring.Application\bin\Debug\net7.0-windows\FurnitureAuthoring.Application.runtimeconfig.json
                   PublishableProject = 
                   PublishAotSupported = true
                   PublishBuildDependsOn = 
                         BuildOnlySettings;
                         PrepareForBuild;
                         ResolveReferences;
                         PrepareResources;
                         ResolveKeySource;
                         GenerateSerializationAssemblies;
                         CreateSatelliteAssemblies;
                       
                   PublishDependsOn = 
                         _DeploymentUnpublishable
                       
                   PublishDir = bin\Debug\net7.0-windows\publish\
                   PublishDirName = publish
                   PublishDocumentationFile = true
                   PublishDocumentationFiles = true
                   PublishItemsOutputGroupDependsOn = 
                         ;
                         ResolveReferences;
                         ComputeResolvedFilesToPublishList;
                         _ComputeFilesToBundle;
                       
                   PublishOnlyDependsOn = 
                         SetGenerateManifests;
                         PublishBuild;
                         BeforePublish;
                         GenerateManifests;
                         CopyFilesToOutputDirectory;
                         _CopyFilesToPublishFolder;
                         _DeploymentGenerateBootstrapper;
                         ResolveKeySource;
                         _DeploymentSignClickOnceDeployment;
                         AfterPublish
                       
                   PublishProfileImported = false
                   PublishReadyToRunComposite = false
                   PublishReadyToRunPerfmapFormatVersion = 1
                   PublishReadyToRunUseCrossgen2 = true
                   PublishReadyToRunUseRuntimePackOptimizationData = true
                   PublishReferencesDocumentationFiles = true
                   RebuildDependsOn = 
                         _SdkBeforeRebuild;
                         
                         BeforeRebuild;
                         Clean;
                         Build;
                         AfterRebuild;
                       
                       
                   RefAssembliesFolderName = refs
                   ReferenceCopyLocalPathsOutputGroupDependsOn = 
                         ;
                         
                         ;
                         BuildOnlySettings;
                         PrepareForBuild;
                         AssignTargetPaths;
                         ResolveReferences
                       
                       
                   ReportingServicesTargets = C:\Program Files\dotnet\sdk\7.0.402\\Microsoft\VisualStudio\v17.0\ReportingServices\Microsoft.ReportingServices.targets
                   ResGenDependsOn = ResolveAssemblyReferences;SplitResourcesByCulture;BeforeResGen;CoreResGen;AfterResGen
                   ResGenExecuteAsTool = false
                   ResolveAssemblyReferenceOutputUnresolvedAssemblyConflicts = true
                   ResolveAssemblyReferencesDependsOn = 
                         
                         
                         ResolveProjectReferences;
                         FindInvalidProjectReferences;
                         GetFrameworkPaths;
                         GetReferenceAssemblyPaths;
                         PrepareForBuild;
                         ResolveSDKReferences;
                         ExpandSDKReferences;
                       ;
                         ResolvePackageDependenciesForBuild;
                         _HandlePackageFileConflicts;
                       ;
                         ResolveTargetingPackAssets;
                       
                   ResolveNuGetPackages = false
                   ResolvePackageDependenciesForBuildDependsOn = 
                         ResolveLockFileReferences;
                         ResolveLockFileAnalyzers;
                         ResolveLockFileCopyLocalFiles;
                         ResolveRuntimePackAssets;
                         RunProduceContentAssets;
                         IncludeTransitiveProjectReferences
                       
                   ResolveReferencesDependsOn = 
                         BeforeResolveReferences;
                         AssignProjectConfiguration;
                         ResolveProjectReferences;
                         FindInvalidProjectReferences;
                         ResolveNativeReferences;
                         ResolveAssemblyReferences;
                         GenerateBindingRedirects;
                         GenerateBindingRedirectsUpdateAppConfig;
                         ResolveComReferences;
                         AfterResolveReferences
                       
                   ResolveSDKReferencesDependsOn = 
                         GetInstalledSDKLocations
                       
                   RestoreBuildInParallel = true
                   RestoreContinueOnError = WarnAndContinue
                   RestoreOutputPath = E:\Unity\LH Editor_Refactoring\tools\FurnitureAuthoringTool\src\FurnitureAuthoring.Application\obj\
                   RestoreProjectStyle = PackageReference
                   RestoreRecursive = true
                   RestoreTaskAssemblyFile = NuGet.Build.Tasks.dll
                   RestoreUseSkipNonexistentTargets = true
                   RootNamespace = FurnitureAuthoring.Application
                   RoslynTargetsPath = C:\Program Files\dotnet\sdk\7.0.402\Roslyn
                   RunDependsOn = 
                   RunPackageValidationDependsOn = CollectApiCompatInputs;_GetReferencePathFromInnerProjects;
                   RuntimeIdentifierGraphPath = C:\Program Files\dotnet\sdk\7.0.402\RuntimeIdentifierGraph.json
                   RunWorkingDirectory = 
                   SatelliteDllsProjectOutputGroupDependenciesDependsOn = 
                         ;
                         
                         ;
                         BuildOnlySettings;
                         PrepareForBuild;
                         AssignTargetPaths;
                         ResolveReferences
                       
                       
                   SatelliteDllsProjectOutputGroupDependsOn = ;PrepareForBuild;PrepareResourceNames
                   SDKRedistOutputGroupDependsOn = ResolveSDKReferences;ExpandSDKReferences
                   SDKReferenceDirectoryRoot = C:\Users\LIMSOWAN\AppData\Local\Microsoft SDKs;C:\Program Files (x86)\Microsoft SDKs
                   SDKReferenceRegistryRoot = Software\Microsoft\Microsoft SDKs
                   SGenFilesOutputGroupDependenciesDependsOn = 
                         ;
                         
                         ;
                         BuildOnlySettings;
                         PrepareForBuild;
                         AssignTargetPaths;
                         ResolveReferences
                       
                       
                   SGenFilesOutputGroupDependsOn = 
                   SGenShouldGenerateSerializer = true
                   SGenUseKeep = false
                   SGenUseProxyTypes = true
                   ShouldMarkCertainSDKReferencesAsRuntimeOnly = true
                   SignAssembly = false
                   SkipCopyUnchangedFiles = true
                   SkipImportNuGetBuildTargets = true
                   SkipImportNuGetProps = true
                   SolutionDir = *Undefined*
                   SolutionExt = *Undefined*
                   SolutionFileName = *Undefined*
                   SolutionName = *Undefined*
                   SolutionPath = *Undefined*
                   SourceControlInformationFeatureSupported = true
                   SourceFilesProjectOutputGroupDependsOn = PrepareForBuild;AssignTargetPaths
                   SourceRootMappedPathsFeatureSupported = true
                   SupportedOSPlatformVersion = 7.0
                   SupportsRoslynComponentVersioning = true
                   SuppressDependenciesWhenPacking = false
                   SymbolPackageFormat = symbols.nupkg
                   TargetCulture = *
                   TargetDeployManifestFileName = FurnitureAuthoring.Application.application
                   TargetDir = E:\Unity\LH Editor_Refactoring\tools\FurnitureAuthoringTool\src\FurnitureAuthoring.Application\bin\Debug\net7.0-windows\
                   TargetedFrameworkDir = @(_TargetedFrameworkDirectoryItem)
                   TargetedSDKArchitecture = msil
                   TargetedSDKConfiguration = Debug
                   TargetExt = .dll
                   TargetFileName = FurnitureAuthoring.Application.dll
                   TargetFramework = net7.0-windows
                   TargetFrameworkDirectory = 
                   TargetFrameworkIdentifier = .NETCoreApp
                   TargetFrameworkMoniker = .NETCoreApp,Version=v7.0
                   TargetFrameworkMonikerAssemblyAttributesPath = obj\Debug\net7.0-windows\.NETCoreApp,Version=v7.0.AssemblyAttributes.cs
                   TargetFrameworkMonikerDisplayName = .NET 7.0
                   TargetFrameworkSDKToolsDirectory = 
                   TargetFrameworkVersion = v7.0
                   TargetLatestRuntimePatch = false
                   TargetName = FurnitureAuthoring.Application
                   TargetPath = E:\Unity\LH Editor_Refactoring\tools\FurnitureAuthoringTool\src\FurnitureAuthoring.Application\bin\Debug\net7.0-windows\FurnitureAuthoring.Application.dll
                   TargetPlatformDisplayName = Windows 7.0
                   TargetPlatformIdentifier = Windows
                   TargetPlatformMinVersion = 7.0
                   TargetPlatformMoniker = Windows,Version=7.0
                   TargetPlatformRegistryBase = Software\Microsoft\Microsoft SDKs\Windows
                   TargetPlatformSdkPath = 
                   TargetPlatformVersion = 7.0
                   TargetRefPath = E:\Unity\LH Editor_Refactoring\tools\FurnitureAuthoringTool\src\FurnitureAuthoring.Application\obj\Debug\net7.0-windows\ref\FurnitureAuthoring.Application.dll
                   TargetRuntime = Managed
                   TargetsForTfmSpecificContentInPackage = ;PackTool;_PackProjectToolValidation
                   TargetsNet7 = true
                   ToolCommandName = FurnitureAuthoring.Application
                   ToolDepsJsonGeneratorProject = C:\Program Files\dotnet\sdk\7.0.402\Sdks\Microsoft.NET.Sdk\targets\GenerateDeps\GenerateDeps.proj
                   ToolEntryPoint = FurnitureAuthoring.Application.dll
                   TreatWarningsAsErrors = false
                   UnmanagedRegistrationDependsOn = 
                   UnmanagedUnregistrationDependsOn = 
                   UnsupportedTargetFrameworkVersion = 8.0
                   UseCommonOutputDirectory = false
                   UseDefaultPlatformLookupTables = true
                   UseHostCompilerIfAvailable = true
                   UseOSWinMdReferences = false
                   UserProfileRuntimeStorePath = C:\Users\LIMSOWAN\.dotnet\store
                   UserRuntimeConfig = E:\Unity\LH Editor_Refactoring\tools\FurnitureAuthoringTool\src\FurnitureAuthoring.Application/runtimeconfig.template.json
                   UseSourcePath = true
                   UsingILLinkTasksSdk = true
                   UsingMicrosoftNETSdk = true
                   UsingNETSdkDefaults = true
                   Utf8Output = true
                   ValidateRuntimeIdentifierCompatibility = false
                   VerifyMatchingImplicitPackageVersion = true
                   Version = 1.0.0
                   VersionlessImplicitFrameworkDefine = NET
                   VersionPrefix = 1.0.0
                   VisualStudioVersion = 17.0
                   VSTestConsolePath = C:\Program Files\dotnet\sdk\7.0.402\vstest.console.dll
                   VSTestTargets = C:\Program Files\dotnet\sdk\7.0.402\\Microsoft.TestPlatform.targets
                   VSTestTaskAssemblyFile = Microsoft.TestPlatform.Build.dll
                   WarningLevel = 7
                   WarningsAsErrors = ;NU1605;SYSLIB0011
                   WarnOnPackingNonPackableProject = false
                   WebReference_EnableLegacyEventingModel = false
                   WebReference_EnableProperties = true
                   WebReference_EnableSQLTypes = true
                   WMSJSProject = WJProject
                   WMSJSProjectDirectory = JavaScript
                   YieldDuringToolExecution = true

16:19:02.906     0>초기 항목:
                   _AllDirectoriesAbove
                       E:\
                       E:\Unity
                       E:\Unity\LH Editor_Refactoring
                       E:\Unity\LH Editor_Refactoring\tools
                       E:\Unity\LH Editor_Refactoring\tools\FurnitureAuthoringTool
                       E:\Unity\LH Editor_Refactoring\tools\FurnitureAuthoringTool\src
                       E:\Unity\LH Editor_Refactoring\tools\FurnitureAuthoringTool\src\FurnitureAuthoring.Application
                       E:\Unity\LH Editor_Refactoring\tools\FurnitureAuthoringTool\src\FurnitureAuthoring.Application\Abstractions
                       E:\Unity\LH Editor_Refactoring\tools\FurnitureAuthoringTool\src\FurnitureAuthoring.Application\Models
                       E:\Unity\LH Editor_Refactoring\tools\FurnitureAuthoringTool\src\FurnitureAuthoring.Application\Services
                   _ApplicationManifestFinal
                       bin\Debug\net7.0-windows\Native.FurnitureAuthoring.Application.manifest
                           TargetPath = Native.FurnitureAuthoring.Application.manifest
                   _CurrentRestoreProjectPathItems
                       E:\Unity\LH Editor_Refactoring\tools\FurnitureAuthoringTool\src\FurnitureAuthoring.Contracts\FurnitureAuthoring.Contracts.csproj
                       E:\Unity\LH Editor_Refactoring\tools\FurnitureAuthoringTool\src\FurnitureAuthoring.Domain\FurnitureAuthoring.Domain.csproj
                   _DebugSymbolsIntermediatePath
                       obj\Debug\net7.0-windows\FurnitureAuthoring.Application.pdb
                   _DebugSymbolsOutputPath
                       bin\Debug\net7.0-windows\FurnitureAuthoring.Application.pdb
                   _DeploymentManifestEntryPoint
                       obj\Debug\net7.0-windows\FurnitureAuthoring.Application.dll
                           TargetPath = FurnitureAuthoring.Application.dll
                   _EolNetCoreTargetFrameworkVersions
                       1.0
                       1.1
                       2.0
                       2.1
                       2.2
                       3.0
                       5.0
                   _OutputPathItem
                       bin\Debug\net7.0-windows\
                   _ResolveComReferenceCache
                       obj\Debug\net7.0-windows\FurnitureAuthoring.Application.csproj.ResolveComReference.cache
                   _RestoreProjectPathItems
                       E:\Unity\LH Editor_Refactoring\tools\FurnitureAuthoringTool\src\FurnitureAuthoring.Contracts\FurnitureAuthoring.Contracts.csproj
                       E:\Unity\LH Editor_Refactoring\tools\FurnitureAuthoringTool\src\FurnitureAuthoring.Domain\FurnitureAuthoring.Domain.csproj
                   _UnmanagedRegistrationCache
                       obj\FurnitureAuthoring.Application.csproj.UnmanagedRegistration.cache
                   AdditionalTargetFrameworkInfoProperty
                       _IsExecutable
                       _SelfContainedWasSpecified
                       IsRidAgnostic
                       SelfContained
                       ShouldBeValidatedAsExecutableReference
                   Analyzer
                       C:\Program Files\dotnet\sdk\7.0.402\Sdks\Microsoft.NET.Sdk\targets\..\analyzers\Microsoft.CodeAnalysis.CSharp.NetAnalyzers.dll
                           IsImplicitlyDefined = true
                       C:\Program Files\dotnet\sdk\7.0.402\Sdks\Microsoft.NET.Sdk\targets\..\analyzers\Microsoft.CodeAnalysis.NetAnalyzers.dll
                           IsImplicitlyDefined = true
                   AppConfigFileDestination
                       bin\Debug\net7.0-windows\FurnitureAuthoring.Application.dll.config
                   ApplicationManifest
                       obj\Debug\net7.0-windows\Native.FurnitureAuthoring.Application.manifest
                           TargetPath = Native.FurnitureAuthoring.Application.manifest
                   BuiltProjectOutputGroupKeyOutput
                       E:\Unity\LH Editor_Refactoring\tools\FurnitureAuthoringTool\src\FurnitureAuthoring.Application\obj\Debug\net7.0-windows\FurnitureAuthoring.Application.dll
                           IsKeyOutput = true
                           FinalOutputPath = E:\Unity\LH Editor_Refactoring\tools\FurnitureAuthoringTool\src\FurnitureAuthoring.Application\bin\Debug\net7.0-windows\FurnitureAuthoring.Application.dll
                           TargetPath = FurnitureAuthoring.Application.dll
                   ClsidMap
                       obj\Debug\net7.0-windows\FurnitureAuthoring.Application.clsidmap
                   Compile
                       Abstractions\IFurnitureManifestStore.cs
                       Abstractions\IFurniturePatchBuildWorker.cs
                       Models\PatchBuildRequest.cs
                       Models\PatchBuildResult.cs
                       Services\FurnitureManifestValidator.cs
                   CompilerVisibleProperty
                       _SupportedPlatformList
                       EnforceExtendedAnalyzerRules
                       InvariantGlobalization
                       PlatformNeutralAssembly
                       ProjectDir
                       ProjectTypeGuids
                       RootNamespace
                       TargetFramework
                       TargetPlatformMinVersion
                       UsingMicrosoftNETSdkWeb
                   CopyUpToDateMarker
                       E:\Unity\LH Editor_Refactoring\tools\FurnitureAuthoringTool\src\FurnitureAuthoring.Application\obj\Debug\net7.0-windows\FurnitureAuthoring.Application.csproj.CopyComplete
                   CreateDirectory
                       E:\Unity\LH Editor_Refactoring\tools\FurnitureAuthoringTool\src\FurnitureAuthoring.Application\obj\Debug\net7.0-windows\refint\
                       obj\Debug\net7.0-windows\ref
                   DebugSymbolsProjectOutputGroupOutput
                       E:\Unity\LH Editor_Refactoring\tools\FurnitureAuthoringTool\src\FurnitureAuthoring.Application\obj\Debug\net7.0-windows\FurnitureAuthoring.Application.pdb
                           FinalOutputPath = E:\Unity\LH Editor_Refactoring\tools\FurnitureAuthoringTool\src\FurnitureAuthoring.Application\bin\Debug\net7.0-windows\FurnitureAuthoring.Application.pdb
                           TargetPath = FurnitureAuthoring.Application.pdb
                   DeployManifest
                       obj\Debug\net7.0-windows\FurnitureAuthoring.Application.application
                           TargetPath = FurnitureAuthoring.Application.application
                   FrameworkReference
                       Microsoft.NETCore.App
                           IsImplicitlyDefined = true
                           PrivateAssets = All
                           Pack = false
                   GenerateRuntimeConfigurationFilesInputs
                       E:\Unity\LH Editor_Refactoring\tools\FurnitureAuthoringTool\src\FurnitureAuthoring.Application\obj\Debug\net7.0-windows\FurnitureAuthoring.Application.assets.cache
                       E:\Unity\LH Editor_Refactoring\tools\FurnitureAuthoringTool\src\FurnitureAuthoring.Application\obj\project.assets.json
                   GlobalAnalyzerConfigFiles
                       E:\.globalconfig
                       E:\Unity\.globalconfig
                       E:\Unity\LH Editor_Refactoring\.globalconfig
                       E:\Unity\LH Editor_Refactoring\tools\.globalconfig
                       E:\Unity\LH Editor_Refactoring\tools\FurnitureAuthoringTool\.globalconfig
                       E:\Unity\LH Editor_Refactoring\tools\FurnitureAuthoringTool\src\.globalconfig
                       E:\Unity\LH Editor_Refactoring\tools\FurnitureAuthoringTool\src\FurnitureAuthoring.Application\.globalconfig
                       E:\Unity\LH Editor_Refactoring\tools\FurnitureAuthoringTool\src\FurnitureAuthoring.Application\Abstractions\.globalconfig
                       E:\Unity\LH Editor_Refactoring\tools\FurnitureAuthoringTool\src\FurnitureAuthoring.Application\Models\.globalconfig
                       E:\Unity\LH Editor_Refactoring\tools\FurnitureAuthoringTool\src\FurnitureAuthoring.Application\Services\.globalconfig
                   ImplicitPackageReferenceVersion
                       Microsoft.AspNetCore.All
                           LatestVersion = 2.1.30
                           DefaultVersion = 2.1.1
                           TargetFrameworkVersion = 2.1
                       Microsoft.AspNetCore.All
                           LatestVersion = 2.2.8
                           DefaultVersion = 2.2.0
                           TargetFrameworkVersion = 2.2
                       Microsoft.AspNetCore.App
                           LatestVersion = 2.1.30
                           DefaultVersion = 2.1.1
                           TargetFrameworkVersion = 2.1
                       Microsoft.AspNetCore.App
                           LatestVersion = 2.2.8
                           DefaultVersion = 2.2.0
                           TargetFrameworkVersion = 2.2
                       Microsoft.NETCore.App
                           LatestVersion = 1.0.16
                           DefaultVersion = 1.0.5
                           TargetFrameworkVersion = 1.0
                       Microsoft.NETCore.App
                           LatestVersion = 1.1.13
                           DefaultVersion = 1.1.2
                           TargetFrameworkVersion = 1.1
                       Microsoft.NETCore.App
                           LatestVersion = 2.0.9
                           DefaultVersion = 2.0.0
                           TargetFrameworkVersion = 2.0
                       Microsoft.NETCore.App
                           LatestVersion = 2.1.30
                           DefaultVersion = 2.1.0
                           TargetFrameworkVersion = 2.1
                       Microsoft.NETCore.App
                           LatestVersion = 2.2.8
                           DefaultVersion = 2.2.0
                           TargetFrameworkVersion = 2.2
                   IntermediateAssembly
                       obj\Debug\net7.0-windows\FurnitureAuthoring.Application.dll
                   IntermediateRefAssembly
                       obj\Debug\net7.0-windows\refint\FurnitureAuthoring.Application.dll
                   KnownAppHostPack
                       Microsoft.NETCore.App
                           ExcludedRuntimeIdentifiers = android
                           AppHostRuntimeIdentifiers = linux-arm;linux-arm64;linux-musl-arm64;linux-musl-x64;linux-x64;osx-x64;rhel.6-x64;tizen.4.0.0-armel;tizen.5.0.0-armel;win-arm;win-arm64;win-x64;win-x86;linux-musl-arm;osx-arm64;linux-s390x;linux-bionic-arm;linux-bionic-arm64;linux-bionic-x64;linux-bionic-x86;linux-ppc64le
                           TargetFramework = net7.0
                           AppHostPackNamePattern = Microsoft.NETCore.App.Host.**RID**
                           AppHostPackVersion = 7.0.12
                       Microsoft.NETCore.App
                           ExcludedRuntimeIdentifiers = android
                           AppHostRuntimeIdentifiers = linux-arm;linux-arm64;linux-musl-arm64;linux-musl-x64;linux-x64;osx-x64;rhel.6-x64;tizen.4.0.0-armel;tizen.5.0.0-armel;win-arm;win-arm64;win-x64;win-x86;linux-musl-arm;osx-arm64;linux-s390x
                           TargetFramework = net6.0
                           AppHostPackNamePattern = Microsoft.NETCore.App.Host.**RID**
                           AppHostPackVersion = 6.0.23
                       Microsoft.NETCore.App
                           AppHostRuntimeIdentifiers = linux-arm;linux-arm64;linux-musl-arm64;linux-musl-x64;linux-x64;osx-x64;rhel.6-x64;tizen.4.0.0-armel;tizen.5.0.0-armel;win-arm;win-arm64;win-x64;win-x86;linux-musl-arm
                           TargetFramework = net5.0
                           AppHostPackNamePattern = Microsoft.NETCore.App.Host.**RID**
                           AppHostPackVersion = 5.0.17
                       Microsoft.NETCore.App
                           AppHostRuntimeIdentifiers = linux-arm;linux-arm64;linux-musl-arm64;linux-musl-x64;linux-x64;osx-x64;rhel.6-x64;tizen.4.0.0-armel;tizen.5.0.0-armel;win-arm;win-arm64;win-x64;win-x86
                           TargetFramework = netcoreapp3.1
                           AppHostPackNamePattern = Microsoft.NETCore.App.Host.**RID**
                           AppHostPackVersion = 3.1.32
                       Microsoft.NETCore.App
                           AppHostRuntimeIdentifiers = linux-arm;linux-arm64;linux-musl-arm64;linux-musl-x64;linux-x64;osx-x64;rhel.6-x64;tizen.4.0.0-armel;tizen.5.0.0-armel;win-arm;win-arm64;win-x64;win-x86
                           TargetFramework = netcoreapp3.0
                           AppHostPackNamePattern = Microsoft.NETCore.App.Host.**RID**
                           AppHostPackVersion = 3.0.3
                   KnownCrossgen2Pack
                       Microsoft.NETCore.App.Crossgen2
                           Crossgen2RuntimeIdentifiers = linux-musl-x64;linux-x64;win-x64;linux-arm;linux-arm64;linux-musl-arm;linux-musl-arm64;osx-arm64;osx-x64;win-arm;win-arm64;win-x86
                           TargetFramework = net7.0
                           Crossgen2PackNamePattern = Microsoft.NETCore.App.Crossgen2.**RID**
                           Crossgen2PackVersion = 7.0.12
                       Microsoft.NETCore.App.Crossgen2
                           Crossgen2RuntimeIdentifiers = linux-musl-x64;linux-x64;win-x64;linux-arm;linux-arm64;linux-musl-arm;linux-musl-arm64;osx-arm64;osx-x64;win-arm;win-arm64;win-x86
                           TargetFramework = net6.0
                           Crossgen2PackNamePattern = Microsoft.NETCore.App.Crossgen2.**RID**
                           Crossgen2PackVersion = 6.0.23
                       Microsoft.NETCore.App.Crossgen2
                           Crossgen2RuntimeIdentifiers = linux-musl-x64;linux-x64;win-x64
                           TargetFramework = net5.0
                           Crossgen2PackNamePattern = Microsoft.NETCore.App.Crossgen2.**RID**
                           Crossgen2PackVersion = 5.0.17
                   KnownFrameworkReference
                       Microsoft.AspNetCore.App
                           TargetFramework = net5.0
                           DefaultRuntimeFrameworkVersion = 5.0.0
                           TargetingPackName = Microsoft.AspNetCore.App.Ref
                           LatestRuntimeFrameworkVersion = 5.0.17
                           RuntimePackRuntimeIdentifiers = win-x64;win-x86;win-arm;osx-x64;linux-musl-x64;linux-musl-arm64;linux-x64;linux-arm;linux-arm64;linux-musl-arm;win-arm64
                           RuntimePackNamePatterns = Microsoft.AspNetCore.App.Runtime.**RID**
                           TargetingPackVersion = 5.0.0
                           RuntimeFrameworkName = Microsoft.AspNetCore.App
                       Microsoft.AspNetCore.App
                           TargetFramework = netcoreapp3.0
                           DefaultRuntimeFrameworkVersion = 3.0.0
                           TargetingPackName = Microsoft.AspNetCore.App.Ref
                           LatestRuntimeFrameworkVersion = 3.0.3
                           RuntimePackRuntimeIdentifiers = win-x64;win-x86;win-arm;osx-x64;linux-musl-x64;linux-musl-arm64;linux-x64;linux-arm;linux-arm64
                           RuntimePackNamePatterns = Microsoft.AspNetCore.App.Runtime.**RID**
                           TargetingPackVersion = 3.0.1
                           RuntimeFrameworkName = Microsoft.AspNetCore.App
                       Microsoft.AspNetCore.App
                           TargetFramework = netcoreapp3.1
                           DefaultRuntimeFrameworkVersion = 3.1.0
                           TargetingPackName = Microsoft.AspNetCore.App.Ref
                           LatestRuntimeFrameworkVersion = 3.1.32
                           RuntimePackRuntimeIdentifiers = win-x64;win-x86;win-arm;osx-x64;linux-musl-x64;linux-musl-arm64;linux-x64;linux-arm;linux-arm64
                           RuntimePackNamePatterns = Microsoft.AspNetCore.App.Runtime.**RID**
                           TargetingPackVersion = 3.1.10
                           RuntimeFrameworkName = Microsoft.AspNetCore.App
                       Microsoft.AspNetCore.App
                           TargetFramework = net7.0
                           DefaultRuntimeFrameworkVersion = 7.0.0
                           TargetingPackName = Microsoft.AspNetCore.App.Ref
                           LatestRuntimeFrameworkVersion = 7.0.12
                           RuntimePackExcludedRuntimeIdentifiers = android
                           RuntimePackRuntimeIdentifiers = win-x64;win-x86;win-arm;osx-x64;linux-musl-x64;linux-musl-arm64;linux-x64;linux-arm;linux-arm64;linux-musl-arm;win-arm64;osx-arm64;linux-s390x;linux-ppc64le
                           RuntimePackNamePatterns = Microsoft.AspNetCore.App.Runtime.**RID**
                           TargetingPackVersion = 7.0.12
                           RuntimeFrameworkName = Microsoft.AspNetCore.App
                       Microsoft.AspNetCore.App
                           TargetFramework = net6.0
                           DefaultRuntimeFrameworkVersion = 6.0.0
                           TargetingPackName = Microsoft.AspNetCore.App.Ref
                           LatestRuntimeFrameworkVersion = 6.0.23
                           RuntimePackRuntimeIdentifiers = win-x64;win-x86;win-arm;osx-x64;linux-musl-x64;linux-musl-arm64;linux-x64;linux-arm;linux-arm64;linux-musl-arm;win-arm64;osx-arm64;linux-s390x
                           RuntimePackNamePatterns = Microsoft.AspNetCore.App.Runtime.**RID**
                           TargetingPackVersion = 6.0.23
                           RuntimeFrameworkName = Microsoft.AspNetCore.App
                       Microsoft.NETCore.App
                           TargetFramework = net5.0
                           DefaultRuntimeFrameworkVersion = 5.0.0
                           TargetingPackName = Microsoft.NETCore.App.Ref
                           LatestRuntimeFrameworkVersion = 5.0.17
                           RuntimePackRuntimeIdentifiers = linux-arm;linux-arm64;linux-musl-arm64;linux-musl-x64;linux-x64;osx-x64;rhel.6-x64;tizen.4.0.0-armel;tizen.5.0.0-armel;win-arm;win-arm64;win-x64;win-x86;linux-musl-arm;browser-wasm
                           RuntimePackNamePatterns = Microsoft.NETCore.App.Runtime.**RID**
                           TargetingPackVersion = 5.0.0
                           IsTrimmable = true
                           RuntimeFrameworkName = Microsoft.NETCore.App
                       Microsoft.NETCore.App
                           TargetFramework = net6.0
                           DefaultRuntimeFrameworkVersion = 6.0.0
                           TargetingPackName = Microsoft.NETCore.App.Ref
                           LatestRuntimeFrameworkVersion = 6.0.23
                           RuntimePackRuntimeIdentifiers = linux-arm;linux-arm64;linux-musl-arm64;linux-musl-x64;linux-x64;osx-x64;rhel.6-x64;tizen.4.0.0-armel;tizen.5.0.0-armel;win-arm;win-arm64;win-x64;win-x86;linux-musl-arm;osx-arm64;maccatalyst-x64;maccatalyst-arm64;linux-s390x;linux-bionic-arm;linux-bionic-arm64;linux-bionic-x64;linux-bionic-x86;linux-ppc64le
                           RuntimePackNamePatterns = Microsoft.NETCore.App.Runtime.**RID**
                           TargetingPackVersion = 6.0.23
                           RuntimeFrameworkName = Microsoft.NETCore.App
                       Microsoft.NETCore.App
                           TargetFramework = netcoreapp3.1
                           DefaultRuntimeFrameworkVersion = 3.1.0
                           TargetingPackName = Microsoft.NETCore.App.Ref
                           LatestRuntimeFrameworkVersion = 3.1.32
                           RuntimePackRuntimeIdentifiers = linux-arm;linux-arm64;linux-musl-arm64;linux-musl-x64;linux-x64;osx-x64;rhel.6-x64;tizen.4.0.0-armel;tizen.5.0.0-armel;win-arm;win-arm64;win-x64;win-x86
                           RuntimePackNamePatterns = Microsoft.NETCore.App.Runtime.**RID**
                           TargetingPackVersion = 3.1.0
                           IsTrimmable = true
                           RuntimeFrameworkName = Microsoft.NETCore.App
                       Microsoft.NETCore.App
                           TargetFramework = netcoreapp3.0
                           DefaultRuntimeFrameworkVersion = 3.0.0
                           TargetingPackName = Microsoft.NETCore.App.Ref
                           LatestRuntimeFrameworkVersion = 3.0.3
                           RuntimePackRuntimeIdentifiers = linux-arm;linux-arm64;linux-musl-arm64;linux-musl-x64;linux-x64;osx-x64;rhel.6-x64;tizen.4.0.0-armel;tizen.5.0.0-armel;win-arm;win-arm64;win-x64;win-x86
                           RuntimePackNamePatterns = Microsoft.NETCore.App.Runtime.**RID**
                           TargetingPackVersion = 3.0.0
                           IsTrimmable = true
                           RuntimeFrameworkName = Microsoft.NETCore.App
                       Microsoft.NETCore.App
                           TargetFramework = net7.0
                           DefaultRuntimeFrameworkVersion = 7.0.0
                           TargetingPackName = Microsoft.NETCore.App.Ref
                           LatestRuntimeFrameworkVersion = 7.0.12
                           RuntimePackRuntimeIdentifiers = linux-arm;linux-arm64;linux-musl-arm64;linux-musl-x64;linux-x64;osx-x64;rhel.6-x64;tizen.4.0.0-armel;tizen.5.0.0-armel;win-arm;win-arm64;win-x64;win-x86;linux-musl-arm;osx-arm64;maccatalyst-x64;maccatalyst-arm64;linux-s390x;linux-bionic-arm;linux-bionic-arm64;linux-bionic-x64;linux-bionic-x86;linux-ppc64le
                           RuntimePackNamePatterns = Microsoft.NETCore.App.Runtime.**RID**
                           TargetingPackVersion = 7.0.12
                           RuntimeFrameworkName = Microsoft.NETCore.App
                       Microsoft.Windows.SDK.NET.Ref
                           RuntimePackAlwaysCopyLocal = true
                           TargetFramework = net7.0-windows10.0.18362.0
                           DefaultRuntimeFrameworkVersion = 10.0.18362.29
                           TargetingPackName = Microsoft.Windows.SDK.NET.Ref
                           IsWindowsOnly = true
                           LatestRuntimeFrameworkVersion = 10.0.18362.29
                           RuntimePackRuntimeIdentifiers = any
                           RuntimePackNamePatterns = Microsoft.Windows.SDK.NET.Ref
                           TargetingPackVersion = 10.0.18362.29
                           RuntimeFrameworkName = Microsoft.Windows.SDK.NET.Ref
                       Microsoft.Windows.SDK.NET.Ref
                           RuntimePackAlwaysCopyLocal = true
                           TargetFramework = net5.0-windows10.0.17763.0
                           DefaultRuntimeFrameworkVersion = 10.0.17763.29
                           TargetingPackName = Microsoft.Windows.SDK.NET.Ref
                           IsWindowsOnly = true
                           LatestRuntimeFrameworkVersion = 10.0.17763.29
                           RuntimePackRuntimeIdentifiers = any
                           RuntimePackNamePatterns = Microsoft.Windows.SDK.NET.Ref
                           TargetingPackVersion = 10.0.17763.29
                           RuntimeFrameworkName = Microsoft.Windows.SDK.NET.Ref
                       Microsoft.Windows.SDK.NET.Ref
                           RuntimePackAlwaysCopyLocal = true
                           TargetFramework = net5.0-windows10.0.19041.0
                           DefaultRuntimeFrameworkVersion = 10.0.19041.29
                           TargetingPackName = Microsoft.Windows.SDK.NET.Ref
                           IsWindowsOnly = true
                           LatestRuntimeFrameworkVersion = 10.0.19041.29
                           RuntimePackRuntimeIdentifiers = any
                           RuntimePackNamePatterns = Microsoft.Windows.SDK.NET.Ref
                           TargetingPackVersion = 10.0.19041.29
                           RuntimeFrameworkName = Microsoft.Windows.SDK.NET.Ref
                       Microsoft.Windows.SDK.NET.Ref
                           RuntimePackAlwaysCopyLocal = true
                           TargetFramework = net7.0-windows10.0.17763.0
                           DefaultRuntimeFrameworkVersion = 10.0.17763.29
                           TargetingPackName = Microsoft.Windows.SDK.NET.Ref
                           IsWindowsOnly = true
                           LatestRuntimeFrameworkVersion = 10.0.17763.29
                           RuntimePackRuntimeIdentifiers = any
                           RuntimePackNamePatterns = Microsoft.Windows.SDK.NET.Ref
                           TargetingPackVersion = 10.0.17763.29
                           RuntimeFrameworkName = Microsoft.Windows.SDK.NET.Ref
                       Microsoft.Windows.SDK.NET.Ref
                           RuntimePackAlwaysCopyLocal = true
                           TargetFramework = net6.0-windows10.0.17763.0
                           DefaultRuntimeFrameworkVersion = 10.0.17763.29
                           TargetingPackName = Microsoft.Windows.SDK.NET.Ref
                           IsWindowsOnly = true
                           LatestRuntimeFrameworkVersion = 10.0.17763.29
                           RuntimePackRuntimeIdentifiers = any
                           RuntimePackNamePatterns = Microsoft.Windows.SDK.NET.Ref
                           TargetingPackVersion = 10.0.17763.29
                           RuntimeFrameworkName = Microsoft.Windows.SDK.NET.Ref
                       Microsoft.Windows.SDK.NET.Ref
                           RuntimePackAlwaysCopyLocal = true
                           TargetFramework = net6.0-windows10.0.18362.0
                           DefaultRuntimeFrameworkVersion = 10.0.18362.29
                           TargetingPackName = Microsoft.Windows.SDK.NET.Ref
                           IsWindowsOnly = true
                           LatestRuntimeFrameworkVersion = 10.0.18362.29
                           RuntimePackRuntimeIdentifiers = any
                           RuntimePackNamePatterns = Microsoft.Windows.SDK.NET.Ref
                           TargetingPackVersion = 10.0.18362.29
                           RuntimeFrameworkName = Microsoft.Windows.SDK.NET.Ref
                       Microsoft.Windows.SDK.NET.Ref
                           RuntimePackAlwaysCopyLocal = true
                           TargetFramework = net6.0-windows10.0.19041.0
                           DefaultRuntimeFrameworkVersion = 10.0.19041.29
                           TargetingPackName = Microsoft.Windows.SDK.NET.Ref
                           IsWindowsOnly = true
                           LatestRuntimeFrameworkVersion = 10.0.19041.29
                           RuntimePackRuntimeIdentifiers = any
                           RuntimePackNamePatterns = Microsoft.Windows.SDK.NET.Ref
                           TargetingPackVersion = 10.0.19041.29
                           RuntimeFrameworkName = Microsoft.Windows.SDK.NET.Ref
                       Microsoft.Windows.SDK.NET.Ref
                           RuntimePackAlwaysCopyLocal = true
                           TargetFramework = net5.0-windows10.0.18362.0
                           DefaultRuntimeFrameworkVersion = 10.0.18362.29
                           TargetingPackName = Microsoft.Windows.SDK.NET.Ref
                           IsWindowsOnly = true
                           LatestRuntimeFrameworkVersion = 10.0.18362.29
                           RuntimePackRuntimeIdentifiers = any
                           RuntimePackNamePatterns = Microsoft.Windows.SDK.NET.Ref
                           TargetingPackVersion = 10.0.18362.29
                           RuntimeFrameworkName = Microsoft.Windows.SDK.NET.Ref
                       Microsoft.Windows.SDK.NET.Ref
                           RuntimePackAlwaysCopyLocal = true
                           TargetFramework = net7.0-windows10.0.19041.0
                           DefaultRuntimeFrameworkVersion = 10.0.19041.29
                           TargetingPackName = Microsoft.Windows.SDK.NET.Ref
                           IsWindowsOnly = true
                           LatestRuntimeFrameworkVersion = 10.0.19041.29
                           RuntimePackRuntimeIdentifiers = any
                           RuntimePackNamePatterns = Microsoft.Windows.SDK.NET.Ref
                           TargetingPackVersion = 10.0.19041.29
                           RuntimeFrameworkName = Microsoft.Windows.SDK.NET.Ref
                       Microsoft.WindowsDesktop.App
                           TargetFramework = netcoreapp3.1
                           DefaultRuntimeFrameworkVersion = 3.1.0
                           TargetingPackName = Microsoft.WindowsDesktop.App.Ref
                           IsWindowsOnly = true
                           LatestRuntimeFrameworkVersion = 3.1.32
                           RuntimePackRuntimeIdentifiers = win-x64;win-x86
                           RuntimePackNamePatterns = Microsoft.WindowsDesktop.App.Runtime.**RID**
                           TargetingPackVersion = 3.1.0
                           RuntimeFrameworkName = Microsoft.WindowsDesktop.App
                       Microsoft.WindowsDesktop.App
                           TargetFramework = netcoreapp3.0
                           DefaultRuntimeFrameworkVersion = 3.0.0
                           TargetingPackName = Microsoft.WindowsDesktop.App.Ref
                           IsWindowsOnly = true
                           LatestRuntimeFrameworkVersion = 3.0.3
                           RuntimePackRuntimeIdentifiers = win-x64;win-x86
                           RuntimePackNamePatterns = Microsoft.WindowsDesktop.App.Runtime.**RID**
                           TargetingPackVersion = 3.0.0
                           RuntimeFrameworkName = Microsoft.WindowsDesktop.App
                       Microsoft.WindowsDesktop.App
                           TargetFramework = net5.0
                           DefaultRuntimeFrameworkVersion = 5.0.0
                           TargetingPackName = Microsoft.WindowsDesktop.App.Ref
                           IsWindowsOnly = true
                           LatestRuntimeFrameworkVersion = 5.0.17
                           RuntimePackRuntimeIdentifiers = win-x64;win-x86;win-arm64
                           RuntimePackNamePatterns = Microsoft.WindowsDesktop.App.Runtime.**RID**
                           TargetingPackVersion = 5.0.0
                           RuntimeFrameworkName = Microsoft.WindowsDesktop.App
                       Microsoft.WindowsDesktop.App
                           TargetFramework = net6.0
                           DefaultRuntimeFrameworkVersion = 6.0.0
                           TargetingPackName = Microsoft.WindowsDesktop.App.Ref
                           IsWindowsOnly = true
                           LatestRuntimeFrameworkVersion = 6.0.23
                           RuntimePackRuntimeIdentifiers = win-x64;win-x86;win-arm64
                           RuntimePackNamePatterns = Microsoft.WindowsDesktop.App.Runtime.**RID**
                           TargetingPackVersion = 6.0.23
                           RuntimeFrameworkName = Microsoft.WindowsDesktop.App
                       Microsoft.WindowsDesktop.App
                           TargetFramework = net7.0
                           DefaultRuntimeFrameworkVersion = 7.0.0
                           TargetingPackName = Microsoft.WindowsDesktop.App.Ref
                           IsWindowsOnly = true
                           LatestRuntimeFrameworkVersion = 7.0.12
                           RuntimePackRuntimeIdentifiers = win-x64;win-x86;win-arm64
                           RuntimePackNamePatterns = Microsoft.WindowsDesktop.App.Runtime.**RID**
                           TargetingPackVersion = 7.0.12
                           RuntimeFrameworkName = Microsoft.WindowsDesktop.App
                       Microsoft.WindowsDesktop.App.WindowsForms
                           TargetFramework = net6.0
                           DefaultRuntimeFrameworkVersion = 6.0.0
                           TargetingPackName = Microsoft.WindowsDesktop.App.Ref
                           IsWindowsOnly = true
                           LatestRuntimeFrameworkVersion = 6.0.23
                           RuntimePackRuntimeIdentifiers = win-x64;win-x86;win-arm64
                           RuntimePackNamePatterns = Microsoft.WindowsDesktop.App.Runtime.**RID**
                           TargetingPackVersion = 6.0.23
                           Profile = WindowsForms
                           RuntimeFrameworkName = Microsoft.WindowsDesktop.App
                       Microsoft.WindowsDesktop.App.WindowsForms
                           TargetFramework = netcoreapp3.1
                           DefaultRuntimeFrameworkVersion = 3.1.0
                           TargetingPackName = Microsoft.WindowsDesktop.App.Ref
                           IsWindowsOnly = true
                           LatestRuntimeFrameworkVersion = 3.1.32
                           RuntimePackRuntimeIdentifiers = win-x64;win-x86
                           RuntimePackNamePatterns = Microsoft.WindowsDesktop.App.Runtime.**RID**
                           TargetingPackVersion = 3.1.0
                           Profile = WindowsForms
                           RuntimeFrameworkName = Microsoft.WindowsDesktop.App
                       Microsoft.WindowsDesktop.App.WindowsForms
                           TargetFramework = net7.0
                           DefaultRuntimeFrameworkVersion = 7.0.0
                           TargetingPackName = Microsoft.WindowsDesktop.App.Ref
                           IsWindowsOnly = true
                           LatestRuntimeFrameworkVersion = 7.0.12
                           RuntimePackRuntimeIdentifiers = win-x64;win-x86;win-arm64
                           RuntimePackNamePatterns = Microsoft.WindowsDesktop.App.Runtime.**RID**
                           TargetingPackVersion = 7.0.12
                           Profile = WindowsForms
                           RuntimeFrameworkName = Microsoft.WindowsDesktop.App
                       Microsoft.WindowsDesktop.App.WindowsForms
                           TargetFramework = netcoreapp3.0
                           DefaultRuntimeFrameworkVersion = 3.0.0
                           TargetingPackName = Microsoft.WindowsDesktop.App.Ref
                           IsWindowsOnly = true
                           LatestRuntimeFrameworkVersion = 3.0.3
                           RuntimePackRuntimeIdentifiers = win-x64;win-x86
                           RuntimePackNamePatterns = Microsoft.WindowsDesktop.App.Runtime.**RID**
                           TargetingPackVersion = 3.0.0
                           Profile = WindowsForms
                           RuntimeFrameworkName = Microsoft.WindowsDesktop.App
                       Microsoft.WindowsDesktop.App.WindowsForms
                           TargetFramework = net5.0
                           DefaultRuntimeFrameworkVersion = 5.0.0
                           TargetingPackName = Microsoft.WindowsDesktop.App.Ref
                           IsWindowsOnly = true
                           LatestRuntimeFrameworkVersion = 5.0.17
                           RuntimePackRuntimeIdentifiers = win-x64;win-x86;win-arm64
                           RuntimePackNamePatterns = Microsoft.WindowsDesktop.App.Runtime.**RID**
                           TargetingPackVersion = 5.0.0
                           Profile = WindowsForms
                           RuntimeFrameworkName = Microsoft.WindowsDesktop.App
                       Microsoft.WindowsDesktop.App.WPF
                           TargetFramework = net5.0
                           DefaultRuntimeFrameworkVersion = 5.0.0
                           TargetingPackName = Microsoft.WindowsDesktop.App.Ref
                           IsWindowsOnly = true
                           LatestRuntimeFrameworkVersion = 5.0.17
                           RuntimePackRuntimeIdentifiers = win-x64;win-x86;win-arm64
                           RuntimePackNamePatterns = Microsoft.WindowsDesktop.App.Runtime.**RID**
                           TargetingPackVersion = 5.0.0
                           Profile = WPF
                           RuntimeFrameworkName = Microsoft.WindowsDesktop.App
                       Microsoft.WindowsDesktop.App.WPF
                           TargetFramework = net6.0
                           DefaultRuntimeFrameworkVersion = 6.0.0
                           TargetingPackName = Microsoft.WindowsDesktop.App.Ref
                           IsWindowsOnly = true
                           LatestRuntimeFrameworkVersion = 6.0.23
                           RuntimePackRuntimeIdentifiers = win-x64;win-x86;win-arm64
                           RuntimePackNamePatterns = Microsoft.WindowsDesktop.App.Runtime.**RID**
                           TargetingPackVersion = 6.0.23
                           Profile = WPF
                           RuntimeFrameworkName = Microsoft.WindowsDesktop.App
                       Microsoft.WindowsDesktop.App.WPF
                           TargetFramework = netcoreapp3.1
                           DefaultRuntimeFrameworkVersion = 3.1.0
                           TargetingPackName = Microsoft.WindowsDesktop.App.Ref
                           IsWindowsOnly = true
                           LatestRuntimeFrameworkVersion = 3.1.32
                           RuntimePackRuntimeIdentifiers = win-x64;win-x86
                           RuntimePackNamePatterns = Microsoft.WindowsDesktop.App.Runtime.**RID**
                           TargetingPackVersion = 3.1.0
                           Profile = WPF
                           RuntimeFrameworkName = Microsoft.WindowsDesktop.App
                       Microsoft.WindowsDesktop.App.WPF
                           TargetFramework = net7.0
                           DefaultRuntimeFrameworkVersion = 7.0.0
                           TargetingPackName = Microsoft.WindowsDesktop.App.Ref
                           IsWindowsOnly = true
                           LatestRuntimeFrameworkVersion = 7.0.12
                           RuntimePackRuntimeIdentifiers = win-x64;win-x86;win-arm64
                           RuntimePackNamePatterns = Microsoft.WindowsDesktop.App.Runtime.**RID**
                           TargetingPackVersion = 7.0.12
                           Profile = WPF
                           RuntimeFrameworkName = Microsoft.WindowsDesktop.App
                       Microsoft.WindowsDesktop.App.WPF
                           TargetFramework = netcoreapp3.0
                           DefaultRuntimeFrameworkVersion = 3.0.0
                           TargetingPackName = Microsoft.WindowsDesktop.App.Ref
                           IsWindowsOnly = true
                           LatestRuntimeFrameworkVersion = 3.0.3
                           RuntimePackRuntimeIdentifiers = win-x64;win-x86
                           RuntimePackNamePatterns = Microsoft.WindowsDesktop.App.Runtime.**RID**
                           TargetingPackVersion = 3.0.0
                           Profile = WPF
                           RuntimeFrameworkName = Microsoft.WindowsDesktop.App
                       NETStandard.Library
                           TargetFramework = netstandard2.1
                           TargetingPackName = NETStandard.Library.Ref
                           TargetingPackVersion = 2.1.0
                   KnownILCompilerPack
                       Microsoft.DotNet.ILCompiler
                           ILCompilerPackNamePattern = runtime.**RID**.Microsoft.DotNet.ILCompiler
                           TargetFramework = net7.0
                           ILCompilerPackVersion = 7.0.12
                           ILCompilerRuntimeIdentifiers = linux-musl-x64;linux-x64;win-x64;linux-arm;linux-arm64;linux-musl-arm;linux-musl-arm64;osx-arm64;osx-x64;win-arm;win-arm64;win-x86
                   KnownRuntimePack
                       Microsoft.NETCore.App
                           TargetFramework = net7.0
                           LatestRuntimeFrameworkVersion = 7.0.12
                           RuntimePackRuntimeIdentifiers = linux-arm;linux-arm64;linux-musl-arm64;linux-musl-x64;linux-x64;osx-x64;rhel.6-x64;win-arm;win-arm64;win-x64;win-x86;linux-musl-arm;osx-arm64;maccatalyst-x64;maccatalyst-arm64;linux-s390x;linux-bionic-arm;linux-bionic-arm64;linux-bionic-x64;linux-bionic-x86;linux-ppc64le;browser-wasm;ios-arm64;ios-arm;iossimulator-arm64;iossimulator-x64;iossimulator-x86;tvos-arm64;tvossimulator-arm64;tvossimulator-x64;android-arm64;android-arm;android-x64;android-x86
                           RuntimePackNamePatterns = Microsoft.NETCore.App.Runtime.Mono.**RID**
                           RuntimePackLabels = Mono
                           RuntimeFrameworkName = Microsoft.NETCore.App
                       Microsoft.NETCore.App
                           TargetFramework = net6.0
                           LatestRuntimeFrameworkVersion = 6.0.23
                           RuntimePackRuntimeIdentifiers = linux-arm;linux-arm64;linux-musl-arm64;linux-musl-x64;linux-x64;osx-x64;rhel.6-x64;win-arm;win-arm64;win-x64;win-x86;linux-musl-arm;osx-arm64;maccatalyst-x64;maccatalyst-arm64;linux-s390x;linux-bionic-arm;linux-bionic-arm64;linux-bionic-x64;linux-bionic-x86;linux-ppc64le;browser-wasm;ios-arm64;ios-arm;iossimulator-arm64;iossimulator-x64;iossimulator-x86;tvos-arm64;tvossimulator-arm64;tvossimulator-x64;android-arm64;android-arm;android-x64;android-x86
                           RuntimePackNamePatterns = Microsoft.NETCore.App.Runtime.Mono.**RID**
                           RuntimePackLabels = Mono
                           RuntimeFrameworkName = Microsoft.NETCore.App
                   PackageConflictOverrides
                       NETStandard.Library
                           OverriddenPackages = 
                           Microsoft.Win32.Primitives|4.3.0;
                           System.AppContext|4.3.0;
                           System.Collections|4.3.0;
                           System.Collections.Concurrent|4.3.0;
                           System.Collections.Immutable|1.4.0;
                           System.Collections.NonGeneric|4.3.0;
                           System.Collections.Specialized|4.3.0;
                           System.ComponentModel|4.3.0;
                           System.ComponentModel.EventBasedAsync|4.3.0;
                           System.ComponentModel.Primitives|4.3.0;
                           System.ComponentModel.TypeConverter|4.3.0;
                           System.Console|4.3.0;
                           System.Data.Common|4.3.0;
                           System.Diagnostics.Contracts|4.3.0;
                           System.Diagnostics.Debug|4.3.0;
                           System.Diagnostics.FileVersionInfo|4.3.0;
                           System.Diagnostics.Process|4.3.0;
                           System.Diagnostics.StackTrace|4.3.0;
                           System.Diagnostics.TextWriterTraceListener|4.3.0;
                           System.Diagnostics.Tools|4.3.0;
                           System.Diagnostics.TraceSource|4.3.0;
                           System.Diagnostics.Tracing|4.3.0;
                           System.Dynamic.Runtime|4.3.0;
                           System.Globalization|4.3.0;
                           System.Globalization.Calendars|4.3.0;
                           System.Globalization.Extensions|4.3.0;
                           System.IO|4.3.0;
                           System.IO.Compression|4.3.0;
                           System.IO.Compression.ZipFile|4.3.0;
                           System.IO.FileSystem|4.3.0;
                           System.IO.FileSystem.DriveInfo|4.3.0;
                           System.IO.FileSystem.Primitives|4.3.0;
                           System.IO.FileSystem.Watcher|4.3.0;
                           System.IO.IsolatedStorage|4.3.0;
                           System.IO.MemoryMappedFiles|4.3.0;
                           System.IO.Pipes|4.3.0;
                           System.IO.UnmanagedMemoryStream|4.3.0;
                           System.Linq|4.3.0;
                           System.Linq.Expressions|4.3.0;
                           System.Linq.Queryable|4.3.0;
                           System.Net.Http|4.3.0;
                           System.Net.NameResolution|4.3.0;
                           System.Net.Primitives|4.3.0;
                           System.Net.Requests|4.3.0;
                           System.Net.Security|4.3.0;
                           System.Net.Sockets|4.3.0;
                           System.Net.WebHeaderCollection|4.3.0;
                           System.ObjectModel|4.3.0;
                           System.Private.DataContractSerialization|4.3.0;
                           System.Reflection|4.3.0;
                           System.Reflection.Emit|4.3.0;
                           System.Reflection.Emit.ILGeneration|4.3.0;
                           System.Reflection.Emit.Lightweight|4.3.0;
                           System.Reflection.Extensions|4.3.0;
                           System.Reflection.Primitives|4.3.0;
                           System.Reflection.TypeExtensions|4.3.0;
                           System.Resources.ResourceManager|4.3.0;
                           System.Runtime|4.3.0;
                           System.Runtime.Extensions|4.3.0;
                           System.Runtime.Handles|4.3.0;
                           System.Runtime.InteropServices|4.3.0;
                           System.Runtime.InteropServices.RuntimeInformation|4.3.0;
                           System.Runtime.Loader|4.3.0;
                           System.Runtime.Numerics|4.3.0;
                           System.Runtime.Serialization.Formatters|4.3.0;
                           System.Runtime.Serialization.Json|4.3.0;
                           System.Runtime.Serialization.Primitives|4.3.0;
                           System.Security.AccessControl|4.4.0;
                           System.Security.Claims|4.3.0;
                           System.Security.Cryptography.Algorithms|4.3.0;
                           System.Security.Cryptography.Csp|4.3.0;
                           System.Security.Cryptography.Encoding|4.3.0;
                           System.Security.Cryptography.Primitives|4.3.0;
                           System.Security.Cryptography.X509Certificates|4.3.0;
                           System.Security.Cryptography.Xml|4.4.0;
                           System.Security.Principal|4.3.0;
                           System.Security.Principal.Windows|4.4.0;
                           System.Text.Encoding|4.3.0;
                           System.Text.Encoding.Extensions|4.3.0;
                           System.Text.RegularExpressions|4.3.0;
                           System.Threading|4.3.0;
                           System.Threading.Overlapped|4.3.0;
                           System.Threading.Tasks|4.3.0;
                           System.Threading.Tasks.Extensions|4.3.0;
                           System.Threading.Tasks.Parallel|4.3.0;
                           System.Threading.Thread|4.3.0;
                           System.Threading.ThreadPool|4.3.0;
                           System.Threading.Timer|4.3.0;
                           System.ValueTuple|4.3.0;
                           System.Xml.ReaderWriter|4.3.0;
                           System.Xml.XDocument|4.3.0;
                           System.Xml.XmlDocument|4.3.0;
                           System.Xml.XmlSerializer|4.3.0;
                           System.Xml.XPath|4.3.0;
                           System.Xml.XPath.XDocument|4.3.0;
                         
                   PotentialEditorConfigFiles
                       E:\.editorconfig
                       E:\Unity\.editorconfig
                       E:\Unity\LH Editor_Refactoring\.editorconfig
                       E:\Unity\LH Editor_Refactoring\tools\.editorconfig
                       E:\Unity\LH Editor_Refactoring\tools\FurnitureAuthoringTool\.editorconfig
                       E:\Unity\LH Editor_Refactoring\tools\FurnitureAuthoringTool\src\.editorconfig
                       E:\Unity\LH Editor_Refactoring\tools\FurnitureAuthoringTool\src\FurnitureAuthoring.Application\.editorconfig
                       E:\Unity\LH Editor_Refactoring\tools\FurnitureAuthoringTool\src\FurnitureAuthoring.Application\Abstractions\.editorconfig
                       E:\Unity\LH Editor_Refactoring\tools\FurnitureAuthoringTool\src\FurnitureAuthoring.Application\Models\.editorconfig
                       E:\Unity\LH Editor_Refactoring\tools\FurnitureAuthoringTool\src\FurnitureAuthoring.Application\Services\.editorconfig
                   PreprocessorValue
                       assemblyname
                           Value = FurnitureAuthoring.Application
                       filename
                           Value = FurnitureAuthoring.Application.csproj
                       fullpath
                           Value = E:\Unity\LH Editor_Refactoring\tools\FurnitureAuthoringTool\src\FurnitureAuthoring.Application
                       outputfilename
                           Value = FurnitureAuthoring.Application.dll
                       rootnamespace
                           Value = FurnitureAuthoring.Application
                   ProjectCapability
                       AllTargetOutputGroups
                       AssemblyReferences
                       BuildWindowsDesktopTarget
                       COMReferences
                       CSharp
                       DeclaredSourceItems
                       GenerateDocumentationFile
                       LanguageService
                       Managed
                       OutputGroups
                       Pack
                       ProjectReferences
                       ReferencesFolder
                       RelativePathDerivedDefaultNamespace
                       SharedProjectReferences
                       SingleFileGenerators
                       SupportsHotReload
                       UserSourceItems
                       VisualStudioWellKnownOutputGroups
                   ProjectReference
                       ..\FurnitureAuthoring.Contracts\FurnitureAuthoring.Contracts.csproj
                           ReferenceSourceTarget = ProjectReference
                           OutputItemType = 
                           Targets = 
                       ..\FurnitureAuthoring.Domain\FurnitureAuthoring.Domain.csproj
                           ReferenceSourceTarget = ProjectReference
                           OutputItemType = 
                           Targets = 
                   PropertyPageSchema
                       C:\Program Files\dotnet\sdk\7.0.402\\assemblyreference.xaml
                           Context = ;BrowseObject
                       C:\Program Files\dotnet\sdk\7.0.402\\COMReference.xaml
                           Context = ;BrowseObject
                       C:\Program Files\dotnet\sdk\7.0.402\\Content.xaml
                           Context = File;BrowseObject
                       C:\Program Files\dotnet\sdk\7.0.402\\CSharp.BrowseObject.xaml
                           Context = BrowseObject
                       C:\Program Files\dotnet\sdk\7.0.402\\CSharp.ProjectItemsSchema.xaml
                       C:\Program Files\dotnet\sdk\7.0.402\\CSharp.xaml
                           Context = File
                       C:\Program Files\dotnet\sdk\7.0.402\\Debugger_General.xaml
                           Context = Project
                       C:\Program Files\dotnet\sdk\7.0.402\\EmbeddedResource.xaml
                           Context = File;BrowseObject
                       C:\Program Files\dotnet\sdk\7.0.402\\Folder.xaml
                           Context = File;BrowseObject
                       C:\Program Files\dotnet\sdk\7.0.402\\General_File.xaml
                           Context = File
                       C:\Program Files\dotnet\sdk\7.0.402\\General.BrowseObject.xaml
                           Context = BrowseObject
                       C:\Program Files\dotnet\sdk\7.0.402\\General.xaml
                           Context = Project
                       C:\Program Files\dotnet\sdk\7.0.402\\None.xaml
                           Context = File;BrowseObject
                       C:\Program Files\dotnet\sdk\7.0.402\\ProjectItemsSchema.xaml
                       C:\Program Files\dotnet\sdk\7.0.402\\ProjectReference.xaml
                           Context = ;BrowseObject
                       C:\Program Files\dotnet\sdk\7.0.402\\ResolvedAssemblyReference.xaml
                           Context = ProjectSubscriptionService;BrowseObject
                       C:\Program Files\dotnet\sdk\7.0.402\\ResolvedCOMReference.xaml
                           Context = ProjectSubscriptionService;BrowseObject
                       C:\Program Files\dotnet\sdk\7.0.402\\ResolvedProjectReference.xaml
                           Context = ProjectSubscriptionService;BrowseObject
                       C:\Program Files\dotnet\sdk\7.0.402\\SCC.xaml
                           Context = Invisible
                       C:\Program Files\dotnet\sdk\7.0.402\\SpecialFolder.xaml
                           Context = File;ProjectSubscriptionService
                   RegFreeComManifest
                       obj\Debug\net7.0-windows\FurnitureAuthoring.Application.X.manifest
                   SdkSupportedTargetPlatformIdentifier
                       android
                           DisplayName = Android
                       ios
                           DisplayName = iOS
                       maccatalyst
                           DisplayName = Mac Catalyst
                       macos
                           DisplayName = macOS
                       tvos
                           DisplayName = tvOS
                       windows
                           DisplayName = Windows
                   SdkSupportedTargetPlatformVersion
                       10.0.17763.0
                           WindowsSdkPackageVersion = 10.0.17763.29
                           MinimumNETVersion = 6.0
                       10.0.17763.0
                           WindowsSdkPackageVersion = 10.0.17763.26
                           MinimumNETVersion = 5.0
                       10.0.18362.0
                           WindowsSdkPackageVersion = 10.0.18362.29
                           MinimumNETVersion = 6.0
                       10.0.18362.0
                           WindowsSdkPackageVersion = 10.0.18362.26
                           MinimumNETVersion = 5.0
                       10.0.19041.0
                           WindowsSdkPackageVersion = 10.0.19041.29
                           MinimumNETVersion = 6.0
                       10.0.19041.0
                           WindowsSdkPackageVersion = 10.0.19041.26
                           MinimumNETVersion = 5.0
                       10.0.20348.0
                           WindowsSdkPackageVersion = 10.0.20348.29
                           MinimumNETVersion = 6.0
                       10.0.20348.0
                           WindowsSdkPackageVersion = 10.0.20348.26
                           MinimumNETVersion = 5.0
                       10.0.22000.0
                           WindowsSdkPackageVersion = 10.0.22000.29
                           MinimumNETVersion = 6.0
                       10.0.22000.0
                           WindowsSdkPackageVersion = 10.0.22000.26
                           MinimumNETVersion = 5.0
                       10.0.22621.0
                           WindowsSdkPackageVersion = 10.0.22621.29
                           MinimumNETVersion = 6.0
                       7.0
                       8.0
                   SupportedNETCoreAppTargetFramework
                       .NETCoreApp,Version=v1.0
                           DisplayName = .NET Core 1.0
                           Alias = netcoreapp1.0
                       .NETCoreApp,Version=v1.1
                           DisplayName = .NET Core 1.1
                           Alias = netcoreapp1.1
                       .NETCoreApp,Version=v2.0
                           DisplayName = .NET Core 2.0
                           Alias = netcoreapp2.0
                       .NETCoreApp,Version=v2.1
                           DisplayName = .NET Core 2.1
                           Alias = netcoreapp2.1
                       .NETCoreApp,Version=v2.2
                           DisplayName = .NET Core 2.2
                           Alias = netcoreapp2.2
                       .NETCoreApp,Version=v3.0
                           DisplayName = .NET Core 3.0
                           Alias = netcoreapp3.0
                       .NETCoreApp,Version=v3.1
                           DisplayName = .NET Core 3.1
                           Alias = netcoreapp3.1
                       .NETCoreApp,Version=v5.0
                           DisplayName = .NET 5.0
                           Alias = net5.0
                       .NETCoreApp,Version=v6.0
                           DisplayName = .NET 6.0
                           Alias = net6.0
                       .NETCoreApp,Version=v7.0
                           DisplayName = .NET 7.0
                           Alias = net7.0
                   SupportedNETFrameworkTargetFramework
                       .NETFramework,Version=v2.0
                           DisplayName = .NET Framework 2.0
                           Alias = net20
                       .NETFramework,Version=v3.0
                           DisplayName = .NET Framework 3.0
                           Alias = net30
                       .NETFramework,Version=v3.5
                           DisplayName = .NET Framework 3.5
                           Alias = net35
                       .NETFramework,Version=v4.0
                           DisplayName = .NET Framework 4.0
                           Alias = net40
                       .NETFramework,Version=v4.5
                           DisplayName = .NET Framework 4.5
                           Alias = net45
                       .NETFramework,Version=v4.5.1
                           DisplayName = .NET Framework 4.5.1
                           Alias = net451
                       .NETFramework,Version=v4.5.2
                           DisplayName = .NET Framework 4.5.2
                           Alias = net452
                       .NETFramework,Version=v4.6
                           DisplayName = .NET Framework 4.6
                           Alias = net46
                       .NETFramework,Version=v4.6.1
                           DisplayName = .NET Framework 4.6.1
                           Alias = net461
                       .NETFramework,Version=v4.6.2
                           DisplayName = .NET Framework 4.6.2
                           Alias = net462
                       .NETFramework,Version=v4.7
                           DisplayName = .NET Framework 4.7
                           Alias = net47
                       .NETFramework,Version=v4.7.1
                           DisplayName = .NET Framework 4.7.1
                           Alias = net471
                       .NETFramework,Version=v4.7.2
                           DisplayName = .NET Framework 4.7.2
                           Alias = net472
                       .NETFramework,Version=v4.8
                           DisplayName = .NET Framework 4.8
                           Alias = net48
                       .NETFramework,Version=v4.8.1
                           DisplayName = .NET Framework 4.8.1
                           Alias = net481
                   SupportedNETStandardTargetFramework
                       .NETStandard,Version=v1.0
                           DisplayName = .NET Standard 1.0
                           Alias = netstandard1.0
                       .NETStandard,Version=v1.1
                           DisplayName = .NET Standard 1.1
                           Alias = netstandard1.1
                       .NETStandard,Version=v1.2
                           DisplayName = .NET Standard 1.2
                           Alias = netstandard1.2
                       .NETStandard,Version=v1.3
                           DisplayName = .NET Standard 1.3
                           Alias = netstandard1.3
                       .NETStandard,Version=v1.4
                           DisplayName = .NET Standard 1.4
                           Alias = netstandard1.4
                       .NETStandard,Version=v1.5
                           DisplayName = .NET Standard 1.5
                           Alias = netstandard1.5
                       .NETStandard,Version=v1.6
                           DisplayName = .NET Standard 1.6
                           Alias = netstandard1.6
                       .NETStandard,Version=v2.0
                           DisplayName = .NET Standard 2.0
                           Alias = netstandard2.0
                       .NETStandard,Version=v2.1
                           DisplayName = .NET Standard 2.1
                           Alias = netstandard2.1
                   SupportedPlatform
                       Linux
                       macOS
                       Windows
                   SupportedTargetFramework
                       .NETCoreApp,Version=v1.0
                           DisplayName = .NET Core 1.0
                           Alias = netcoreapp1.0
                       .NETCoreApp,Version=v1.1
                           DisplayName = .NET Core 1.1
                           Alias = netcoreapp1.1
                       .NETCoreApp,Version=v2.0
                           DisplayName = .NET Core 2.0
                           Alias = netcoreapp2.0
                       .NETCoreApp,Version=v2.1
                           DisplayName = .NET Core 2.1
                           Alias = netcoreapp2.1
                       .NETCoreApp,Version=v2.2
                           DisplayName = .NET Core 2.2
                           Alias = netcoreapp2.2
                       .NETCoreApp,Version=v3.0
                           DisplayName = .NET Core 3.0
                           Alias = netcoreapp3.0
                       .NETCoreApp,Version=v3.1
                           DisplayName = .NET Core 3.1
                           Alias = netcoreapp3.1
                       .NETCoreApp,Version=v5.0
                           DisplayName = .NET 5.0
                           Alias = net5.0
                       .NETCoreApp,Version=v6.0
                           DisplayName = .NET 6.0
                           Alias = net6.0
                       .NETCoreApp,Version=v7.0
                           DisplayName = .NET 7.0
                           Alias = net7.0
                       .NETFramework,Version=v2.0
                           DisplayName = .NET Framework 2.0
                           Alias = net20
                       .NETFramework,Version=v3.0
                           DisplayName = .NET Framework 3.0
                           Alias = net30
                       .NETFramework,Version=v3.5
                           DisplayName = .NET Framework 3.5
                           Alias = net35
                       .NETFramework,Version=v4.0
                           DisplayName = .NET Framework 4.0
                           Alias = net40
                       .NETFramework,Version=v4.5
                           DisplayName = .NET Framework 4.5
                           Alias = net45
                       .NETFramework,Version=v4.5.1
                           DisplayName = .NET Framework 4.5.1
                           Alias = net451
                       .NETFramework,Version=v4.5.2
                           DisplayName = .NET Framework 4.5.2
                           Alias = net452
                       .NETFramework,Version=v4.6
                           DisplayName = .NET Framework 4.6
                           Alias = net46
                       .NETFramework,Version=v4.6.1
                           DisplayName = .NET Framework 4.6.1
                           Alias = net461
                       .NETFramework,Version=v4.6.2
                           DisplayName = .NET Framework 4.6.2
                           Alias = net462
                       .NETFramework,Version=v4.7
                           DisplayName = .NET Framework 4.7
                           Alias = net47
                       .NETFramework,Version=v4.7.1
                           DisplayName = .NET Framework 4.7.1
                           Alias = net471
                       .NETFramework,Version=v4.7.2
                           DisplayName = .NET Framework 4.7.2
                           Alias = net472
                       .NETFramework,Version=v4.8
                           DisplayName = .NET Framework 4.8
                           Alias = net48
                       .NETFramework,Version=v4.8.1
                           DisplayName = .NET Framework 4.8.1
                           Alias = net481
                       .NETStandard,Version=v1.0
                           DisplayName = .NET Standard 1.0
                           Alias = netstandard1.0
                       .NETStandard,Version=v1.1
                           DisplayName = .NET Standard 1.1
                           Alias = netstandard1.1
                       .NETStandard,Version=v1.2
                           DisplayName = .NET Standard 1.2
                           Alias = netstandard1.2
                       .NETStandard,Version=v1.3
                           DisplayName = .NET Standard 1.3
                           Alias = netstandard1.3
                       .NETStandard,Version=v1.4
                           DisplayName = .NET Standard 1.4
                           Alias = netstandard1.4
                       .NETStandard,Version=v1.5
                           DisplayName = .NET Standard 1.5
                           Alias = netstandard1.5
                       .NETStandard,Version=v1.6
                           DisplayName = .NET Standard 1.6
                           Alias = netstandard1.6
                       .NETStandard,Version=v2.0
                           DisplayName = .NET Standard 2.0
                           Alias = netstandard2.0
                       .NETStandard,Version=v2.1
                           DisplayName = .NET Standard 2.1
                           Alias = netstandard2.1
                   Using
                       System
                       System.Collections.Generic
                       System.IO
                       System.Linq
                       System.Net.Http
                       System.Threading
                       System.Threading.Tasks
                   WindowsSdkSupportedTargetPlatformVersion
                       10.0.17763.0
                           WindowsSdkPackageVersion = 10.0.17763.29
                           MinimumNETVersion = 6.0
                       10.0.17763.0
                           WindowsSdkPackageVersion = 10.0.17763.26
                           MinimumNETVersion = 5.0
                       10.0.18362.0
                           WindowsSdkPackageVersion = 10.0.18362.29
                           MinimumNETVersion = 6.0
                       10.0.18362.0
                           WindowsSdkPackageVersion = 10.0.18362.26
                           MinimumNETVersion = 5.0
                       10.0.19041.0
                           WindowsSdkPackageVersion = 10.0.19041.29
                           MinimumNETVersion = 6.0
                       10.0.19041.0
                           WindowsSdkPackageVersion = 10.0.19041.26
                           MinimumNETVersion = 5.0
                       10.0.20348.0
                           WindowsSdkPackageVersion = 10.0.20348.29
                           MinimumNETVersion = 6.0
                       10.0.20348.0
                           WindowsSdkPackageVersion = 10.0.20348.26
                           MinimumNETVersion = 5.0
                       10.0.22000.0
                           WindowsSdkPackageVersion = 10.0.22000.29
                           MinimumNETVersion = 6.0
                       10.0.22000.0
                           WindowsSdkPackageVersion = 10.0.22000.26
                           MinimumNETVersion = 5.0
                       10.0.22621.0
                           WindowsSdkPackageVersion = 10.0.22621.29
                           MinimumNETVersion = 6.0
                       7.0
                       8.0

16:19:02.891   1:3>"E:\Unity\LH Editor_Refactoring\tools\FurnitureAuthoringTool\src\FurnitureAuthoring.Tool\FurnitureAuthoring.Tool.csproj"(1:3) 프로젝트가 1 노드에서 "E:\Unity\LH Editor_Refactoring\tools\FurnitureAuthoringTool\src\FurnitureAuthoring.Application\FurnitureAuthoring.Application.csproj"(2)을(를) 빌드하고 있습니다(_GenerateRestoreProjectPathWalk 대상).
16:19:02.906     2>조건이 잘못되어 "_GenerateRestoreProjectPathItemsAllFrameworks" 대상을 건너뜁니다. ( '$(TargetFrameworks)' != '' )이(가) ( '' != '' )(으)로 확인되었습니다.
16:19:02.906     2>"E:\Unity\LH Editor_Refactoring\tools\FurnitureAuthoringTool\src\FurnitureAuthoring.Application\FurnitureAuthoring.Application.csproj" 프로젝트의 "C:\Program Files\dotnet\sdk\7.0.402\NuGet.targets" 파일에 있는 "_GenerateRestoreProjectPathItemsPerFramework: (대상 ID:10)" 대상("_GenerateRestoreProjectPathItemsCurrentProject" 대상이 종속됨):
                   "ConvertToAbsolutePath" 작업(작업 ID:10)
                     작업 매개 변수:
                         Paths=
                             E:\Unity\LH Editor_Refactoring\tools\FurnitureAuthoringTool\src\FurnitureAuthoring.Domain\FurnitureAuthoring.Domain.csproj
                                     OutputItemType=
                                     ReferenceSourceTarget=ProjectReference
                                     Targets=
                             E:\Unity\LH Editor_Refactoring\tools\FurnitureAuthoringTool\src\FurnitureAuthoring.Contracts\FurnitureAuthoring.Contracts.csproj
                                     OutputItemType=
                                     ReferenceSourceTarget=ProjectReference
                                     Targets=(작업 ID:10)
                     출력 속성: _RestoreGraphAbsoluteProjectPaths=E:\Unity\LH Editor_Refactoring\tools\FurnitureAuthoringTool\src\FurnitureAuthoring.Domain\FurnitureAuthoring.Domain.csproj;E:\Unity\LH Editor_Refactoring\tools\FurnitureAuthoringTool\src\FurnitureAuthoring.Contracts\FurnitureAuthoring.Contracts.csproj(작업 ID:10)
                   "ConvertToAbsolutePath" 작업을 실행했습니다.(작업 ID:10)
                   추가된 항목: 
                       _RestoreProjectPathItems=
                           E:\Unity\LH Editor_Refactoring\tools\FurnitureAuthoringTool\src\FurnitureAuthoring.Domain\FurnitureAuthoring.Domain.csproj
                           E:\Unity\LH Editor_Refactoring\tools\FurnitureAuthoringTool\src\FurnitureAuthoring.Contracts\FurnitureAuthoring.Contracts.csproj
16:19:02.907     2>"FurnitureAuthoring.Application.csproj" 프로젝트에 "_GenerateRestoreProjectPathItemsPerFramework" 대상을 빌드했습니다.: (대상 ID:10)
16:19:02.907     2>"E:\Unity\LH Editor_Refactoring\tools\FurnitureAuthoringTool\src\FurnitureAuthoring.Application\FurnitureAuthoring.Application.csproj" 프로젝트의 "C:\Program Files\dotnet\sdk\7.0.402\NuGet.targets" 파일에 있는 "_GenerateRestoreProjectPathItemsCurrentProject: (대상 ID:11)" 대상("_GenerateRestoreProjectPathItems" 대상이 종속됨):
16:19:02.907     2>"FurnitureAuthoring.Application.csproj" 프로젝트에 "_GenerateRestoreProjectPathItemsCurrentProject" 대상을 빌드했습니다.: (대상 ID:11)
16:19:02.907     2>"E:\Unity\LH Editor_Refactoring\tools\FurnitureAuthoringTool\src\FurnitureAuthoring.Application\FurnitureAuthoring.Application.csproj" 프로젝트의 "C:\Program Files\dotnet\sdk\7.0.402\NuGet.targets" 파일에 있는 "_GenerateRestoreProjectPathItems: (대상 ID:12)" 대상("_GenerateRestoreProjectPathWalk" 대상이 종속됨):
                   "RemoveDuplicates" 작업(작업 ID:11)
                     출력 항목: 
                         _CurrentRestoreProjectPathItems=
                             E:\Unity\LH Editor_Refactoring\tools\FurnitureAuthoringTool\src\FurnitureAuthoring.Domain\FurnitureAuthoring.Domain.csproj
                             E:\Unity\LH Editor_Refactoring\tools\FurnitureAuthoringTool\src\FurnitureAuthoring.Contracts\FurnitureAuthoring.Contracts.csproj(작업 ID:11)
                   "RemoveDuplicates" 작업을 실행했습니다.(작업 ID:11)
16:19:02.907     2>"FurnitureAuthoring.Application.csproj" 프로젝트에 "_GenerateRestoreProjectPathItems" 대상을 빌드했습니다.: (대상 ID:12)
16:19:02.907     2>"E:\Unity\LH Editor_Refactoring\tools\FurnitureAuthoringTool\src\FurnitureAuthoring.Application\FurnitureAuthoring.Application.csproj" 프로젝트의 "C:\Program Files\dotnet\sdk\7.0.402\NuGet.targets" 파일에 있는 "_GenerateRestoreProjectPathWalk: (대상 ID:13)" 대상(진입점):
                   "MSBuild" 작업(작업 ID:12)
                     작업 매개 변수:Targets=_GenerateRestoreProjectPathWalk(작업 ID:12)
                     작업 매개 변수:BuildInParallel=True(작업 ID:12)
                     작업 매개 변수:
                         Projects=
                             E:\Unity\LH Editor_Refactoring\tools\FurnitureAuthoringTool\src\FurnitureAuthoring.Domain\FurnitureAuthoring.Domain.csproj
                             E:\Unity\LH Editor_Refactoring\tools\FurnitureAuthoringTool\src\FurnitureAuthoring.Contracts\FurnitureAuthoring.Contracts.csproj(작업 ID:12)
                     작업 매개 변수:SkipNonexistentTargets=True(작업 ID:12)
                     작업 매개 변수:SkipNonexistentProjects=true(작업 ID:12)
                     작업 매개 변수:Properties=ExcludeRestorePackageImports=true(작업 ID:12)
                     전역 속성:(작업 ID:12)
                       ExcludeRestorePackageImports=true(작업 ID:12)
16:19:04.266     1>"MSBuild" 작업을 실행했습니다. - 실패(작업 ID:6)
16:19:04.266   1:3>"MSBuild" 작업을 실행했습니다. - 실패(작업 ID:9)
16:19:04.266     2>"MSBuild" 작업을 실행했습니다. - 실패(작업 ID:12)
16:19:04.266     1>"FurnitureAuthoring.Tool.csproj" 프로젝트에 "_GetAllRestoreProjectPathItems" 대상을 빌드했습니다. - 실패: (대상 ID:5)
16:19:04.266   1:3>"FurnitureAuthoring.Tool.csproj" 프로젝트에 "_GenerateRestoreProjectPathWalk" 대상을 빌드했습니다. - 실패: (대상 ID:9)
16:19:04.266     2>"FurnitureAuthoring.Application.csproj" 프로젝트에 "_GenerateRestoreProjectPathWalk" 대상을 빌드했습니다. - 실패: (대상 ID:13)
16:19:04.267   1:3>"E:\Unity\LH Editor_Refactoring\tools\FurnitureAuthoringTool\src\FurnitureAuthoring.Tool\FurnitureAuthoring.Tool.csproj" 프로젝트를 빌드했습니다(_GenerateRestoreProjectPathWalk 대상). - 실패
16:19:04.267     2>"E:\Unity\LH Editor_Refactoring\tools\FurnitureAuthoringTool\src\FurnitureAuthoring.Application\FurnitureAuthoring.Application.csproj" 프로젝트를 빌드했습니다(_GenerateRestoreProjectPathWalk 대상). - 실패
16:19:04.267     1>"E:\Unity\LH Editor_Refactoring\tools\FurnitureAuthoringTool\src\FurnitureAuthoring.Tool\FurnitureAuthoring.Tool.csproj" 프로젝트를 빌드했습니다(Restore 대상). - 실패

빌드했습니다.
    경고 0개
    오류 0개

경과 시간: 00:00:01.80
